id,data_inversa,uf,br,municipio,causa_acidente,tipo_acidente,classificacao_acidente,fase_dia,condicao_metereologica,tipo_pista,uso_solo,tipo_veiculo,estado_fisico,idade,sexo
103995.0,2018-01-16,RN,101.0,CANGUARETAMA,Falta de Atenção à Condução,Colisão traseira,Com Vítimas Feridas,Pleno dia,Céu Claro,Dupla,Não,Bicicleta,Lesões Leves,13.0,Masculino
103995.0,2018-01-16,RN,101.0,CANGUARETAMA,Falta de Atenção à Condução,Colisão traseira,Com Vítimas Feridas,Pleno dia,Céu Claro,Dupla,Não,Bicicleta,Lesões Leves,14.0,Masculino
104075.0,2018-01-17,RN,304.0,MOSSORO,Falta de Atenção à Condução,Colisão transversal,Com Vítimas Feridas,Pleno dia,Céu Claro,Simples,Sim,Caminhão,Lesões Leves,46.0,Masculino
104075.0,2018-01-17,RN,304.0,MOSSORO,Falta de Atenção à Condução,Colisão transversal,Com Vítimas Feridas,Pleno dia,Céu Claro,Simples,Sim,Caminhão,Ileso,43.0,Masculino
104086.0,2018-01-17,RN,101.0,SAO GONCALO DO AMARANTE,Não guardar distância de segurança,Queda de ocupante de veículo,Com Vítimas Feridas,Pleno dia,Céu Claro,Dupla,Sim,Motocicleta,Lesões Graves,45.0,Masculino
104099.0,2018-01-17,RN,101.0,PARNAMIRIM,Ingestão de Álcool,Atropelamento de Pedestre,Com Vítimas Feridas,Pleno dia,Céu Claro,Dupla,Sim,Automóvel,Lesões Leves,,Masculino
104099.0,2018-01-17,RN,101.0,PARNAMIRIM,Ingestão de Álcool,Atropelamento de Pedestre,Com Vítimas Feridas,Pleno dia,Céu Claro,Dupla,Sim,Automóvel,Ileso,31.0,Masculino
104124.0,2018-01-17,RN,304.0,MOSSORO,Falta de Atenção à Condução,Colisão transversal,Com Vítimas Feridas,Pleno dia,Céu Claro,Simples,Não,Caminhão,Não Informado,,Não Informado
104124.0,2018-01-17,RN,304.0,MOSSORO,Falta de Atenção à Condução,Colisão transversal,Com Vítimas Feridas,Pleno dia,Céu Claro,Simples,Não,Motoneta,Lesões Graves,52.0,Masculino
104234.0,2018-01-17,RN,101.0,GOIANINHA,Falta de Atenção à Condução,Tombamento,Sem Vítimas,Plena Noite,Chuva,Dupla,Sim,Caminhonete,Ileso,37.0,Masculino
104234.0,2018-01-17,RN,101.0,GOIANINHA,Falta de Atenção à Condução,Tombamento,Sem Vítimas,Plena Noite,Chuva,Dupla,Sim,Caminhonete,Ileso,40.0,Masculino
104384.0,2018-01-18,RN,101.0,EXTREMOZ,Falta de Atenção à Condução,Colisão transversal,Com Vítimas Feridas,Pleno dia,Céu Claro,Simples,Não,Automóvel,Ileso,45.0,Masculino
104384.0,2018-01-18,RN,101.0,EXTREMOZ,Falta de Atenção à Condução,Colisão transversal,Com Vítimas Feridas,Pleno dia,Céu Claro,Simples,Não,Motocicleta,Lesões Graves,62.0,Masculino
104384.0,2018-01-18,RN,101.0,EXTREMOZ,Falta de Atenção à Condução,Colisão transversal,Com Vítimas Feridas,Pleno dia,Céu Claro,Simples,Não,Motocicleta,Lesões Graves,32.0,Masculino
104408.0,2018-01-18,RN,101.0,NATAL,Falta de Atenção à Condução,Atropelamento de Pedestre,Com Vítimas Feridas,Anoitecer,Chuva,Dupla,Sim,Motocicleta,Lesões Leves,36.0,Feminino
104408.0,2018-01-18,RN,101.0,NATAL,Falta de Atenção à Condução,Atropelamento de Pedestre,Com Vítimas Feridas,Anoitecer,Chuva,Dupla,Sim,Motocicleta,Ileso,29.0,Masculino
104664.0,2018-01-19,RN,304.0,MOSSORO,Pista Escorregadia,Colisão lateral,Sem Vítimas,Pleno dia,Chuva,Dupla,Não,Caminhonete,Ileso,31.0,Masculino
104664.0,2018-01-19,RN,304.0,MOSSORO,Pista Escorregadia,Colisão lateral,Sem Vítimas,Pleno dia,Chuva,Dupla,Não,Caminhonete,Ileso,33.0,Masculino
104717.0,2018-01-19,RN,101.0,SAO JOSE DE MIPIBU,Deficiência ou não Acionamento do Sistema de Iluminação/Sinalização do Veículo,Colisão traseira,Com Vítimas Feridas,Plena Noite,Nublado,Dupla,Sim,Automóvel,Ileso,29.0,Feminino
104717.0,2018-01-19,RN,101.0,SAO JOSE DE MIPIBU,Deficiência ou não Acionamento do Sistema de Iluminação/Sinalização do Veículo,Colisão traseira,Com Vítimas Feridas,Plena Noite,Nublado,Dupla,Sim,Caminhonete,Não Informado,,Não Informado
104717.0,2018-01-19,RN,101.0,SAO JOSE DE MIPIBU,Deficiência ou não Acionamento do Sistema de Iluminação/Sinalização do Veículo,Colisão traseira,Com Vítimas Feridas,Plena Noite,Nublado,Dupla,Sim,Automóvel,Lesões Leves,58.0,Feminino
104770.0,2018-01-20,RN,110.0,MOSSORO,Falta de Atenção à Condução,Colisão traseira,Sem Vítimas,Plena Noite,Céu Claro,Simples,Sim,Automóvel,Ileso,60.0,Masculino
104770.0,2018-01-20,RN,110.0,MOSSORO,Falta de Atenção à Condução,Colisão traseira,Sem Vítimas,Plena Noite,Céu Claro,Simples,Sim,Caminhão,Ileso,,Ignorado
104927.0,2018-01-20,RN,101.0,NATAL,Falta de Atenção à Condução,Colisão traseira,Com Vítimas Feridas,Pleno dia,Céu Claro,Dupla,Sim,Automóvel,Ileso,47.0,Feminino
104927.0,2018-01-20,RN,101.0,NATAL,Falta de Atenção à Condução,Colisão traseira,Com Vítimas Feridas,Pleno dia,Céu Claro,Dupla,Sim,Ciclomotor,Lesões Leves,54.0,Masculino
104984.0,2018-01-20,RN,101.0,NATAL,Ingestão de Álcool,Colisão transversal,Com Vítimas Feridas,Plena Noite,Céu Claro,Dupla,Sim,Automóvel,Não Informado,,Não Informado
104984.0,2018-01-20,RN,101.0,NATAL,Ingestão de Álcool,Colisão transversal,Com Vítimas Feridas,Plena Noite,Céu Claro,Dupla,Sim,Bicicleta,Lesões Graves,49.0,Masculino
105021.0,2018-01-20,RN,226.0,SANTA CRUZ,Ingestão de Álcool,Colisão frontal,Sem Vítimas,Plena Noite,Céu Claro,Simples,Sim,Automóvel,Não Informado,,Não Informado
105021.0,2018-01-20,RN,226.0,SANTA CRUZ,Ingestão de Álcool,Colisão frontal,Sem Vítimas,Plena Noite,Céu Claro,Simples,Sim,Motocicleta,Ileso,40.0,Feminino
105152.0,2018-01-21,RN,427.0,CAICO,Ultrapassagem Indevida,Colisão lateral,Sem Vítimas,Pleno dia,Céu Claro,Simples,Sim,Motocicleta,Não Informado,,Não Informado
105152.0,2018-01-21,RN,427.0,CAICO,Ultrapassagem Indevida,Colisão lateral,Sem Vítimas,Pleno dia,Céu Claro,Simples,Sim,Automóvel,Não Informado,,Não Informado
105152.0,2018-01-21,RN,427.0,CAICO,Ultrapassagem Indevida,Colisão lateral,Sem Vítimas,Pleno dia,Céu Claro,Simples,Sim,Automóvel,Ileso,55.0,Masculino
105152.0,2018-01-21,RN,427.0,CAICO,Ultrapassagem Indevida,Colisão lateral,Sem Vítimas,Pleno dia,Céu Claro,Simples,Sim,Motocicleta,Não Informado,,Não Informado
105199.0,2018-01-21,RN,110.0,UPANEMA,Falta de Atenção à Condução,Colisão transversal,Com Vítimas Feridas,Pleno dia,Céu Claro,Simples,Não,Automóvel,Ileso,57.0,Masculino
105199.0,2018-01-21,RN,110.0,UPANEMA,Falta de Atenção à Condução,Colisão transversal,Com Vítimas Feridas,Pleno dia,Céu Claro,Simples,Não,Motocicleta,Lesões Graves,55.0,Masculino
105236.0,2018-01-21,RN,226.0,FLORANIA,Não guardar distância de segurança,Colisão traseira,Com Vítimas Feridas,Pleno dia,Céu Claro,Simples,Sim,Motocicleta,Lesões Leves,,Feminino
105236.0,2018-01-21,RN,226.0,FLORANIA,Não guardar distância de segurança,Colisão traseira,Com Vítimas Feridas,Pleno dia,Céu Claro,Simples,Sim,Automóvel,Ileso,58.0,Masculino
105236.0,2018-01-21,RN,226.0,FLORANIA,Não guardar distância de segurança,Colisão traseira,Com Vítimas Feridas,Pleno dia,Céu Claro,Simples,Sim,Motocicleta,Lesões Graves,24.0,Masculino
105259.0,2018-01-21,RN,110.0,MOSSORO,Falta de Atenção à Condução,Engavetamento,Com Vítimas Feridas,Plena Noite,Céu Claro,Dupla,Sim,Automóvel,Ileso,76.0,Masculino
105259.0,2018-01-21,RN,110.0,MOSSORO,Falta de Atenção à Condução,Engavetamento,Com Vítimas Feridas,Plena Noite,Céu Claro,Dupla,Sim,Automóvel,Ileso,34.0,Masculino
105259.0,2018-01-21,RN,110.0,MOSSORO,Falta de Atenção à Condução,Engavetamento,Com Vítimas Feridas,Plena Noite,Céu Claro,Dupla,Sim,Automóvel,Lesões Graves,29.0,Masculino
105259.0,2018-01-21,RN,110.0,MOSSORO,Falta de Atenção à Condução,Engavetamento,Com Vítimas Feridas,Plena Noite,Céu Claro,Dupla,Sim,Automóvel,Lesões Graves,42.0,Feminino
105259.0,2018-01-21,RN,110.0,MOSSORO,Falta de Atenção à Condução,Engavetamento,Com Vítimas Feridas,Plena Noite,Céu Claro,Dupla,Sim,Automóvel,Ileso,53.0,Feminino
105259.0,2018-01-21,RN,110.0,MOSSORO,Falta de Atenção à Condução,Engavetamento,Com Vítimas Feridas,Plena Noite,Céu Claro,Dupla,Sim,Automóvel,Ileso,,Não Informado
105345.0,2018-01-22,RN,226.0,CAMPO REDONDO,Falta de Atenção à Condução,Colisão traseira,Com Vítimas Feridas,Plena Noite,Céu Claro,Simples,Não,Automóvel,Lesões Leves,56.0,Feminino
105345.0,2018-01-22,RN,226.0,CAMPO REDONDO,Falta de Atenção à Condução,Colisão traseira,Com Vítimas Feridas,Plena Noite,Céu Claro,Simples,Não,Automóvel,Lesões Leves,52.0,Feminino
105345.0,2018-01-22,RN,226.0,CAMPO REDONDO,Falta de Atenção à Condução,Colisão traseira,Com Vítimas Feridas,Plena Noite,Céu Claro,Simples,Não,Automóvel,Ileso,28.0,Feminino
105345.0,2018-01-22,RN,226.0,CAMPO REDONDO,Falta de Atenção à Condução,Colisão traseira,Com Vítimas Feridas,Plena Noite,Céu Claro,Simples,Não,Micro-ônibus,Ileso,44.0,Masculino
105345.0,2018-01-22,RN,226.0,CAMPO REDONDO,Falta de Atenção à Condução,Colisão traseira,Com Vítimas Feridas,Plena Noite,Céu Claro,Simples,Não,Micro-ônibus,Ileso,18.0,Feminino
105345.0,2018-01-22,RN,226.0,CAMPO REDONDO,Falta de Atenção à Condução,Colisão traseira,Com Vítimas Feridas,Plena Noite,Céu Claro,Simples,Não,Micro-ônibus,Lesões Graves,54.0,Masculino
105345.0,2018-01-22,RN,226.0,CAMPO REDONDO,Falta de Atenção à Condução,Colisão traseira,Com Vítimas Feridas,Plena Noite,Céu Claro,Simples,Não,Micro-ônibus,Ileso,3.0,Feminino
105345.0,2018-01-22,RN,226.0,CAMPO REDONDO,Falta de Atenção à Condução,Colisão traseira,Com Vítimas Feridas,Plena Noite,Céu Claro,Simples,Não,Micro-ônibus,Ileso,30.0,Feminino
105345.0,2018-01-22,RN,226.0,CAMPO REDONDO,Falta de Atenção à Condução,Colisão traseira,Com Vítimas Feridas,Plena Noite,Céu Claro,Simples,Não,Micro-ônibus,Ileso,27.0,Feminino
105345.0,2018-01-22,RN,226.0,CAMPO REDONDO,Falta de Atenção à Condução,Colisão traseira,Com Vítimas Feridas,Plena Noite,Céu Claro,Simples,Não,Micro-ônibus,Ileso,42.0,Masculino
105345.0,2018-01-22,RN,226.0,CAMPO REDONDO,Falta de Atenção à Condução,Colisão traseira,Com Vítimas Feridas,Plena Noite,Céu Claro,Simples,Não,Micro-ônibus,Ileso,31.0,Feminino
105345.0,2018-01-22,RN,226.0,CAMPO REDONDO,Falta de Atenção à Condução,Colisão traseira,Com Vítimas Feridas,Plena Noite,Céu Claro,Simples,Não,Micro-ônibus,Ileso,59.0,Feminino
105345.0,2018-01-22,RN,226.0,CAMPO REDONDO,Falta de Atenção à Condução,Colisão traseira,Com Vítimas Feridas,Plena Noite,Céu Claro,Simples,Não,Micro-ônibus,Ileso,36.0,Masculino
105345.0,2018-01-22,RN,226.0,CAMPO REDONDO,Falta de Atenção à Condução,Colisão traseira,Com Vítimas Feridas,Plena Noite,Céu Claro,Simples,Não,Micro-ônibus,Ileso,44.0,Masculino
105345.0,2018-01-22,RN,226.0,CAMPO REDONDO,Falta de Atenção à Condução,Colisão traseira,Com Vítimas Feridas,Plena Noite,Céu Claro,Simples,Não,Micro-ônibus,Ileso,25.0,Feminino
105345.0,2018-01-22,RN,226.0,CAMPO REDONDO,Falta de Atenção à Condução,Colisão traseira,Com Vítimas Feridas,Plena Noite,Céu Claro,Simples,Não,Micro-ônibus,Ileso,18.0,Feminino
105345.0,2018-01-22,RN,226.0,CAMPO REDONDO,Falta de Atenção à Condução,Colisão traseira,Com Vítimas Feridas,Plena Noite,Céu Claro,Simples,Não,Micro-ônibus,Ileso,29.0,Feminino
105345.0,2018-01-22,RN,226.0,CAMPO REDONDO,Falta de Atenção à Condução,Colisão traseira,Com Vítimas Feridas,Plena Noite,Céu Claro,Simples,Não,Micro-ônibus,Ileso,48.0,Feminino
105345.0,2018-01-22,RN,226.0,CAMPO REDONDO,Falta de Atenção à Condução,Colisão traseira,Com Vítimas Feridas,Plena Noite,Céu Claro,Simples,Não,Micro-ônibus,Ileso,45.0,Feminino
105345.0,2018-01-22,RN,226.0,CAMPO REDONDO,Falta de Atenção à Condução,Colisão traseira,Com Vítimas Feridas,Plena Noite,Céu Claro,Simples,Não,Automóvel,Lesões Graves,43.0,Masculino
105345.0,2018-01-22,RN,226.0,CAMPO REDONDO,Falta de Atenção à Condução,Colisão traseira,Com Vítimas Feridas,Plena Noite,Céu Claro,Simples,Não,Automóvel,Lesões Graves,55.0,Feminino
105345.0,2018-01-22,RN,226.0,CAMPO REDONDO,Falta de Atenção à Condução,Colisão traseira,Com Vítimas Feridas,Plena Noite,Céu Claro,Simples,Não,Micro-ônibus,Lesões Leves,23.0,Feminino
105395.0,2018-01-22,RN,304.0,PARNAMIRIM,Falta de Atenção à Condução,Colisão transversal,Com Vítimas Feridas,Pleno dia,Sol,Dupla,Não,Automóvel,Lesões Leves,28.0,Masculino
105395.0,2018-01-22,RN,304.0,PARNAMIRIM,Falta de Atenção à Condução,Colisão transversal,Com Vítimas Feridas,Pleno dia,Sol,Dupla,Não,Motocicleta,Lesões Graves,48.0,Masculino
105459.0,2018-01-22,RN,101.0,PARNAMIRIM,Não guardar distância de segurança,Colisão traseira,Com Vítimas Feridas,Pleno dia,Céu Claro,Dupla,Sim,Automóvel,Ileso,71.0,Masculino
105459.0,2018-01-22,RN,101.0,PARNAMIRIM,Não guardar distância de segurança,Colisão traseira,Com Vítimas Feridas,Pleno dia,Céu Claro,Dupla,Sim,Motocicleta,Lesões Leves,53.0,Masculino
105606.0,2018-01-23,RN,101.0,NATAL,Falta de Atenção à Condução,Colisão transversal,Com Vítimas Feridas,Pleno dia,Céu Claro,Dupla,Sim,Automóvel,Lesões Leves,31.0,Feminino
105606.0,2018-01-23,RN,101.0,NATAL,Falta de Atenção à Condução,Colisão transversal,Com Vítimas Feridas,Pleno dia,Céu Claro,Dupla,Sim,Automóvel,Lesões Leves,37.0,Masculino
105606.0,2018-01-23,RN,101.0,NATAL,Falta de Atenção à Condução,Colisão transversal,Com Vítimas Feridas,Pleno dia,Céu Claro,Dupla,Sim,Automóvel,Ileso,32.0,Masculino
105622.0,2018-01-23,RN,304.0,MACAIBA,Falta de Atenção à Condução,Colisão lateral,Com Vítimas Feridas,Pleno dia,Céu Claro,Simples,Sim,Motocicleta,Lesões Graves,4.0,Feminino
105622.0,2018-01-23,RN,304.0,MACAIBA,Falta de Atenção à Condução,Colisão lateral,Com Vítimas Feridas,Pleno dia,Céu Claro,Simples,Sim,Motocicleta,Ileso,26.0,Masculino
105622.0,2018-01-23,RN,304.0,MACAIBA,Falta de Atenção à Condução,Colisão lateral,Com Vítimas Feridas,Pleno dia,Céu Claro,Simples,Sim,Ônibus,Ileso,50.0,Masculino
105622.0,2018-01-23,RN,304.0,MACAIBA,Falta de Atenção à Condução,Colisão lateral,Com Vítimas Feridas,Pleno dia,Céu Claro,Simples,Sim,Motocicleta,Lesões Graves,25.0,Feminino
105983.0,2018-01-25,RN,226.0,SANTA CRUZ,Falta de Atenção à Condução,Colisão traseira,Com Vítimas Feridas,Pleno dia,Céu Claro,Simples,Sim,Caminhão-trator,Ileso,46.0,Masculino
105983.0,2018-01-25,RN,226.0,SANTA CRUZ,Falta de Atenção à Condução,Colisão traseira,Com Vítimas Feridas,Pleno dia,Céu Claro,Simples,Sim,Caminhão,Lesões Leves,30.0,Masculino
105983.0,2018-01-25,RN,226.0,SANTA CRUZ,Falta de Atenção à Condução,Colisão traseira,Com Vítimas Feridas,Pleno dia,Céu Claro,Simples,Sim,Caminhão,Lesões Leves,45.0,Masculino
106068.0,2018-01-25,RN,304.0,MOSSORO,Não guardar distância de segurança,Colisão traseira,Com Vítimas Feridas,Pleno dia,Céu Claro,Simples,Não,Automóvel,Lesões Graves,25.0,Feminino
106068.0,2018-01-25,RN,304.0,MOSSORO,Não guardar distância de segurança,Colisão traseira,Com Vítimas Feridas,Pleno dia,Céu Claro,Simples,Não,Camioneta,Ileso,54.0,Masculino
106255.0,2018-01-24,RN,101.0,PARNAMIRIM,Não guardar distância de segurança,Colisão lateral,Com Vítimas Feridas,Pleno dia,Céu Claro,Dupla,Sim,Ônibus,Ileso,51.0,Masculino
106255.0,2018-01-24,RN,101.0,PARNAMIRIM,Não guardar distância de segurança,Colisão lateral,Com Vítimas Feridas,Pleno dia,Céu Claro,Dupla,Sim,Motocicleta,Lesões Leves,27.0,Masculino
106317.0,2018-01-26,RN,405.0,MOSSORO,Não guardar distância de segurança,Colisão traseira,Com Vítimas Feridas,Pleno dia,Sol,Dupla,Sim,Caminhonete,Ileso,42.0,Masculino
106317.0,2018-01-26,RN,405.0,MOSSORO,Não guardar distância de segurança,Colisão traseira,Com Vítimas Feridas,Pleno dia,Sol,Dupla,Sim,Ciclomotor,Lesões Graves,60.0,Masculino
106325.0,2018-01-26,RN,427.0,CAICO,Objeto estático sobre o leito carroçável,Colisão lateral,Com Vítimas Feridas,Pleno dia,Céu Claro,Simples,Não,Automóvel,Ileso,48.0,Masculino
106325.0,2018-01-26,RN,427.0,CAICO,Objeto estático sobre o leito carroçável,Colisão lateral,Com Vítimas Feridas,Pleno dia,Céu Claro,Simples,Não,Motocicleta,Ileso,58.0,Masculino
106325.0,2018-01-26,RN,427.0,CAICO,Objeto estático sobre o leito carroçável,Colisão lateral,Com Vítimas Feridas,Pleno dia,Céu Claro,Simples,Não,Motocicleta,Lesões Leves,40.0,Masculino
106357.0,2018-01-26,RN,101.0,PARNAMIRIM,Não guardar distância de segurança,Colisão traseira,Sem Vítimas,Pleno dia,Sol,Múltipla,Sim,Automóvel,Ileso,39.0,Masculino
106357.0,2018-01-26,RN,101.0,PARNAMIRIM,Não guardar distância de segurança,Colisão traseira,Sem Vítimas,Pleno dia,Sol,Múltipla,Sim,Micro-ônibus,Ileso,62.0,Masculino
106364.0,2018-01-26,RN,101.0,NATAL,Falta de Atenção à Condução,Colisão transversal,Com Vítimas Feridas,Pleno dia,Nublado,Múltipla,Sim,Camioneta,Não Informado,,Não Informado
106364.0,2018-01-26,RN,101.0,NATAL,Falta de Atenção à Condução,Colisão transversal,Com Vítimas Feridas,Pleno dia,Nublado,Múltipla,Sim,Motocicleta,Não Informado,,Não Informado
106364.0,2018-01-26,RN,101.0,NATAL,Falta de Atenção à Condução,Colisão transversal,Com Vítimas Feridas,Pleno dia,Nublado,Múltipla,Sim,Motocicleta,Lesões Leves,58.0,Masculino
106370.0,2018-01-26,RN,101.0,NATAL,Falta de Atenção à Condução,Colisão traseira,Com Vítimas Feridas,Anoitecer,Céu Claro,Dupla,Sim,Motocicleta,Lesões Leves,20.0,Masculino
106370.0,2018-01-26,RN,101.0,NATAL,Falta de Atenção à Condução,Colisão traseira,Com Vítimas Feridas,Anoitecer,Céu Claro,Dupla,Sim,Automóvel,Ileso,34.0,Masculino
106462.0,2018-01-27,RN,304.0,PARNAMIRIM,Condutor Dormindo,Colisão com objeto estático,Com Vítimas Feridas,Amanhecer,Céu Claro,Dupla,Sim,Micro-ônibus,Lesões Leves,41.0,Masculino
106521.0,2018-01-27,RN,101.0,SAO GONCALO DO AMARANTE,Pista Escorregadia,Colisão traseira,Com Vítimas Feridas,Pleno dia,Garoa/Chuvisco,Dupla,Sim,Motocicleta,Lesões Leves,32.0,Masculino
106521.0,2018-01-27,RN,101.0,SAO GONCALO DO AMARANTE,Pista Escorregadia,Colisão traseira,Com Vítimas Feridas,Pleno dia,Garoa/Chuvisco,Dupla,Sim,Automóvel,Ileso,55.0,Masculino
106634.0,2018-01-27,RN,304.0,MOSSORO,Restrição de Visibilidade,Colisão traseira,Com Vítimas Feridas,Plena Noite,Nublado,Simples,Sim,Caminhonete,Ileso,40.0,Masculino
106634.0,2018-01-27,RN,304.0,MOSSORO,Restrição de Visibilidade,Colisão traseira,Com Vítimas Feridas,Plena Noite,Nublado,Simples,Sim,Bicicleta,Lesões Graves,30.0,Masculino
106734.0,2018-01-28,RN,101.0,SAO JOSE DE MIPIBU,Ingestão de Álcool,Saída de leito carroçável,Com Vítimas Feridas,Pleno dia,Céu Claro,Dupla,Não,Automóvel,Ileso,34.0,Masculino
106734.0,2018-01-28,RN,101.0,SAO JOSE DE MIPIBU,Ingestão de Álcool,Saída de leito carroçável,Com Vítimas Feridas,Pleno dia,Céu Claro,Dupla,Não,Automóvel,Ileso,30.0,Masculino
106734.0,2018-01-28,RN,101.0,SAO JOSE DE MIPIBU,Ingestão de Álcool,Saída de leito carroçável,Com Vítimas Feridas,Pleno dia,Céu Claro,Dupla,Não,Automóvel,Ileso,32.0,Masculino
106734.0,2018-01-28,RN,101.0,SAO JOSE DE MIPIBU,Ingestão de Álcool,Saída de leito carroçável,Com Vítimas Feridas,Pleno dia,Céu Claro,Dupla,Não,Automóvel,Lesões Leves,24.0,Feminino
106734.0,2018-01-28,RN,101.0,SAO JOSE DE MIPIBU,Ingestão de Álcool,Saída de leito carroçável,Com Vítimas Feridas,Pleno dia,Céu Claro,Dupla,Não,Automóvel,Não Informado,,Não Informado
106933.0,2018-01-28,RN,304.0,RIACHUELO,Falta de Atenção à Condução,Tombamento,Com Vítimas Feridas,Plena Noite,Céu Claro,Simples,Não,Caminhão,Lesões Leves,32.0,Masculino
106933.0,2018-01-28,RN,304.0,RIACHUELO,Falta de Atenção à Condução,Tombamento,Com Vítimas Feridas,Plena Noite,Céu Claro,Simples,Não,Caminhão,Lesões Leves,40.0,Masculino
106988.0,2018-01-29,RN,406.0,JOAO CAMARA,Falta de Atenção à Condução,Colisão lateral,Com Vítimas Feridas,Amanhecer,Céu Claro,Simples,Não,Caminhonete,Ileso,62.0,Masculino
106988.0,2018-01-29,RN,406.0,JOAO CAMARA,Falta de Atenção à Condução,Colisão lateral,Com Vítimas Feridas,Amanhecer,Céu Claro,Simples,Não,Motocicleta,Lesões Leves,21.0,Masculino
107003.0,2018-01-29,RN,304.0,MOSSORO,Falta de Atenção à Condução,Colisão transversal,Com Vítimas Feridas,Pleno dia,Nublado,Dupla,Sim,Motocicleta,Lesões Leves,35.0,Masculino
107003.0,2018-01-29,RN,304.0,MOSSORO,Falta de Atenção à Condução,Colisão transversal,Com Vítimas Feridas,Pleno dia,Nublado,Dupla,Sim,Motocicleta,Lesões Leves,64.0,Masculino
107003.0,2018-01-29,RN,304.0,MOSSORO,Falta de Atenção à Condução,Colisão transversal,Com Vítimas Feridas,Pleno dia,Nublado,Dupla,Sim,Automóvel,Ileso,49.0,Masculino
107028.0,2018-01-29,RN,304.0,MACAIBA,Falta de Atenção à Condução,Colisão traseira,Com Vítimas Feridas,Pleno dia,Céu Claro,Simples,Não,Automóvel,Ileso,52.0,Feminino
107028.0,2018-01-29,RN,304.0,MACAIBA,Falta de Atenção à Condução,Colisão traseira,Com Vítimas Feridas,Pleno dia,Céu Claro,Simples,Não,Automóvel,Ileso,24.0,Masculino
107028.0,2018-01-29,RN,304.0,MACAIBA,Falta de Atenção à Condução,Colisão traseira,Com Vítimas Feridas,Pleno dia,Céu Claro,Simples,Não,Automóvel,Lesões Leves,,Feminino
107057.0,2018-01-29,RN,226.0,CURRAIS NOVOS,Falta de Atenção à Condução,Colisão traseira,Com Vítimas Feridas,Pleno dia,Céu Claro,Dupla,Sim,Motocicleta,Lesões Leves,58.0,Masculino
107057.0,2018-01-29,RN,226.0,CURRAIS NOVOS,Falta de Atenção à Condução,Colisão traseira,Com Vítimas Feridas,Pleno dia,Céu Claro,Dupla,Sim,Caminhão,Ileso,35.0,Masculino
107057.0,2018-01-29,RN,226.0,CURRAIS NOVOS,Falta de Atenção à Condução,Colisão traseira,Com Vítimas Feridas,Pleno dia,Céu Claro,Dupla,Sim,Motocicleta,Lesões Graves,64.0,Feminino
107065.0,2018-01-29,RN,406.0,CEARA-MIRIM,Falta de Atenção à Condução,Colisão transversal,Sem Vítimas,Pleno dia,Céu Claro,Simples,Sim,Caminhão,Ileso,31.0,Masculino
107065.0,2018-01-29,RN,406.0,CEARA-MIRIM,Falta de Atenção à Condução,Colisão transversal,Sem Vítimas,Pleno dia,Céu Claro,Simples,Sim,Automóvel,Ileso,35.0,Masculino
107085.0,2018-01-29,RN,304.0,PARNAMIRIM,Falta de Atenção à Condução,Colisão transversal,Com Vítimas Feridas,Pleno dia,Céu Claro,Múltipla,Não,Automóvel,Ileso,28.0,Masculino
107085.0,2018-01-29,RN,304.0,PARNAMIRIM,Falta de Atenção à Condução,Colisão transversal,Com Vítimas Feridas,Pleno dia,Céu Claro,Múltipla,Não,Motocicleta,Lesões Graves,29.0,Feminino
107134.0,2018-01-29,RN,304.0,MOSSORO,Falta de Atenção à Condução,Colisão traseira,Sem Vítimas,Pleno dia,Nublado,Dupla,Sim,Automóvel,Ileso,25.0,Feminino
107134.0,2018-01-29,RN,304.0,MOSSORO,Falta de Atenção à Condução,Colisão traseira,Sem Vítimas,Pleno dia,Nublado,Dupla,Sim,Automóvel,Ileso,34.0,Masculino
107134.0,2018-01-29,RN,304.0,MOSSORO,Falta de Atenção à Condução,Colisão traseira,Sem Vítimas,Pleno dia,Nublado,Dupla,Sim,Motoneta,Ileso,28.0,Feminino
107152.0,2018-01-29,RN,101.0,PARNAMIRIM,Não guardar distância de segurança,Colisão lateral,Sem Vítimas,Pleno dia,Céu Claro,Dupla,Não,Caminhão-trator,Ileso,51.0,Masculino
107152.0,2018-01-29,RN,101.0,PARNAMIRIM,Não guardar distância de segurança,Colisão lateral,Sem Vítimas,Pleno dia,Céu Claro,Dupla,Não,Semireboque,Ileso,,Masculino
107187.0,2018-01-29,RN,101.0,NATAL,Falta de Atenção à Condução,Colisão lateral,Com Vítimas Feridas,Plena Noite,Céu Claro,Múltipla,Sim,Automóvel,Ileso,42.0,Feminino
107187.0,2018-01-29,RN,101.0,NATAL,Falta de Atenção à Condução,Colisão lateral,Com Vítimas Feridas,Plena Noite,Céu Claro,Múltipla,Sim,Motocicleta,Lesões Leves,40.0,Masculino
107641.0,2018-01-31,RN,226.0,CURRAIS NOVOS,Falta de Atenção à Condução,Capotamento,Sem Vítimas,Pleno dia,Céu Claro,Simples,Não,Automóvel,Ileso,23.0,Masculino
107641.0,2018-01-31,RN,226.0,CURRAIS NOVOS,Falta de Atenção à Condução,Capotamento,Sem Vítimas,Pleno dia,Céu Claro,Simples,Não,Automóvel,Não Informado,,Não Informado
107694.0,2018-01-31,RN,101.0,SAO GONCALO DO AMARANTE,Não guardar distância de segurança,Colisão traseira,Com Vítimas Feridas,Plena Noite,Céu Claro,Dupla,Sim,Motocicleta,Lesões Leves,26.0,Masculino