id,data_inversa,uf,br,municipio,causa_acidente,tipo_acidente,classificacao_acidente,fase_dia,condicao_metereologica,tipo_pista,uso_solo,tipo_veiculo,estado_fisico,idade,sexo
107694.0,2018-01-31,RN,101.0,SAO GONCALO DO AMARANTE,Não guardar distância de segurança,Colisão traseira,Com Vítimas Feridas,Plena Noite,Céu Claro,Dupla,Sim,Automóvel,Ileso,,Não Informado
107697.0,2018-01-31,RN,110.0,MOSSORO,Desobediência às normas de trânsito pelo condutor,Colisão transversal,Com Vítimas Feridas,Plena Noite,Céu Claro,Simples,Sim,Automóvel,Ileso,38.0,Masculino
107697.0,2018-01-31,RN,110.0,MOSSORO,Desobediência às normas de trânsito pelo condutor,Colisão transversal,Com Vítimas Feridas,Plena Noite,Céu Claro,Simples,Sim,Automóvel,Ileso,54.0,Feminino
107697.0,2018-01-31,RN,110.0,MOSSORO,Desobediência às normas de trânsito pelo condutor,Colisão transversal,Com Vítimas Feridas,Plena Noite,Céu Claro,Simples,Sim,Automóvel,Ileso,36.0,Masculino
107697.0,2018-01-31,RN,110.0,MOSSORO,Desobediência às normas de trânsito pelo condutor,Colisão transversal,Com Vítimas Feridas,Plena Noite,Céu Claro,Simples,Sim,Automóvel,Lesões Leves,16.0,Feminino
107846.0,2018-02-01,RN,304.0,MACAIBA,Falta de Atenção à Condução,Colisão lateral,Com Vítimas Feridas,Pleno dia,Céu Claro,Simples,Não,Motocicleta,Lesões Leves,49.0,Masculino
107846.0,2018-02-01,RN,304.0,MACAIBA,Falta de Atenção à Condução,Colisão lateral,Com Vítimas Feridas,Pleno dia,Céu Claro,Simples,Não,Automóvel,Ileso,,Ignorado
107848.0,2018-02-01,RN,304.0,LAJES,Animais na Pista,Atropelamento de Animal,Sem Vítimas,Pleno dia,Sol,Simples,Não,Utilitário,Ileso,42.0,Masculino
107850.0,2018-02-01,RN,101.0,NATAL,Não guardar distância de segurança,Colisão traseira,Com Vítimas Feridas,Pleno dia,Céu Claro,Dupla,Sim,Utilitário,Ileso,57.0,Masculino
107850.0,2018-02-01,RN,101.0,NATAL,Não guardar distância de segurança,Colisão traseira,Com Vítimas Feridas,Pleno dia,Céu Claro,Dupla,Sim,Utilitário,Ileso,31.0,Masculino
107850.0,2018-02-01,RN,101.0,NATAL,Não guardar distância de segurança,Colisão traseira,Com Vítimas Feridas,Pleno dia,Céu Claro,Dupla,Sim,Motocicleta,Lesões Leves,36.0,Masculino
107894.0,2018-02-01,RN,226.0,NATAL,Desobediência às normas de trânsito pelo condutor,Colisão frontal,Com Vítimas Feridas,Pleno dia,Céu Claro,Simples,Não,Motocicleta,Lesões Graves,19.0,Masculino
107894.0,2018-02-01,RN,226.0,NATAL,Desobediência às normas de trânsito pelo condutor,Colisão frontal,Com Vítimas Feridas,Pleno dia,Céu Claro,Simples,Não,Automóvel,Ileso,28.0,Masculino
107894.0,2018-02-01,RN,226.0,NATAL,Desobediência às normas de trânsito pelo condutor,Colisão frontal,Com Vítimas Feridas,Pleno dia,Céu Claro,Simples,Não,Motocicleta,Lesões Graves,22.0,Masculino
107920.0,2018-02-01,RN,110.0,MOSSORO,Falta de Atenção à Condução,Colisão transversal,Com Vítimas Feridas,Plena Noite,Nublado,Simples,Sim,Ciclomotor,Lesões Leves,20.0,Masculino
107920.0,2018-02-01,RN,110.0,MOSSORO,Falta de Atenção à Condução,Colisão transversal,Com Vítimas Feridas,Plena Noite,Nublado,Simples,Sim,Automóvel,Ileso,41.0,Masculino
107923.0,2018-02-01,RN,304.0,ITAJA,Animais na Pista,Atropelamento de Animal,Com Vítimas Feridas,Plena Noite,Céu Claro,Simples,Não,Motocicleta,Lesões Graves,25.0,Masculino
107983.0,2018-02-02,RN,226.0,CURRAIS NOVOS,Condutor Dormindo,Capotamento,Com Vítimas Fatais,Plena Noite,Nublado,Simples,Não,Caminhonete,Óbito,31.0,Masculino
107994.0,2018-02-02,RN,101.0,CANGUARETAMA,Ingestão de Álcool,Colisão traseira,Com Vítimas Feridas,Pleno dia,Sol,Dupla,Sim,Motocicleta,Lesões Leves,26.0,Feminino
107994.0,2018-02-02,RN,101.0,CANGUARETAMA,Ingestão de Álcool,Colisão traseira,Com Vítimas Feridas,Pleno dia,Sol,Dupla,Sim,Motocicleta,Lesões Leves,32.0,Masculino
107994.0,2018-02-02,RN,101.0,CANGUARETAMA,Ingestão de Álcool,Colisão traseira,Com Vítimas Feridas,Pleno dia,Sol,Dupla,Sim,Automóvel,Ileso,23.0,Masculino
107994.0,2018-02-02,RN,101.0,CANGUARETAMA,Ingestão de Álcool,Colisão traseira,Com Vítimas Feridas,Pleno dia,Sol,Dupla,Sim,Automóvel,Ileso,,Masculino
108013.0,2018-02-02,RN,101.0,NATAL,Falta de Atenção à Condução,Colisão traseira,Com Vítimas Feridas,Pleno dia,Sol,Dupla,Sim,Caminhonete,Ileso,46.0,Masculino
108013.0,2018-02-02,RN,101.0,NATAL,Falta de Atenção à Condução,Colisão traseira,Com Vítimas Feridas,Pleno dia,Sol,Dupla,Sim,Motocicleta,Lesões Leves,46.0,Masculino
108013.0,2018-02-02,RN,101.0,NATAL,Falta de Atenção à Condução,Colisão traseira,Com Vítimas Feridas,Pleno dia,Sol,Dupla,Sim,Motocicleta,Ileso,44.0,Feminino
108028.0,2018-02-02,RN,101.0,CANGUARETAMA,Desobediência às normas de trânsito pelo condutor,Colisão frontal,Com Vítimas Feridas,Pleno dia,Céu Claro,Simples,Sim,Automóvel,Não Informado,,Não Informado
108028.0,2018-02-02,RN,101.0,CANGUARETAMA,Desobediência às normas de trânsito pelo condutor,Colisão frontal,Com Vítimas Feridas,Pleno dia,Céu Claro,Simples,Sim,Automóvel,Ileso,23.0,Masculino
108028.0,2018-02-02,RN,101.0,CANGUARETAMA,Desobediência às normas de trânsito pelo condutor,Colisão frontal,Com Vítimas Feridas,Pleno dia,Céu Claro,Simples,Sim,Automóvel,Lesões Leves,29.0,Feminino
108097.0,2018-02-02,RN,101.0,NATAL,Falta de Atenção à Condução,Atropelamento de Pedestre,Com Vítimas Feridas,Pleno dia,Céu Claro,Dupla,Sim,Ciclomotor,Ileso,36.0,Masculino
108097.0,2018-02-02,RN,101.0,NATAL,Falta de Atenção à Condução,Atropelamento de Pedestre,Com Vítimas Feridas,Pleno dia,Céu Claro,Dupla,Sim,Ciclomotor,Lesões Leves,13.0,Masculino
108110.0,2018-02-02,RN,,AUGUSTO SEVERO,Defeito na Via,Colisão com objeto estático,Com Vítimas Feridas,Pleno dia,Céu Claro,Simples,Sim,Utilitário,Lesões Leves,30.0,Masculino
108110.0,2018-02-02,RN,,AUGUSTO SEVERO,Defeito na Via,Colisão com objeto estático,Com Vítimas Feridas,Pleno dia,Céu Claro,Simples,Sim,Utilitário,Lesões Leves,36.0,Masculino
108169.0,2018-02-02,RN,304.0,MACAIBA,Falta de Atenção à Condução,Colisão transversal,Com Vítimas Fatais,Plena Noite,Céu Claro,Simples,Sim,Motocicleta,Óbito,38.0,Masculino
108169.0,2018-02-02,RN,304.0,MACAIBA,Falta de Atenção à Condução,Colisão transversal,Com Vítimas Fatais,Plena Noite,Céu Claro,Simples,Sim,Automóvel,Ileso,41.0,Masculino
108207.0,2018-02-02,RN,406.0,CEARA-MIRIM,Ultrapassagem Indevida,Colisão frontal,Com Vítimas Feridas,Plena Noite,Céu Claro,Simples,Não,Automóvel,Lesões Graves,29.0,Masculino
108207.0,2018-02-02,RN,406.0,CEARA-MIRIM,Ultrapassagem Indevida,Colisão frontal,Com Vítimas Feridas,Plena Noite,Céu Claro,Simples,Não,Automóvel,Lesões Graves,21.0,Masculino
108207.0,2018-02-02,RN,406.0,CEARA-MIRIM,Ultrapassagem Indevida,Colisão frontal,Com Vítimas Feridas,Plena Noite,Céu Claro,Simples,Não,Automóvel,Lesões Graves,35.0,Masculino
108207.0,2018-02-02,RN,406.0,CEARA-MIRIM,Ultrapassagem Indevida,Colisão frontal,Com Vítimas Feridas,Plena Noite,Céu Claro,Simples,Não,Automóvel,Lesões Graves,26.0,Masculino
108207.0,2018-02-02,RN,406.0,CEARA-MIRIM,Ultrapassagem Indevida,Colisão frontal,Com Vítimas Feridas,Plena Noite,Céu Claro,Simples,Não,Automóvel,Lesões Leves,48.0,Masculino
108207.0,2018-02-02,RN,406.0,CEARA-MIRIM,Ultrapassagem Indevida,Colisão frontal,Com Vítimas Feridas,Plena Noite,Céu Claro,Simples,Não,Caminhonete,Ileso,35.0,Masculino
108227.0,2018-02-02,RN,101.0,NATAL,Velocidade Incompatível,Capotamento,Com Vítimas Feridas,Plena Noite,Céu Claro,Múltipla,Sim,Automóvel,Lesões Leves,32.0,Masculino
108323.0,2018-02-03,RN,101.0,SAO JOSE DE MIPIBU,Não guardar distância de segurança,Colisão traseira,Com Vítimas Feridas,Pleno dia,Nublado,Dupla,Sim,Motocicleta,Lesões Leves,47.0,Feminino
108323.0,2018-02-03,RN,101.0,SAO JOSE DE MIPIBU,Não guardar distância de segurança,Colisão traseira,Com Vítimas Feridas,Pleno dia,Nublado,Dupla,Sim,Automóvel,Ileso,68.0,Masculino
108323.0,2018-02-03,RN,101.0,SAO JOSE DE MIPIBU,Não guardar distância de segurança,Colisão traseira,Com Vítimas Feridas,Pleno dia,Nublado,Dupla,Sim,Motocicleta,Lesões Leves,23.0,Feminino
108567.0,2018-02-04,RN,304.0,MOSSORO,Velocidade Incompatível,Colisão traseira,Com Vítimas Fatais,Amanhecer,Céu Claro,Dupla,Sim,Motocicleta,Óbito,39.0,Masculino
108567.0,2018-02-04,RN,304.0,MOSSORO,Velocidade Incompatível,Colisão traseira,Com Vítimas Fatais,Amanhecer,Céu Claro,Dupla,Sim,Automóvel,Ileso,32.0,Masculino
108690.0,2018-02-04,RN,101.0,SAO JOSE DE MIPIBU,Não guardar distância de segurança,Colisão traseira,Com Vítimas Feridas,Pleno dia,Céu Claro,Dupla,Não,Caminhonete,Ileso,32.0,Feminino
108690.0,2018-02-04,RN,101.0,SAO JOSE DE MIPIBU,Não guardar distância de segurança,Colisão traseira,Com Vítimas Feridas,Pleno dia,Céu Claro,Dupla,Não,Automóvel,Ileso,37.0,Masculino
108690.0,2018-02-04,RN,101.0,SAO JOSE DE MIPIBU,Não guardar distância de segurança,Colisão traseira,Com Vítimas Feridas,Pleno dia,Céu Claro,Dupla,Não,Automóvel,Lesões Graves,36.0,Feminino
108741.0,2018-02-04,RN,427.0,CAICO,Animais na Pista,Atropelamento de Animal,Com Vítimas Feridas,Plena Noite,Céu Claro,Simples,Sim,Motocicleta,Ileso,36.0,Masculino
108741.0,2018-02-04,RN,427.0,CAICO,Animais na Pista,Atropelamento de Animal,Com Vítimas Feridas,Plena Noite,Céu Claro,Simples,Sim,Automóvel,Ileso,39.0,Feminino
108741.0,2018-02-04,RN,427.0,CAICO,Animais na Pista,Atropelamento de Animal,Com Vítimas Feridas,Plena Noite,Céu Claro,Simples,Sim,Motocicleta,Lesões Leves,46.0,Feminino
108785.0,2018-02-05,RN,304.0,LAJES,Animais na Pista,Atropelamento de Animal,Com Vítimas Feridas,Plena Noite,Céu Claro,Simples,Não,Motocicleta,Lesões Graves,28.0,Masculino
108870.0,2018-02-05,RN,304.0,MACAIBA,Falta de Atenção à Condução,Colisão traseira,Com Vítimas Feridas,Pleno dia,Céu Claro,Simples,Sim,Automóvel,Ileso,40.0,Masculino
108870.0,2018-02-05,RN,304.0,MACAIBA,Falta de Atenção à Condução,Colisão traseira,Com Vítimas Feridas,Pleno dia,Céu Claro,Simples,Sim,Utilitário,Ileso,72.0,Masculino
108870.0,2018-02-05,RN,304.0,MACAIBA,Falta de Atenção à Condução,Colisão traseira,Com Vítimas Feridas,Pleno dia,Céu Claro,Simples,Sim,Automóvel,Lesões Leves,49.0,Feminino
108931.0,2018-02-05,RN,304.0,MOSSORO,Desobediência às normas de trânsito pelo condutor,Colisão transversal,Com Vítimas Feridas,Pleno dia,Nublado,Dupla,Sim,Automóvel,Ileso,37.0,Masculino
108931.0,2018-02-05,RN,304.0,MOSSORO,Desobediência às normas de trânsito pelo condutor,Colisão transversal,Com Vítimas Feridas,Pleno dia,Nublado,Dupla,Sim,Motocicleta,Lesões Leves,21.0,Masculino
108946.0,2018-02-05,RN,101.0,NATAL,Falta de Atenção à Condução,Colisão lateral,Com Vítimas Feridas,Pleno dia,Céu Claro,Dupla,Sim,Motocicleta,Lesões Leves,33.0,Masculino
108946.0,2018-02-05,RN,101.0,NATAL,Falta de Atenção à Condução,Colisão lateral,Com Vítimas Feridas,Pleno dia,Céu Claro,Dupla,Sim,Caminhonete,Lesões Leves,50.0,Masculino
109008.0,2018-02-05,RN,406.0,CEARA-MIRIM,Falta de Atenção à Condução,Colisão com objeto em movimento,Com Vítimas Feridas,Plena Noite,Céu Claro,Simples,Sim,Motocicleta,Lesões Leves,23.0,Masculino
109008.0,2018-02-05,RN,406.0,CEARA-MIRIM,Falta de Atenção à Condução,Colisão com objeto em movimento,Com Vítimas Feridas,Plena Noite,Céu Claro,Simples,Sim,Motocicleta,Lesões Leves,71.0,Masculino
109153.0,2018-02-06,RN,110.0,MOSSORO,Falta de Atenção à Condução,Queda de ocupante de veículo,Com Vítimas Feridas,Pleno dia,Céu Claro,Simples,Sim,Automóvel,Não Informado,,Não Informado
109153.0,2018-02-06,RN,110.0,MOSSORO,Falta de Atenção à Condução,Queda de ocupante de veículo,Com Vítimas Feridas,Pleno dia,Céu Claro,Simples,Sim,Motocicleta,Lesões Leves,31.0,Feminino
109173.0,2018-02-06,RN,304.0,MOSSORO,Falta de Atenção à Condução,Colisão traseira,Com Vítimas Feridas,Pleno dia,Céu Claro,Dupla,Sim,Camioneta,Ileso,40.0,Feminino
109173.0,2018-02-06,RN,304.0,MOSSORO,Falta de Atenção à Condução,Colisão traseira,Com Vítimas Feridas,Pleno dia,Céu Claro,Dupla,Sim,Motocicleta,Lesões Leves,67.0,Masculino
109174.0,2018-01-28,RN,101.0,NATAL,Condutor Dormindo,Colisão com objeto estático,Sem Vítimas,Plena Noite,Céu Claro,Múltipla,Sim,Automóvel,Ileso,24.0,Masculino
109263.0,2018-02-06,RN,226.0,TANGARA,Animais na Pista,Atropelamento de Animal,Com Vítimas Feridas,Plena Noite,Céu Claro,Simples,Sim,Motocicleta,Lesões Graves,39.0,Masculino
109313.0,2018-02-07,RN,101.0,SAO JOSE DE MIPIBU,Falta de Atenção à Condução,Colisão com objeto estático,Sem Vítimas,Pleno dia,Céu Claro,Dupla,Não,Automóvel,Ileso,71.0,Feminino
109313.0,2018-02-07,RN,101.0,SAO JOSE DE MIPIBU,Falta de Atenção à Condução,Colisão com objeto estático,Sem Vítimas,Pleno dia,Céu Claro,Dupla,Não,Automóvel,Ileso,76.0,Feminino
109313.0,2018-02-07,RN,101.0,SAO JOSE DE MIPIBU,Falta de Atenção à Condução,Colisão com objeto estático,Sem Vítimas,Pleno dia,Céu Claro,Dupla,Não,Automóvel,Ileso,91.0,Feminino
109313.0,2018-02-07,RN,101.0,SAO JOSE DE MIPIBU,Falta de Atenção à Condução,Colisão com objeto estático,Sem Vítimas,Pleno dia,Céu Claro,Dupla,Não,Automóvel,Ileso,66.0,Feminino
109440.0,2018-02-07,RN,101.0,EXTREMOZ,Falta de Atenção à Condução,Colisão lateral,Com Vítimas Feridas,Anoitecer,Céu Claro,Simples,Não,Automóvel,Ileso,36.0,Masculino
109440.0,2018-02-07,RN,101.0,EXTREMOZ,Falta de Atenção à Condução,Colisão lateral,Com Vítimas Feridas,Anoitecer,Céu Claro,Simples,Não,Carroça-charrete,Lesões Leves,68.0,Masculino
109457.0,2018-02-07,RN,304.0,MOSSORO,Objeto estático sobre o leito carroçável,Danos eventuais,Sem Vítimas,Plena Noite,Céu Claro,Dupla,Sim,Automóvel,Ileso,53.0,Masculino
109457.0,2018-02-07,RN,304.0,MOSSORO,Objeto estático sobre o leito carroçável,Danos eventuais,Sem Vítimas,Plena Noite,Céu Claro,Dupla,Sim,Caminhão-trator,Ileso,45.0,Masculino
109483.0,2018-02-07,RN,110.0,MOSSORO,Deficiência ou não Acionamento do Sistema de Iluminação/Sinalização do Veículo,Colisão traseira,Com Vítimas Fatais,Plena Noite,Céu Claro,Simples,Não,Outros,Não Informado,,Não Informado
109483.0,2018-02-07,RN,110.0,MOSSORO,Deficiência ou não Acionamento do Sistema de Iluminação/Sinalização do Veículo,Colisão traseira,Com Vítimas Fatais,Plena Noite,Céu Claro,Simples,Não,Ciclomotor,Óbito,54.0,Masculino
109581.0,2018-02-08,RN,405.0,MOSSORO,Falta de Atenção à Condução,Colisão transversal,Com Vítimas Feridas,Pleno dia,Céu Claro,Dupla,Sim,Motocicleta,Lesões Leves,40.0,Masculino
109581.0,2018-02-08,RN,405.0,MOSSORO,Falta de Atenção à Condução,Colisão transversal,Com Vítimas Feridas,Pleno dia,Céu Claro,Dupla,Sim,Motocicleta,Lesões Leves,27.0,Feminino
109581.0,2018-02-08,RN,405.0,MOSSORO,Falta de Atenção à Condução,Colisão transversal,Com Vítimas Feridas,Pleno dia,Céu Claro,Dupla,Sim,Motocicleta,Lesões Graves,27.0,Masculino
109608.0,2018-02-08,RN,101.0,SAO GONCALO DO AMARANTE,Não guardar distância de segurança,Colisão lateral,Com Vítimas Feridas,Pleno dia,Nublado,Múltipla,Sim,Caminhonete,Ileso,31.0,Masculino
109608.0,2018-02-08,RN,101.0,SAO GONCALO DO AMARANTE,Não guardar distância de segurança,Colisão lateral,Com Vítimas Feridas,Pleno dia,Nublado,Múltipla,Sim,Motocicleta,Lesões Leves,27.0,Masculino
109611.0,2018-02-08,RN,101.0,SAO GONCALO DO AMARANTE,Pista Escorregadia,Queda de ocupante de veículo,Com Vítimas Feridas,Pleno dia,Garoa/Chuvisco,Simples,Sim,Motocicleta,Lesões Leves,55.0,Masculino
109662.0,2018-02-08,RN,101.0,PARNAMIRIM,Restrição de Visibilidade,Tombamento,Com Vítimas Feridas,Anoitecer,Nublado,Dupla,Sim,Motocicleta,Lesões Leves,40.0,Masculino
109662.0,2018-02-08,RN,101.0,PARNAMIRIM,Restrição de Visibilidade,Tombamento,Com Vítimas Feridas,Anoitecer,Nublado,Dupla,Sim,Caminhonete,Ileso,34.0,Masculino
109669.0,2018-02-05,RN,304.0,MOSSORO,Pista Escorregadia,Tombamento,Sem Vítimas,Pleno dia,Chuva,Dupla,Sim,Caminhão,Ileso,36.0,Masculino
110044.0,2018-02-09,RN,304.0,MOSSORO,Ingestão de Álcool,Queda de ocupante de veículo,Com Vítimas Feridas,Anoitecer,Nublado,Dupla,Sim,Motocicleta,Lesões Leves,50.0,Masculino
110100.0,2018-02-10,RN,304.0,MOSSORO,Ingestão de Álcool,Capotamento,Com Vítimas Feridas,Amanhecer,Nublado,Dupla,Sim,Automóvel,Lesões Leves,27.0,Masculino
110276.0,2018-02-10,RN,101.0,PARNAMIRIM,Falta de Atenção do Pedestre,Atropelamento de Pedestre,Com Vítimas Feridas,Pleno dia,Nublado,Dupla,Sim,Caminhão,Ileso,34.0,Masculino
110276.0,2018-02-10,RN,101.0,PARNAMIRIM,Falta de Atenção do Pedestre,Atropelamento de Pedestre,Com Vítimas Feridas,Pleno dia,Nublado,Dupla,Sim,Caminhão,Lesões Graves,46.0,Masculino
110276.0,2018-02-10,RN,101.0,PARNAMIRIM,Falta de Atenção do Pedestre,Atropelamento de Pedestre,Com Vítimas Feridas,Pleno dia,Nublado,Dupla,Sim,Caminhão,Lesões Leves,23.0,Masculino
110328.0,2018-02-10,RN,101.0,NATAL,Falta de Atenção à Condução,Colisão lateral,Com Vítimas Feridas,Anoitecer,Céu Claro,Dupla,Sim,Automóvel,Ileso,21.0,Masculino
110328.0,2018-02-10,RN,101.0,NATAL,Falta de Atenção à Condução,Colisão lateral,Com Vítimas Feridas,Anoitecer,Céu Claro,Dupla,Sim,Motocicleta,Lesões Leves,25.0,Masculino
110336.0,2018-02-10,RN,101.0,NATAL,Ingestão de Álcool,Colisão transversal,Com Vítimas Feridas,Plena Noite,Nublado,Dupla,Sim,Motocicleta,Lesões Leves,,Feminino
110336.0,2018-02-10,RN,101.0,NATAL,Ingestão de Álcool,Colisão transversal,Com Vítimas Feridas,Plena Noite,Nublado,Dupla,Sim,Bicicleta,Lesões Leves,56.0,Masculino
110336.0,2018-02-10,RN,101.0,NATAL,Ingestão de Álcool,Colisão transversal,Com Vítimas Feridas,Plena Noite,Nublado,Dupla,Sim,Motocicleta,Lesões Graves,26.0,Masculino
110400.0,2018-02-10,RN,304.0,MOSSORO,Animais na Pista,Atropelamento de Animal,Com Vítimas Fatais,Plena Noite,Nublado,Dupla,Sim,Motocicleta,Óbito,33.0,Masculino
110400.0,2018-02-10,RN,304.0,MOSSORO,Animais na Pista,Atropelamento de Animal,Com Vítimas Fatais,Plena Noite,Nublado,Dupla,Sim,Motocicleta,Não Informado,,Não Informado
110479.0,2018-02-11,RN,101.0,PARNAMIRIM,Não guardar distância de segurança,Colisão traseira,Sem Vítimas,Pleno dia,Nublado,Dupla,Sim,Automóvel,Ileso,24.0,Feminino
110479.0,2018-02-11,RN,101.0,PARNAMIRIM,Não guardar distância de segurança,Colisão traseira,Sem Vítimas,Pleno dia,Nublado,Dupla,Sim,Automóvel,Ileso,34.0,Masculino
110503.0,2018-02-11,RN,101.0,EXTREMOZ,Falta de Atenção do Pedestre,Atropelamento de Pedestre,Com Vítimas Feridas,Pleno dia,Céu Claro,Simples,Não,Outros,Lesões Graves,55.0,Masculino
110503.0,2018-02-11,RN,101.0,EXTREMOZ,Falta de Atenção do Pedestre,Atropelamento de Pedestre,Com Vítimas Feridas,Pleno dia,Céu Claro,Simples,Não,Outros,Não Informado,,Não Informado
110672.0,2018-02-11,RN,101.0,EXTREMOZ,Falta de Atenção à Condução,Colisão transversal,Com Vítimas Feridas,Plena Noite,Céu Claro,Simples,Não,Automóvel,Ileso,29.0,Masculino
110672.0,2018-02-11,RN,101.0,EXTREMOZ,Falta de Atenção à Condução,Colisão transversal,Com Vítimas Feridas,Plena Noite,Céu Claro,Simples,Não,Camioneta,Lesões Leves,29.0,Feminino
110672.0,2018-02-11,RN,101.0,EXTREMOZ,Falta de Atenção à Condução,Colisão transversal,Com Vítimas Feridas,Plena Noite,Céu Claro,Simples,Não,Camioneta,Lesões Leves,32.0,Feminino
110690.0,2018-02-11,RN,101.0,EXTREMOZ,Falta de Atenção à Condução,Colisão com objeto estático,Com Vítimas Feridas,Plena Noite,Céu Claro,Simples,Não,Motocicleta,Lesões Leves,,Masculino
110694.0,2018-02-11,RN,304.0,MACAIBA,Objeto estático sobre o leito carroçável,Saída de leito carroçável,Com Vítimas Feridas,Plena Noite,Céu Claro,Simples,Não,Caminhonete,Lesões Leves,63.0,Masculino
110694.0,2018-02-11,RN,304.0,MACAIBA,Objeto estático sobre o leito carroçável,Saída de leito carroçável,Com Vítimas Feridas,Plena Noite,Céu Claro,Simples,Não,Caminhonete,Lesões Graves,31.0,Masculino
110718.0,2018-02-12,RN,304.0,PARNAMIRIM,Ingestão de Álcool,Colisão traseira,Com Vítimas Feridas,Pleno dia,Céu Claro,Dupla,Sim,Motocicleta,Lesões Leves,23.0,Masculino
110718.0,2018-02-12,RN,304.0,PARNAMIRIM,Ingestão de Álcool,Colisão traseira,Com Vítimas Feridas,Pleno dia,Céu Claro,Dupla,Sim,Motocicleta,Ileso,61.0,Masculino
110719.0,2018-02-12,RN,406.0,SAO GONCALO DO AMARANTE,Animais na Pista,Atropelamento de Animal,Com Vítimas Feridas,Pleno dia,Céu Claro,Dupla,Sim,Motocicleta,Lesões Leves,47.0,Feminino
110719.0,2018-02-12,RN,406.0,SAO GONCALO DO AMARANTE,Animais na Pista,Atropelamento de Animal,Com Vítimas Feridas,Pleno dia,Céu Claro,Dupla,Sim,Motocicleta,Não Informado,,Não Informado
110768.0,2018-02-12,RN,405.0,APODI,Falta de Atenção à Condução,Tombamento,Com Vítimas Feridas,Pleno dia,Céu Claro,Simples,Não,Ciclomotor,Lesões Graves,36.0,Masculino
110851.0,2018-02-12,RN,427.0,CURRAIS NOVOS,Pista Escorregadia,Colisão com objeto estático,Com Vítimas Feridas,Anoitecer,Chuva,Simples,Não,Utilitário,Ileso,36.0,Feminino
110851.0,2018-02-12,RN,427.0,CURRAIS NOVOS,Pista Escorregadia,Colisão com objeto estático,Com Vítimas Feridas,Anoitecer,Chuva,Simples,Não,Utilitário,Lesões Graves,60.0,Masculino
110857.0,2018-02-12,RN,101.0,CEARA-MIRIM,Não guardar distância de segurança,Colisão transversal,Com Vítimas Feridas,Plena Noite,Céu Claro,Simples,Não,Ônibus,Ileso,36.0,Masculino
110857.0,2018-02-12,RN,101.0,CEARA-MIRIM,Não guardar distância de segurança,Colisão transversal,Com Vítimas Feridas,Plena Noite,Céu Claro,Simples,Não,Motocicleta,Lesões Leves,30.0,Masculino
110892.0,2018-02-13,RN,101.0,NATAL,Animais na Pista,Atropelamento de Animal,Com Vítimas Feridas,Plena Noite,Céu Claro,Dupla,Sim,Automóvel,Lesões Leves,34.0,Masculino
110892.0,2018-02-13,RN,101.0,NATAL,Animais na Pista,Atropelamento de Animal,Com Vítimas Feridas,Plena Noite,Céu Claro,Dupla,Sim,Automóvel,Ileso,,Feminino
110892.0,2018-02-13,RN,101.0,NATAL,Animais na Pista,Atropelamento de Animal,Com Vítimas Feridas,Plena Noite,Céu Claro,Dupla,Sim,Automóvel,Lesões Leves,,Feminino
110981.0,2018-02-13,RN,101.0,NATAL,Falta de Atenção à Condução,Colisão transversal,Sem Vítimas,Pleno dia,Céu Claro,Dupla,Sim,Utilitário,Ileso,45.0,Masculino
110981.0,2018-02-13,RN,101.0,NATAL,Falta de Atenção à Condução,Colisão transversal,Sem Vítimas,Pleno dia,Céu Claro,Dupla,Sim,Automóvel,Ileso,25.0,Masculino
110981.0,2018-02-13,RN,101.0,NATAL,Falta de Atenção à Condução,Colisão transversal,Sem Vítimas,Pleno dia,Céu Claro,Dupla,Sim,Caminhão,Ileso,31.0,Masculino
111077.0,2018-02-13,RN,304.0,MOSSORO,Falta de Atenção à Condução,Colisão transversal,Com Vítimas Feridas,Plena Noite,Céu Claro,Dupla,Sim,Automóvel,Ileso,27.0,Masculino
111077.0,2018-02-13,RN,304.0,MOSSORO,Falta de Atenção à Condução,Colisão transversal,Com Vítimas Feridas,Plena Noite,Céu Claro,Dupla,Sim,Automóvel,Não Informado,,Não Informado
111077.0,2018-02-13,RN,304.0,MOSSORO,Falta de Atenção à Condução,Colisão transversal,Com Vítimas Feridas,Plena Noite,Céu Claro,Dupla,Sim,Automóvel,Lesões Leves,32.0,Masculino
111077.0,2018-02-13,RN,304.0,MOSSORO,Falta de Atenção à Condução,Colisão transversal,Com Vítimas Feridas,Plena Noite,Céu Claro,Dupla,Sim,Automóvel,Lesões Leves,3.0,Masculino
111077.0,2018-02-13,RN,304.0,MOSSORO,Falta de Atenção à Condução,Colisão transversal,Com Vítimas Feridas,Plena Noite,Céu Claro,Dupla,Sim,Automóvel,Lesões Leves,34.0,Masculino
111079.0,2018-02-13,RN,226.0,NATAL,Desobediência às normas de trânsito pelo condutor,Colisão frontal,Com Vítimas Feridas,Plena Noite,Céu Claro,Simples,Sim,Caminhonete,Não Informado,,Não Informado
111079.0,2018-02-13,RN,226.0,NATAL,Desobediência às normas de trânsito pelo condutor,Colisão frontal,Com Vítimas Feridas,Plena Noite,Céu Claro,Simples,Sim,Automóvel,Lesões Leves,54.0,Masculino
111201.0,2018-02-14,RN,406.0,SAO GONCALO DO AMARANTE,Fenômenos da Natureza,Colisão traseira,Com Vítimas Feridas,Pleno dia,Chuva,Dupla,Sim,Automóvel,Ileso,40.0,Masculino