id,data_inversa,uf,br,municipio,causa_acidente,tipo_acidente,classificacao_acidente,fase_dia,condicao_metereologica,tipo_pista,uso_solo,tipo_veiculo,estado_fisico,idade,sexo
120952.0,2018-03-25,RN,304.0,MACAIBA,Falta de Atenção à Condução,Colisão traseira,Com Vítimas Feridas,Plena Noite,Céu Claro,Dupla,Não,Motocicleta,Lesões Graves,39.0,Masculino
120996.0,2018-03-25,RN,226.0,MACAIBA,Falta de Atenção à Condução,Colisão transversal,Com Vítimas Feridas,Plena Noite,Céu Claro,Simples,Sim,Caminhonete,Não Informado,,Não Informado
120996.0,2018-03-25,RN,226.0,MACAIBA,Falta de Atenção à Condução,Colisão transversal,Com Vítimas Feridas,Plena Noite,Céu Claro,Simples,Sim,Bicicleta,Lesões Graves,34.0,Masculino
121051.0,2018-03-26,RN,427.0,CAICO,Falta de Atenção à Condução,Queda de ocupante de veículo,Com Vítimas Feridas,Pleno dia,Céu Claro,Simples,Sim,Micro-ônibus,Ileso,44.0,Masculino
121051.0,2018-03-26,RN,427.0,CAICO,Falta de Atenção à Condução,Queda de ocupante de veículo,Com Vítimas Feridas,Pleno dia,Céu Claro,Simples,Sim,Motoneta,Lesões Leves,42.0,Feminino
121071.0,2018-03-26,RN,101.0,NISIA FLORESTA,Desobediência às normas de trânsito pelo condutor,Colisão traseira,Com Vítimas Feridas,Pleno dia,Sol,Dupla,Não,Automóvel,Ileso,34.0,Feminino
121071.0,2018-03-26,RN,101.0,NISIA FLORESTA,Desobediência às normas de trânsito pelo condutor,Colisão traseira,Com Vítimas Feridas,Pleno dia,Sol,Dupla,Não,Automóvel,Ileso,35.0,Feminino
121071.0,2018-03-26,RN,101.0,NISIA FLORESTA,Desobediência às normas de trânsito pelo condutor,Colisão traseira,Com Vítimas Feridas,Pleno dia,Sol,Dupla,Não,Automóvel,Ileso,,Masculino
121071.0,2018-03-26,RN,101.0,NISIA FLORESTA,Desobediência às normas de trânsito pelo condutor,Colisão traseira,Com Vítimas Feridas,Pleno dia,Sol,Dupla,Não,Automóvel,Lesões Leves,34.0,Feminino
121150.0,2018-03-09,RN,110.0,MOSSORO,Falta de Atenção à Condução,Colisão frontal,Com Vítimas Feridas,Anoitecer,Céu Claro,Simples,Não,Automóvel,Lesões Graves,36.0,Masculino
121150.0,2018-03-09,RN,110.0,MOSSORO,Falta de Atenção à Condução,Colisão frontal,Com Vítimas Feridas,Anoitecer,Céu Claro,Simples,Não,Caminhonete,Não Informado,,Não Informado
121150.0,2018-03-09,RN,110.0,MOSSORO,Falta de Atenção à Condução,Colisão frontal,Com Vítimas Feridas,Anoitecer,Céu Claro,Simples,Não,Caminhonete,Lesões Leves,38.0,Masculino
121150.0,2018-03-09,RN,110.0,MOSSORO,Falta de Atenção à Condução,Colisão frontal,Com Vítimas Feridas,Anoitecer,Céu Claro,Simples,Não,Caminhonete,Ileso,41.0,Masculino
121150.0,2018-03-09,RN,110.0,MOSSORO,Falta de Atenção à Condução,Colisão frontal,Com Vítimas Feridas,Anoitecer,Céu Claro,Simples,Não,Caminhonete,Lesões Leves,46.0,Masculino
121267.0,2018-03-27,RN,101.0,PARNAMIRIM,Velocidade Incompatível,Colisão traseira,Com Vítimas Feridas,Pleno dia,Céu Claro,Dupla,Sim,Motocicleta,Lesões Leves,19.0,Masculino
121267.0,2018-03-27,RN,101.0,PARNAMIRIM,Velocidade Incompatível,Colisão traseira,Com Vítimas Feridas,Pleno dia,Céu Claro,Dupla,Sim,Motocicleta,Lesões Leves,19.0,Masculino
121267.0,2018-03-27,RN,101.0,PARNAMIRIM,Velocidade Incompatível,Colisão traseira,Com Vítimas Feridas,Pleno dia,Céu Claro,Dupla,Sim,Automóvel,Ileso,35.0,Feminino
121286.0,2018-03-09,RN,304.0,MOSSORO,Falta de Atenção à Condução,Tombamento,Sem Vítimas,Pleno dia,Sol,Dupla,Sim,Caminhão-trator,Ileso,39.0,Masculino
121318.0,2018-03-27,RN,304.0,MACAIBA,Falta de Atenção à Condução,Colisão frontal,Com Vítimas Feridas,Pleno dia,Nublado,Simples,Sim,Motocicleta,Ileso,43.0,Masculino
121318.0,2018-03-27,RN,304.0,MACAIBA,Falta de Atenção à Condução,Colisão frontal,Com Vítimas Feridas,Pleno dia,Nublado,Simples,Sim,Motocicleta,Lesões Leves,38.0,Masculino
121337.0,2018-03-27,RN,226.0,JUCURUTU,Restrição de Visibilidade,Capotamento,Com Vítimas Feridas,Pleno dia,Céu Claro,Simples,Não,Caminhão,Lesões Leves,53.0,Masculino
121392.0,2018-03-27,RN,405.0,FELIPE GUERRA,Deficiência ou não Acionamento do Sistema de Iluminação/Sinalização do Veículo,Colisão traseira,Com Vítimas Feridas,Plena Noite,Garoa/Chuvisco,Simples,Não,Caminhonete,Ileso,33.0,Masculino
121392.0,2018-03-27,RN,405.0,FELIPE GUERRA,Deficiência ou não Acionamento do Sistema de Iluminação/Sinalização do Veículo,Colisão traseira,Com Vítimas Feridas,Plena Noite,Garoa/Chuvisco,Simples,Não,Motocicleta,Lesões Leves,34.0,Feminino
121471.0,2018-03-28,RN,101.0,PARNAMIRIM,Velocidade Incompatível,Saída de leito carroçável,Sem Vítimas,Plena Noite,Chuva,Dupla,Sim,Caminhão-trator,Ileso,42.0,Masculino
121534.0,2018-03-28,RN,226.0,SANTA CRUZ,Velocidade Incompatível,Capotamento,Com Vítimas Feridas,Pleno dia,Chuva,Simples,Não,Caminhonete,Ileso,45.0,Masculino
121534.0,2018-03-28,RN,226.0,SANTA CRUZ,Velocidade Incompatível,Capotamento,Com Vítimas Feridas,Pleno dia,Chuva,Simples,Não,Caminhonete,Lesões Leves,49.0,Feminino
121570.0,2018-03-28,RN,101.0,PARNAMIRIM,Não guardar distância de segurança,Colisão traseira,Sem Vítimas,Pleno dia,Chuva,Dupla,Sim,Automóvel,Ileso,54.0,Masculino
121570.0,2018-03-28,RN,101.0,PARNAMIRIM,Não guardar distância de segurança,Colisão traseira,Sem Vítimas,Pleno dia,Chuva,Dupla,Sim,Automóvel,Ileso,43.0,Masculino
121593.0,2018-03-28,RN,101.0,SAO JOSE DE MIPIBU,Pista Escorregadia,Tombamento,Com Vítimas Feridas,Pleno dia,Chuva,Dupla,Sim,Motocicleta,Ileso,42.0,Masculino
121593.0,2018-03-28,RN,101.0,SAO JOSE DE MIPIBU,Pista Escorregadia,Tombamento,Com Vítimas Feridas,Pleno dia,Chuva,Dupla,Sim,Motocicleta,Lesões Leves,28.0,Masculino
121635.0,2018-03-28,RN,304.0,CAICARA DO RIO DO VENTO,Ultrapassagem Indevida,Colisão frontal,Com Vítimas Feridas,Plena Noite,Chuva,Simples,Não,Caminhão-trator,Ileso,31.0,Masculino
121635.0,2018-03-28,RN,304.0,CAICARA DO RIO DO VENTO,Ultrapassagem Indevida,Colisão frontal,Com Vítimas Feridas,Plena Noite,Chuva,Simples,Não,Automóvel,Lesões Leves,43.0,Masculino
121639.0,2018-03-28,RN,101.0,RIO DO FOGO,Defeito na Via,Colisão traseira,Com Vítimas Feridas,Plena Noite,Chuva,Simples,Não,Caminhonete,Ileso,43.0,Masculino
121639.0,2018-03-28,RN,101.0,RIO DO FOGO,Defeito na Via,Colisão traseira,Com Vítimas Feridas,Plena Noite,Chuva,Simples,Não,Automóvel,Lesões Leves,44.0,Masculino
121669.0,2018-03-28,RN,101.0,PARNAMIRIM,Ingestão de álcool e/ou substâncias psicoativas pelo pedestre,Atropelamento de Pedestre,Com Vítimas Feridas,Plena Noite,Chuva,Múltipla,Sim,Ônibus,Ileso,45.0,Masculino
121669.0,2018-03-28,RN,101.0,PARNAMIRIM,Ingestão de álcool e/ou substâncias psicoativas pelo pedestre,Atropelamento de Pedestre,Com Vítimas Feridas,Plena Noite,Chuva,Múltipla,Sim,Ônibus,Lesões Leves,35.0,Masculino
121683.0,2018-03-28,RN,304.0,MOSSORO,Defeito na Via,Colisão com objeto estático,Com Vítimas Feridas,Plena Noite,Nublado,Dupla,Sim,Automóvel,Ileso,39.0,Masculino
121683.0,2018-03-28,RN,304.0,MOSSORO,Defeito na Via,Colisão com objeto estático,Com Vítimas Feridas,Plena Noite,Nublado,Dupla,Sim,Automóvel,Lesões Leves,42.0,Masculino
121736.0,2018-03-29,RN,304.0,MOSSORO,Falta de Atenção à Condução,Colisão transversal,Com Vítimas Feridas,Pleno dia,Nublado,Simples,Não,Automóvel,Ileso,35.0,Masculino
121736.0,2018-03-29,RN,304.0,MOSSORO,Falta de Atenção à Condução,Colisão transversal,Com Vítimas Feridas,Pleno dia,Nublado,Simples,Não,Motocicleta,Lesões Graves,69.0,Masculino
121743.0,2018-03-29,RN,304.0,MOSSORO,Falta de Atenção à Condução,Colisão traseira,Sem Vítimas,Pleno dia,Nublado,Simples,Não,Caminhão,Ileso,52.0,Masculino
121743.0,2018-03-29,RN,304.0,MOSSORO,Falta de Atenção à Condução,Colisão traseira,Sem Vítimas,Pleno dia,Nublado,Simples,Não,Caminhonete,Ileso,64.0,Masculino
121755.0,2018-03-29,RN,304.0,MACAIBA,Não guardar distância de segurança,Engavetamento,Com Vítimas Feridas,Pleno dia,Chuva,Simples,Sim,Caminhão,Ileso,27.0,Masculino
121755.0,2018-03-29,RN,304.0,MACAIBA,Não guardar distância de segurança,Engavetamento,Com Vítimas Feridas,Pleno dia,Chuva,Simples,Sim,Caminhonete,Ileso,33.0,Masculino
121755.0,2018-03-29,RN,304.0,MACAIBA,Não guardar distância de segurança,Engavetamento,Com Vítimas Feridas,Pleno dia,Chuva,Simples,Sim,Caminhonete,Lesões Leves,26.0,Feminino
121755.0,2018-03-29,RN,304.0,MACAIBA,Não guardar distância de segurança,Engavetamento,Com Vítimas Feridas,Pleno dia,Chuva,Simples,Sim,Automóvel,Ileso,38.0,Masculino
121755.0,2018-03-29,RN,304.0,MACAIBA,Não guardar distância de segurança,Engavetamento,Com Vítimas Feridas,Pleno dia,Chuva,Simples,Sim,Automóvel,Ileso,25.0,Feminino
121755.0,2018-03-29,RN,304.0,MACAIBA,Não guardar distância de segurança,Engavetamento,Com Vítimas Feridas,Pleno dia,Chuva,Simples,Sim,Automóvel,Ileso,35.0,Feminino
121764.0,2018-02-20,RN,226.0,JUCURUTU,Falta de Atenção à Condução,Colisão transversal,Com Vítimas Feridas,Pleno dia,Céu Claro,Simples,Sim,Motocicleta,Lesões Graves,37.0,Masculino
121764.0,2018-02-20,RN,226.0,JUCURUTU,Falta de Atenção à Condução,Colisão transversal,Com Vítimas Feridas,Pleno dia,Céu Claro,Simples,Sim,Automóvel,Ileso,45.0,Masculino
121773.0,2018-03-29,RN,405.0,APODI,Desobediência às normas de trânsito pelo condutor,Colisão frontal,Com Vítimas Feridas,Pleno dia,Nublado,Simples,Não,Automóvel,Ileso,22.0,Masculino
121773.0,2018-03-29,RN,405.0,APODI,Desobediência às normas de trânsito pelo condutor,Colisão frontal,Com Vítimas Feridas,Pleno dia,Nublado,Simples,Não,Motocicleta,Lesões Graves,63.0,Masculino
121779.0,2018-03-29,RN,427.0,CAICO,Falta de Atenção à Condução,Colisão transversal,Com Vítimas Feridas,Pleno dia,Chuva,Simples,Sim,Automóvel,Ileso,47.0,Masculino
121779.0,2018-03-29,RN,427.0,CAICO,Falta de Atenção à Condução,Colisão transversal,Com Vítimas Feridas,Pleno dia,Chuva,Simples,Sim,Motocicleta,Lesões Leves,34.0,Masculino
121939.0,2018-03-29,RN,304.0,MACAIBA,Ultrapassagem Indevida,Colisão lateral,Sem Vítimas,Plena Noite,Nublado,Simples,Não,Automóvel,Ileso,27.0,Masculino
121939.0,2018-03-29,RN,304.0,MACAIBA,Ultrapassagem Indevida,Colisão lateral,Sem Vítimas,Plena Noite,Nublado,Simples,Não,Caminhonete,Ileso,31.0,Masculino
121939.0,2018-03-29,RN,304.0,MACAIBA,Ultrapassagem Indevida,Colisão lateral,Sem Vítimas,Plena Noite,Nublado,Simples,Não,Caminhão,Não Informado,,Não Informado
121956.0,2018-03-29,RN,304.0,ACU,Velocidade Incompatível,Colisão traseira,Com Vítimas Feridas,Plena Noite,Nublado,Simples,Não,Utilitário,Ileso,31.0,Masculino
121956.0,2018-03-29,RN,304.0,ACU,Velocidade Incompatível,Colisão traseira,Com Vítimas Feridas,Plena Noite,Nublado,Simples,Não,Automóvel,Lesões Leves,31.0,Masculino
121956.0,2018-03-29,RN,304.0,ACU,Velocidade Incompatível,Colisão traseira,Com Vítimas Feridas,Plena Noite,Nublado,Simples,Não,Automóvel,Lesões Leves,29.0,Masculino
121956.0,2018-03-29,RN,304.0,ACU,Velocidade Incompatível,Colisão traseira,Com Vítimas Feridas,Plena Noite,Nublado,Simples,Não,Automóvel,Lesões Leves,7.0,Masculino
121956.0,2018-03-29,RN,304.0,ACU,Velocidade Incompatível,Colisão traseira,Com Vítimas Feridas,Plena Noite,Nublado,Simples,Não,Automóvel,Lesões Graves,34.0,Feminino
121983.0,2018-03-30,RN,406.0,SAO GONCALO DO AMARANTE,Pista Escorregadia,Queda de ocupante de veículo,Com Vítimas Feridas,Plena Noite,Chuva,Dupla,Não,Motocicleta,Lesões Leves,38.0,Masculino
122077.0,2018-03-30,RN,110.0,MOSSORO,Falta de Atenção à Condução,Colisão transversal,Com Vítimas Feridas,Pleno dia,Céu Claro,Dupla,Sim,Motoneta,Lesões Leves,34.0,Masculino
122077.0,2018-03-30,RN,110.0,MOSSORO,Falta de Atenção à Condução,Colisão transversal,Com Vítimas Feridas,Pleno dia,Céu Claro,Dupla,Sim,Caminhão,Ileso,57.0,Masculino
122081.0,2018-03-30,RN,101.0,SAO GONCALO DO AMARANTE,Falta de Atenção à Condução,Queda de ocupante de veículo,Com Vítimas Feridas,Pleno dia,Céu Claro,Dupla,Sim,Motocicleta,Lesões Leves,47.0,Masculino
122127.0,2018-03-30,RN,304.0,MOSSORO,Pista Escorregadia,Saída de leito carroçável,Com Vítimas Feridas,Pleno dia,Chuva,Simples,Não,Automóvel,Ileso,28.0,Masculino
122127.0,2018-03-30,RN,304.0,MOSSORO,Pista Escorregadia,Saída de leito carroçável,Com Vítimas Feridas,Pleno dia,Chuva,Simples,Não,Automóvel,Lesões Leves,24.0,Feminino
122180.0,2018-03-30,RN,304.0,ACU,Defeito Mecânico no Veículo,Saída de leito carroçável,Com Vítimas Feridas,Plena Noite,Céu Claro,Simples,Não,Caminhão-trator,Ileso,30.0,Masculino
122180.0,2018-03-30,RN,304.0,ACU,Defeito Mecânico no Veículo,Saída de leito carroçável,Com Vítimas Feridas,Plena Noite,Céu Claro,Simples,Não,Caminhão-trator,Lesões Leves,26.0,Feminino
122314.0,2018-03-31,RN,101.0,NATAL,Falta de Atenção à Condução,Engavetamento,Sem Vítimas,Pleno dia,Céu Claro,Dupla,Sim,Automóvel,Ileso,21.0,Masculino
122314.0,2018-03-31,RN,101.0,NATAL,Falta de Atenção à Condução,Engavetamento,Sem Vítimas,Pleno dia,Céu Claro,Dupla,Sim,Caminhonete,Ileso,59.0,Masculino
122314.0,2018-03-31,RN,101.0,NATAL,Falta de Atenção à Condução,Engavetamento,Sem Vítimas,Pleno dia,Céu Claro,Dupla,Sim,Automóvel,Ileso,42.0,Feminino
122325.0,2018-03-31,RN,406.0,TAIPU,Desobediência às normas de trânsito pelo condutor,Colisão traseira,Com Vítimas Feridas,Pleno dia,Céu Claro,Simples,Não,Caminhonete,Ileso,62.0,Masculino
122325.0,2018-03-31,RN,406.0,TAIPU,Desobediência às normas de trânsito pelo condutor,Colisão traseira,Com Vítimas Feridas,Pleno dia,Céu Claro,Simples,Não,Camioneta,Ileso,53.0,Masculino
122325.0,2018-03-31,RN,406.0,TAIPU,Desobediência às normas de trânsito pelo condutor,Colisão traseira,Com Vítimas Feridas,Pleno dia,Céu Claro,Simples,Não,Camioneta,Lesões Leves,54.0,Masculino
122386.0,2018-03-31,RN,406.0,JOAO CAMARA,Desobediência às normas de trânsito pelo condutor,Colisão transversal,Com Vítimas Feridas,Plena Noite,Nublado,Simples,Sim,Caminhonete,Ileso,35.0,Masculino
122386.0,2018-03-31,RN,406.0,JOAO CAMARA,Desobediência às normas de trânsito pelo condutor,Colisão transversal,Com Vítimas Feridas,Plena Noite,Nublado,Simples,Sim,Motocicleta,Não Informado,,Não Informado
122386.0,2018-03-31,RN,406.0,JOAO CAMARA,Desobediência às normas de trânsito pelo condutor,Colisão transversal,Com Vítimas Feridas,Plena Noite,Nublado,Simples,Sim,Motocicleta,Lesões Leves,17.0,Feminino
122502.0,2018-04-01,RN,304.0,ANGICOS,Pista Escorregadia,Saída de leito carroçável,Sem Vítimas,Pleno dia,Garoa/Chuvisco,Simples,Não,Automóvel,Ileso,26.0,Masculino
122502.0,2018-04-01,RN,304.0,ANGICOS,Pista Escorregadia,Saída de leito carroçável,Sem Vítimas,Pleno dia,Garoa/Chuvisco,Simples,Não,Automóvel,Ileso,24.0,Feminino
122566.0,2018-04-01,RN,427.0,CAICO,Ingestão de Álcool,Colisão lateral,Sem Vítimas,Anoitecer,Nublado,Simples,Sim,Caminhão,Ileso,39.0,Masculino
122566.0,2018-04-01,RN,427.0,CAICO,Ingestão de Álcool,Colisão lateral,Sem Vítimas,Anoitecer,Nublado,Simples,Sim,Caminhonete,Ileso,37.0,Masculino
122567.0,2018-04-01,RN,304.0,LAJES,Desobediência às normas de trânsito pelo condutor,Colisão lateral,Sem Vítimas,Plena Noite,Céu Claro,Simples,Não,Ônibus,Ileso,27.0,Masculino
122567.0,2018-04-01,RN,304.0,LAJES,Desobediência às normas de trânsito pelo condutor,Colisão lateral,Sem Vítimas,Plena Noite,Céu Claro,Simples,Não,Caminhonete,Ileso,,Masculino
122574.0,2018-04-01,RN,101.0,MAXARANGUAPE,Falta de Atenção à Condução,Colisão traseira,Com Vítimas Feridas,Plena Noite,Chuva,Simples,Não,Automóvel,Lesões Leves,52.0,Masculino
122574.0,2018-04-01,RN,101.0,MAXARANGUAPE,Falta de Atenção à Condução,Colisão traseira,Com Vítimas Feridas,Plena Noite,Chuva,Simples,Não,Caminhonete,Ileso,47.0,Masculino
122574.0,2018-04-01,RN,101.0,MAXARANGUAPE,Falta de Atenção à Condução,Colisão traseira,Com Vítimas Feridas,Plena Noite,Chuva,Simples,Não,Automóvel,Lesões Leves,37.0,Masculino
122605.0,2018-04-01,RN,427.0,ACARI,Falta de Atenção à Condução,Colisão traseira,Sem Vítimas,Plena Noite,Céu Claro,Simples,Sim,Automóvel,Ileso,41.0,Masculino
122605.0,2018-04-01,RN,427.0,ACARI,Falta de Atenção à Condução,Colisão traseira,Sem Vítimas,Plena Noite,Céu Claro,Simples,Sim,Motocicleta,Ileso,,Masculino
122606.0,2018-04-01,RN,304.0,ACU,Desobediência às normas de trânsito pelo condutor,Colisão traseira,Sem Vítimas,Plena Noite,Ignorado,Simples,Sim,Automóvel,Ileso,43.0,Feminino
122606.0,2018-04-01,RN,304.0,ACU,Desobediência às normas de trânsito pelo condutor,Colisão traseira,Sem Vítimas,Plena Noite,Ignorado,Simples,Sim,Automóvel,Ileso,44.0,Masculino
122606.0,2018-04-01,RN,304.0,ACU,Desobediência às normas de trânsito pelo condutor,Colisão traseira,Sem Vítimas,Plena Noite,Ignorado,Simples,Sim,Automóvel,Ileso,,Ignorado
122606.0,2018-04-01,RN,304.0,ACU,Desobediência às normas de trânsito pelo condutor,Colisão traseira,Sem Vítimas,Plena Noite,Ignorado,Simples,Sim,Caminhonete,Ileso,,Ignorado
122606.0,2018-04-01,RN,304.0,ACU,Desobediência às normas de trânsito pelo condutor,Colisão traseira,Sem Vítimas,Plena Noite,Ignorado,Simples,Sim,Automóvel,Ileso,23.0,Masculino
122723.0,2018-04-02,RN,304.0,MOSSORO,Defeito na Via,Colisão traseira,Com Vítimas Feridas,Pleno dia,Chuva,Dupla,Sim,Automóvel,Lesões Leves,64.0,Masculino
122723.0,2018-04-02,RN,304.0,MOSSORO,Defeito na Via,Colisão traseira,Com Vítimas Feridas,Pleno dia,Chuva,Dupla,Sim,Automóvel,Lesões Leves,58.0,Feminino
122723.0,2018-04-02,RN,304.0,MOSSORO,Defeito na Via,Colisão traseira,Com Vítimas Feridas,Pleno dia,Chuva,Dupla,Sim,Automóvel,Ileso,29.0,Masculino
122723.0,2018-04-02,RN,304.0,MOSSORO,Defeito na Via,Colisão traseira,Com Vítimas Feridas,Pleno dia,Chuva,Dupla,Sim,Automóvel,Lesões Leves,27.0,Feminino
122723.0,2018-04-02,RN,304.0,MOSSORO,Defeito na Via,Colisão traseira,Com Vítimas Feridas,Pleno dia,Chuva,Dupla,Sim,Automóvel,Ileso,17.0,Feminino
122723.0,2018-04-02,RN,304.0,MOSSORO,Defeito na Via,Colisão traseira,Com Vítimas Feridas,Pleno dia,Chuva,Dupla,Sim,Automóvel,Ileso,1.0,Feminino
122802.0,2018-04-02,RN,304.0,MOSSORO,Avarias e/ou desgaste excessivo no pneu,Queda de ocupante de veículo,Com Vítimas Feridas,Pleno dia,Céu Claro,Simples,Sim,Motoneta,Lesões Leves,53.0,Masculino
122802.0,2018-04-02,RN,304.0,MOSSORO,Avarias e/ou desgaste excessivo no pneu,Queda de ocupante de veículo,Com Vítimas Feridas,Pleno dia,Céu Claro,Simples,Sim,Motoneta,Lesões Leves,24.0,Masculino
122837.0,2018-04-02,RN,405.0,MOSSORO,Desobediência às normas de trânsito pelo condutor,Colisão frontal,Com Vítimas Feridas,Plena Noite,Céu Claro,Simples,Sim,Motocicleta,Lesões Leves,16.0,Masculino
122837.0,2018-04-02,RN,405.0,MOSSORO,Desobediência às normas de trânsito pelo condutor,Colisão frontal,Com Vítimas Feridas,Plena Noite,Céu Claro,Simples,Sim,Automóvel,Não Informado,,Não Informado
122837.0,2018-04-02,RN,405.0,MOSSORO,Desobediência às normas de trânsito pelo condutor,Colisão frontal,Com Vítimas Feridas,Plena Noite,Céu Claro,Simples,Sim,Automóvel,Ileso,,Masculino
122837.0,2018-04-02,RN,405.0,MOSSORO,Desobediência às normas de trânsito pelo condutor,Colisão frontal,Com Vítimas Feridas,Plena Noite,Céu Claro,Simples,Sim,Motocicleta,Lesões Leves,22.0,Masculino
122872.0,2018-04-02,RN,101.0,PARNAMIRIM,Falta de Atenção à Condução,Colisão transversal,Com Vítimas Feridas,Plena Noite,Céu Claro,Dupla,Sim,Automóvel,Ileso,39.0,Masculino
122872.0,2018-04-02,RN,101.0,PARNAMIRIM,Falta de Atenção à Condução,Colisão transversal,Com Vítimas Feridas,Plena Noite,Céu Claro,Dupla,Sim,Motocicleta,Lesões Leves,21.0,Masculino
122933.0,2018-04-03,RN,101.0,NATAL,Pista Escorregadia,Tombamento,Com Vítimas Feridas,Pleno dia,Chuva,Dupla,Sim,Motocicleta,Lesões Leves,22.0,Masculino
122933.0,2018-04-03,RN,101.0,NATAL,Pista Escorregadia,Tombamento,Com Vítimas Feridas,Pleno dia,Chuva,Dupla,Sim,Motocicleta,Lesões Leves,,Feminino
123013.0,2018-04-03,RN,304.0,MOSSORO,Ingestão de Álcool,Colisão transversal,Com Vítimas Feridas,Plena Noite,Ignorado,Dupla,Sim,Automóvel,Ileso,31.0,Masculino
123013.0,2018-04-03,RN,304.0,MOSSORO,Ingestão de Álcool,Colisão transversal,Com Vítimas Feridas,Plena Noite,Ignorado,Dupla,Sim,Motocicleta,Lesões Graves,48.0,Masculino
123058.0,2018-04-03,RN,101.0,NATAL,Não guardar distância de segurança,Queda de ocupante de veículo,Com Vítimas Feridas,Plena Noite,Céu Claro,Dupla,Sim,Motocicleta,Lesões Leves,24.0,Masculino
123058.0,2018-04-03,RN,101.0,NATAL,Não guardar distância de segurança,Queda de ocupante de veículo,Com Vítimas Feridas,Plena Noite,Céu Claro,Dupla,Sim,Motocicleta,Lesões Leves,33.0,Feminino
123137.0,2018-01-20,RN,405.0,JOSE DA PENHA,Desobediência às normas de trânsito pelo condutor,Colisão transversal,Com Vítimas Feridas,Plena Noite,Ignorado,Simples,Sim,Automóvel,Ileso,34.0,Masculino
123137.0,2018-01-20,RN,405.0,JOSE DA PENHA,Desobediência às normas de trânsito pelo condutor,Colisão transversal,Com Vítimas Feridas,Plena Noite,Ignorado,Simples,Sim,Motocicleta,Lesões Graves,64.0,Masculino
123217.0,2018-04-04,RN,304.0,MOSSORO,Ingestão de Álcool,Tombamento,Com Vítimas Feridas,Plena Noite,Céu Claro,Dupla,Sim,Ciclomotor,Lesões Leves,39.0,Masculino
123217.0,2018-04-04,RN,304.0,MOSSORO,Ingestão de Álcool,Tombamento,Com Vítimas Feridas,Plena Noite,Céu Claro,Dupla,Sim,Ciclomotor,Não Informado,,Não Informado
123395.0,2018-04-05,RN,226.0,NATAL,Deficiência ou não Acionamento do Sistema de Iluminação/Sinalização do Veículo,Colisão traseira,Com Vítimas Feridas,Pleno dia,Sol,Dupla,Não,Caminhão,Ileso,47.0,Masculino
123395.0,2018-04-05,RN,226.0,NATAL,Deficiência ou não Acionamento do Sistema de Iluminação/Sinalização do Veículo,Colisão traseira,Com Vítimas Feridas,Pleno dia,Sol,Dupla,Não,Motocicleta,Lesões Graves,38.0,Masculino
123560.0,2018-04-05,RN,110.0,AUGUSTO SEVERO,Agressão Externa,Engavetamento,Com Vítimas Feridas,Plena Noite,Ignorado,Dupla,Sim,Ônibus,Ileso,41.0,Masculino
123560.0,2018-04-05,RN,110.0,AUGUSTO SEVERO,Agressão Externa,Engavetamento,Com Vítimas Feridas,Plena Noite,Ignorado,Dupla,Sim,Automóvel,Ileso,67.0,Feminino
123560.0,2018-04-05,RN,110.0,AUGUSTO SEVERO,Agressão Externa,Engavetamento,Com Vítimas Feridas,Plena Noite,Ignorado,Dupla,Sim,Automóvel,Ileso,42.0,Masculino
123560.0,2018-04-05,RN,110.0,AUGUSTO SEVERO,Agressão Externa,Engavetamento,Com Vítimas Feridas,Plena Noite,Ignorado,Dupla,Sim,Automóvel,Ileso,20.0,Feminino
123560.0,2018-04-05,RN,110.0,AUGUSTO SEVERO,Agressão Externa,Engavetamento,Com Vítimas Feridas,Plena Noite,Ignorado,Dupla,Sim,Automóvel,Ileso,60.0,Feminino
123560.0,2018-04-05,RN,110.0,AUGUSTO SEVERO,Agressão Externa,Engavetamento,Com Vítimas Feridas,Plena Noite,Ignorado,Dupla,Sim,Motocicleta,Lesões Graves,31.0,Masculino
123693.0,2018-04-06,RN,101.0,PARNAMIRIM,Falta de Atenção à Condução,Colisão traseira,Com Vítimas Feridas,Pleno dia,Céu Claro,Dupla,Sim,Automóvel,Ileso,34.0,Masculino
123693.0,2018-04-06,RN,101.0,PARNAMIRIM,Falta de Atenção à Condução,Colisão traseira,Com Vítimas Feridas,Pleno dia,Céu Claro,Dupla,Sim,Automóvel,Lesões Leves,43.0,Masculino
123693.0,2018-04-06,RN,101.0,PARNAMIRIM,Falta de Atenção à Condução,Colisão traseira,Com Vítimas Feridas,Pleno dia,Céu Claro,Dupla,Sim,Automóvel,Ileso,46.0,Masculino
124027.0,2018-04-06,RN,110.0,MOSSORO,Desobediência às normas de trânsito pelo condutor,Colisão transversal,Com Vítimas Feridas,Plena Noite,Céu Claro,Simples,Não,Ciclomotor,Não Informado,,Não Informado
124027.0,2018-04-06,RN,110.0,MOSSORO,Desobediência às normas de trânsito pelo condutor,Colisão transversal,Com Vítimas Feridas,Plena Noite,Céu Claro,Simples,Não,Ciclomotor,Lesões Leves,25.0,Feminino
124027.0,2018-04-06,RN,110.0,MOSSORO,Desobediência às normas de trânsito pelo condutor,Colisão transversal,Com Vítimas Feridas,Plena Noite,Céu Claro,Simples,Não,Ciclomotor,Lesões Leves,47.0,Masculino