id,data_inversa,uf,br,municipio,causa_acidente,tipo_acidente,classificacao_acidente,fase_dia,condicao_metereologica,tipo_pista,uso_solo,tipo_veiculo,estado_fisico,idade,sexo
124073.0,2018-04-06,RN,405.0,APODI,Defeito Mecânico no Veículo,Queda de ocupante de veículo,Com Vítimas Feridas,Plena Noite,Céu Claro,Simples,Não,Motocicleta,Lesões Graves,34.0,Masculino
124086.0,2018-04-07,RN,101.0,SAO JOSE DE MIPIBU,Falta de Atenção à Condução,Colisão traseira,Com Vítimas Feridas,Amanhecer,Céu Claro,Dupla,Não,Bicicleta,Lesões Graves,49.0,Masculino
124096.0,2018-04-07,RN,304.0,MOSSORO,Ingestão de Álcool,Colisão com objeto estático,Com Vítimas Feridas,Amanhecer,Céu Claro,Múltipla,Sim,Ciclomotor,Lesões Leves,28.0,Masculino
124194.0,2018-04-07,RN,304.0,MOSSORO,Velocidade Incompatível,Colisão transversal,Com Vítimas Feridas,Pleno dia,Nublado,Simples,Sim,Automóvel,Ileso,29.0,Masculino
124194.0,2018-04-07,RN,304.0,MOSSORO,Velocidade Incompatível,Colisão transversal,Com Vítimas Feridas,Pleno dia,Nublado,Simples,Sim,Motocicleta,Lesões Leves,29.0,Masculino
124194.0,2018-04-07,RN,304.0,MOSSORO,Velocidade Incompatível,Colisão transversal,Com Vítimas Feridas,Pleno dia,Nublado,Simples,Sim,Motocicleta,Lesões Leves,22.0,Masculino
124347.0,2018-04-07,RN,304.0,ANGICOS,Animais na Pista,Atropelamento de Animal,Com Vítimas Feridas,Plena Noite,Céu Claro,Simples,Não,Automóvel,Lesões Leves,60.0,Feminino
124347.0,2018-04-07,RN,304.0,ANGICOS,Animais na Pista,Atropelamento de Animal,Com Vítimas Feridas,Plena Noite,Céu Claro,Simples,Não,Caminhão-trator,Ileso,65.0,Masculino
124347.0,2018-04-07,RN,304.0,ANGICOS,Animais na Pista,Atropelamento de Animal,Com Vítimas Feridas,Plena Noite,Céu Claro,Simples,Não,Automóvel,Lesões Leves,62.0,Masculino
124350.0,2018-04-07,RN,101.0,NATAL,Desobediência às normas de trânsito pelo condutor,Colisão lateral,Com Vítimas Feridas,Plena Noite,Céu Claro,Dupla,Sim,Motocicleta,Lesões Leves,21.0,Masculino
124350.0,2018-04-07,RN,101.0,NATAL,Desobediência às normas de trânsito pelo condutor,Colisão lateral,Com Vítimas Feridas,Plena Noite,Céu Claro,Dupla,Sim,Ônibus,Ileso,42.0,Masculino
124350.0,2018-04-07,RN,101.0,NATAL,Desobediência às normas de trânsito pelo condutor,Colisão lateral,Com Vítimas Feridas,Plena Noite,Céu Claro,Dupla,Sim,Ônibus,Ileso,36.0,Masculino
124448.0,2018-04-07,RN,226.0,MACAIBA,Desobediência às normas de trânsito pelo condutor,Colisão transversal,Com Vítimas Feridas,Plena Noite,Nublado,Simples,Sim,Automóvel,Ileso,27.0,Masculino
124448.0,2018-04-07,RN,226.0,MACAIBA,Desobediência às normas de trânsito pelo condutor,Colisão transversal,Com Vítimas Feridas,Plena Noite,Nublado,Simples,Sim,Automóvel,Lesões Graves,53.0,Masculino
124547.0,2018-04-08,RN,304.0,MOSSORO,Animais na Pista,Atropelamento de Animal,Com Vítimas Feridas,Amanhecer,Céu Claro,Dupla,Sim,Ciclomotor,Lesões Graves,33.0,Masculino
124786.0,2018-04-08,RN,101.0,NATAL,Desobediência às normas de trânsito pelo condutor,Capotamento,Sem Vítimas,Plena Noite,Nublado,Dupla,Sim,Automóvel,Ileso,,Ignorado
124786.0,2018-04-08,RN,101.0,NATAL,Desobediência às normas de trânsito pelo condutor,Capotamento,Sem Vítimas,Plena Noite,Nublado,Dupla,Sim,Automóvel,Ileso,30.0,Masculino
124825.0,2018-04-09,RN,304.0,MOSSORO,Ingestão de Álcool,Tombamento,Com Vítimas Feridas,Plena Noite,Ignorado,Simples,Não,Motocicleta,Lesões Leves,44.0,Masculino
124989.0,2018-04-09,RN,101.0,NATAL,Falta de Atenção à Condução,Colisão traseira,Com Vítimas Feridas,Pleno dia,Nublado,Dupla,Sim,Ônibus,Ileso,24.0,Masculino
124989.0,2018-04-09,RN,101.0,NATAL,Falta de Atenção à Condução,Colisão traseira,Com Vítimas Feridas,Pleno dia,Nublado,Dupla,Sim,Motocicleta,Lesões Leves,34.0,Masculino
124989.0,2018-04-09,RN,101.0,NATAL,Falta de Atenção à Condução,Colisão traseira,Com Vítimas Feridas,Pleno dia,Nublado,Dupla,Sim,Camioneta,Ileso,75.0,Masculino
125036.0,2018-04-09,RN,101.0,PARNAMIRIM,Não guardar distância de segurança,Engavetamento,Com Vítimas Feridas,Pleno dia,Céu Claro,Dupla,Sim,Automóvel,Ileso,28.0,Masculino
125036.0,2018-04-09,RN,101.0,PARNAMIRIM,Não guardar distância de segurança,Engavetamento,Com Vítimas Feridas,Pleno dia,Céu Claro,Dupla,Sim,Motocicleta,Lesões Leves,36.0,Masculino
125036.0,2018-04-09,RN,101.0,PARNAMIRIM,Não guardar distância de segurança,Engavetamento,Com Vítimas Feridas,Pleno dia,Céu Claro,Dupla,Sim,Caminhonete,Ileso,25.0,Masculino
125061.0,2018-04-09,RN,304.0,ANGICOS,Defeito na Via,Colisão frontal,Com Vítimas Feridas,Pleno dia,Chuva,Simples,Não,Automóvel,Lesões Leves,63.0,Masculino
125061.0,2018-04-09,RN,304.0,ANGICOS,Defeito na Via,Colisão frontal,Com Vítimas Feridas,Pleno dia,Chuva,Simples,Não,Automóvel,Ileso,31.0,Masculino
125061.0,2018-04-09,RN,304.0,ANGICOS,Defeito na Via,Colisão frontal,Com Vítimas Feridas,Pleno dia,Chuva,Simples,Não,Automóvel,Lesões Leves,52.0,Feminino
125064.0,2018-02-08,RN,101.0,SAO GONCALO DO AMARANTE,Não guardar distância de segurança,Capotamento,Com Vítimas Feridas,Pleno dia,Céu Claro,Dupla,Sim,Automóvel,Lesões Leves,26.0,Feminino
125064.0,2018-02-08,RN,101.0,SAO GONCALO DO AMARANTE,Não guardar distância de segurança,Capotamento,Com Vítimas Feridas,Pleno dia,Céu Claro,Dupla,Sim,Automóvel,Ileso,33.0,Feminino
125064.0,2018-02-08,RN,101.0,SAO GONCALO DO AMARANTE,Não guardar distância de segurança,Capotamento,Com Vítimas Feridas,Pleno dia,Céu Claro,Dupla,Sim,Motoneta,Lesões Leves,31.0,Masculino
125064.0,2018-02-08,RN,101.0,SAO GONCALO DO AMARANTE,Não guardar distância de segurança,Capotamento,Com Vítimas Feridas,Pleno dia,Céu Claro,Dupla,Sim,Motocicleta,Ileso,,Masculino
126912.0,2018-04-09,RN,101.0,MACAIBA,Falta de Atenção à Condução,Tombamento,Com Vítimas Feridas,Plena Noite,Céu Claro,Dupla,Sim,Motocicleta,Lesões Leves,32.0,Masculino
126914.0,2018-04-10,RN,101.0,SAO GONCALO DO AMARANTE,Falta de Atenção à Condução,Colisão traseira,Com Vítimas Feridas,Pleno dia,Céu Claro,Dupla,Não,Automóvel,Ileso,32.0,Masculino
126914.0,2018-04-10,RN,101.0,SAO GONCALO DO AMARANTE,Falta de Atenção à Condução,Colisão traseira,Com Vítimas Feridas,Pleno dia,Céu Claro,Dupla,Não,Motocicleta,Lesões Graves,27.0,Feminino
126914.0,2018-04-10,RN,101.0,SAO GONCALO DO AMARANTE,Falta de Atenção à Condução,Colisão traseira,Com Vítimas Feridas,Pleno dia,Céu Claro,Dupla,Não,Motocicleta,Lesões Leves,42.0,Masculino
127012.0,2018-04-10,RN,304.0,ANGICOS,Ultrapassagem Indevida,Saída de leito carroçável,Com Vítimas Feridas,Pleno dia,Chuva,Simples,Não,Caminhonete,Lesões Leves,32.0,Masculino
127012.0,2018-04-10,RN,304.0,ANGICOS,Ultrapassagem Indevida,Saída de leito carroçável,Com Vítimas Feridas,Pleno dia,Chuva,Simples,Não,Caminhonete,Lesões Leves,27.0,Masculino
127033.0,2018-04-10,RN,427.0,CAICO,Desobediência às normas de trânsito pelo condutor,Colisão frontal,Com Vítimas Feridas,Plena Noite,Céu Claro,Simples,Sim,Automóvel,Ileso,68.0,Feminino
127033.0,2018-04-10,RN,427.0,CAICO,Desobediência às normas de trânsito pelo condutor,Colisão frontal,Com Vítimas Feridas,Plena Noite,Céu Claro,Simples,Sim,Ciclomotor,Lesões Leves,26.0,Feminino
127170.0,2018-04-11,RN,304.0,MOSSORO,Falta de Atenção à Condução,Colisão lateral,Com Vítimas Feridas,Pleno dia,Nublado,Dupla,Sim,Caminhonete,Lesões Leves,52.0,Feminino
127170.0,2018-04-11,RN,304.0,MOSSORO,Falta de Atenção à Condução,Colisão lateral,Com Vítimas Feridas,Pleno dia,Nublado,Dupla,Sim,Automóvel,Lesões Leves,72.0,Feminino
127182.0,2018-04-01,RN,304.0,SANTA MARIA,Desobediência às normas de trânsito pelo condutor,Colisão frontal,Com Vítimas Fatais,Plena Noite,Céu Claro,Simples,Sim,Automóvel,Ileso,31.0,Masculino
127182.0,2018-04-01,RN,304.0,SANTA MARIA,Desobediência às normas de trânsito pelo condutor,Colisão frontal,Com Vítimas Fatais,Plena Noite,Céu Claro,Simples,Sim,Ônibus,Ileso,35.0,Masculino
127182.0,2018-04-01,RN,304.0,SANTA MARIA,Desobediência às normas de trânsito pelo condutor,Colisão frontal,Com Vítimas Fatais,Plena Noite,Céu Claro,Simples,Sim,Automóvel,Lesões Graves,44.0,Feminino
127182.0,2018-04-01,RN,304.0,SANTA MARIA,Desobediência às normas de trânsito pelo condutor,Colisão frontal,Com Vítimas Fatais,Plena Noite,Céu Claro,Simples,Sim,Automóvel,Óbito,19.0,Masculino
127182.0,2018-04-01,RN,304.0,SANTA MARIA,Desobediência às normas de trânsito pelo condutor,Colisão frontal,Com Vítimas Fatais,Plena Noite,Céu Claro,Simples,Sim,Automóvel,Lesões Leves,10.0,Masculino
127182.0,2018-04-01,RN,304.0,SANTA MARIA,Desobediência às normas de trânsito pelo condutor,Colisão frontal,Com Vítimas Fatais,Plena Noite,Céu Claro,Simples,Sim,Automóvel,Lesões Leves,32.0,Feminino
127182.0,2018-04-01,RN,304.0,SANTA MARIA,Desobediência às normas de trânsito pelo condutor,Colisão frontal,Com Vítimas Fatais,Plena Noite,Céu Claro,Simples,Sim,Automóvel,Lesões Leves,50.0,Feminino
127182.0,2018-04-01,RN,304.0,SANTA MARIA,Desobediência às normas de trânsito pelo condutor,Colisão frontal,Com Vítimas Fatais,Plena Noite,Céu Claro,Simples,Sim,Automóvel,Lesões Graves,22.0,Feminino
127182.0,2018-04-01,RN,304.0,SANTA MARIA,Desobediência às normas de trânsito pelo condutor,Colisão frontal,Com Vítimas Fatais,Plena Noite,Céu Claro,Simples,Sim,Automóvel,Óbito,51.0,Feminino
127182.0,2018-04-01,RN,304.0,SANTA MARIA,Desobediência às normas de trânsito pelo condutor,Colisão frontal,Com Vítimas Fatais,Plena Noite,Céu Claro,Simples,Sim,Automóvel,Óbito,83.0,Feminino
127218.0,2018-04-11,RN,304.0,MACAIBA,Desobediência às normas de trânsito pelo pedestre,Atropelamento de Pedestre,Com Vítimas Fatais,Plena Noite,Nublado,Dupla,Não,Automóvel,Ileso,26.0,Masculino
127218.0,2018-04-11,RN,304.0,MACAIBA,Desobediência às normas de trânsito pelo pedestre,Atropelamento de Pedestre,Com Vítimas Fatais,Plena Noite,Nublado,Dupla,Não,Automóvel,Óbito,,Masculino
127291.0,2018-04-12,RN,101.0,NATAL,Agressão Externa,Colisão traseira,Sem Vítimas,Pleno dia,Nublado,Dupla,Sim,Ônibus,Ileso,42.0,Masculino
127291.0,2018-04-12,RN,101.0,NATAL,Agressão Externa,Colisão traseira,Sem Vítimas,Pleno dia,Nublado,Dupla,Sim,Automóvel,Ileso,25.0,Masculino
127291.0,2018-04-12,RN,101.0,NATAL,Agressão Externa,Colisão traseira,Sem Vítimas,Pleno dia,Nublado,Dupla,Sim,Automóvel,Ileso,57.0,Masculino
127495.0,2018-04-13,RN,101.0,PARNAMIRIM,Não guardar distância de segurança,Colisão lateral,Com Vítimas Feridas,Pleno dia,Nublado,Dupla,Não,Motocicleta,Lesões Leves,65.0,Masculino
127495.0,2018-04-13,RN,101.0,PARNAMIRIM,Não guardar distância de segurança,Colisão lateral,Com Vítimas Feridas,Pleno dia,Nublado,Dupla,Não,Caminhonete,Não Informado,,Não Informado
127495.0,2018-04-13,RN,101.0,PARNAMIRIM,Não guardar distância de segurança,Colisão lateral,Com Vítimas Feridas,Pleno dia,Nublado,Dupla,Não,Motocicleta,Lesões Leves,48.0,Feminino
127500.0,2018-04-13,RN,101.0,NATAL,Animais na Pista,Atropelamento de Animal,Com Vítimas Fatais,Amanhecer,Chuva,Simples,Não,Motocicleta,Óbito,55.0,Masculino
127530.0,2018-04-13,RN,101.0,CEARA-MIRIM,Falta de Atenção à Condução,Colisão com objeto estático,Com Vítimas Feridas,Pleno dia,Céu Claro,Simples,Não,Motocicleta,Lesões Leves,32.0,Masculino
127598.0,2018-04-13,RN,226.0,MESSIAS TARGINO,Falta de Atenção do Pedestre,Atropelamento de Pedestre,Com Vítimas Fatais,Plena Noite,Céu Claro,Simples,Sim,Automóvel,Óbito,51.0,Feminino
127598.0,2018-04-13,RN,226.0,MESSIAS TARGINO,Falta de Atenção do Pedestre,Atropelamento de Pedestre,Com Vítimas Fatais,Plena Noite,Céu Claro,Simples,Sim,Automóvel,Ileso,,Ignorado
127602.0,2018-04-13,RN,304.0,LAJES,Fenômenos da Natureza,Colisão frontal,Com Vítimas Feridas,Pleno dia,Chuva,Simples,Não,Caminhonete,Lesões Leves,18.0,Masculino
127602.0,2018-04-13,RN,304.0,LAJES,Fenômenos da Natureza,Colisão frontal,Com Vítimas Feridas,Pleno dia,Chuva,Simples,Não,Caminhonete,Lesões Graves,41.0,Masculino
127602.0,2018-04-13,RN,304.0,LAJES,Fenômenos da Natureza,Colisão frontal,Com Vítimas Feridas,Pleno dia,Chuva,Simples,Não,Caminhão-trator,Lesões Leves,64.0,Masculino
127602.0,2018-04-13,RN,304.0,LAJES,Fenômenos da Natureza,Colisão frontal,Com Vítimas Feridas,Pleno dia,Chuva,Simples,Não,Caminhão,Lesões Leves,45.0,Masculino
127669.0,2018-04-13,RN,101.0,NATAL,Falta de Atenção à Condução,Tombamento,Com Vítimas Feridas,Plena Noite,Céu Claro,Dupla,Sim,Motocicleta,Lesões Graves,40.0,Masculino
127727.0,2018-04-14,RN,304.0,IELMO MARINHO,Defeito Mecânico no Veículo,Saída de leito carroçável,Com Vítimas Fatais,Pleno dia,Céu Claro,Simples,Não,Caminhão-trator,Óbito,42.0,Masculino
127727.0,2018-04-14,RN,304.0,IELMO MARINHO,Defeito Mecânico no Veículo,Saída de leito carroçável,Com Vítimas Fatais,Pleno dia,Céu Claro,Simples,Não,Caminhão-trator,Não Informado,,Não Informado
127752.0,2018-04-14,RN,101.0,NATAL,Desobediência às normas de trânsito pelo condutor,Colisão lateral,Com Vítimas Feridas,Pleno dia,Céu Claro,Múltipla,Não,Automóvel,Ileso,40.0,Masculino
127752.0,2018-04-14,RN,101.0,NATAL,Desobediência às normas de trânsito pelo condutor,Colisão lateral,Com Vítimas Feridas,Pleno dia,Céu Claro,Múltipla,Não,Motocicleta,Lesões Leves,25.0,Masculino
127766.0,2018-04-14,RN,427.0,CAICO,Falta de Atenção à Condução,Engavetamento,Com Vítimas Feridas,Pleno dia,Céu Claro,Simples,Sim,Automóvel,Lesões Leves,38.0,Feminino
127766.0,2018-04-14,RN,427.0,CAICO,Falta de Atenção à Condução,Engavetamento,Com Vítimas Feridas,Pleno dia,Céu Claro,Simples,Sim,Caminhonete,Ileso,,Masculino
127766.0,2018-04-14,RN,427.0,CAICO,Falta de Atenção à Condução,Engavetamento,Com Vítimas Feridas,Pleno dia,Céu Claro,Simples,Sim,Automóvel,Ileso,,Masculino
127766.0,2018-04-14,RN,427.0,CAICO,Falta de Atenção à Condução,Engavetamento,Com Vítimas Feridas,Pleno dia,Céu Claro,Simples,Sim,Automóvel,Lesões Leves,33.0,Feminino
127796.0,2018-01-01,RN,110.0,AREIA BRANCA,Falta de Atenção à Condução,Colisão traseira,Com Vítimas Feridas,Pleno dia,Ignorado,Simples,Sim,Automóvel,Não Informado,,Não Informado
127796.0,2018-01-01,RN,110.0,AREIA BRANCA,Falta de Atenção à Condução,Colisão traseira,Com Vítimas Feridas,Pleno dia,Ignorado,Simples,Sim,Automóvel,Lesões Graves,,Feminino
127796.0,2018-01-01,RN,110.0,AREIA BRANCA,Falta de Atenção à Condução,Colisão traseira,Com Vítimas Feridas,Pleno dia,Ignorado,Simples,Sim,Automóvel,Ileso,,Masculino
127905.0,2018-04-14,RN,304.0,MOSSORO,Defeito Mecânico no Veículo,Colisão transversal,Com Vítimas Feridas,Plena Noite,Céu Claro,Dupla,Sim,Automóvel,Ileso,35.0,Masculino
127905.0,2018-04-14,RN,304.0,MOSSORO,Defeito Mecânico no Veículo,Colisão transversal,Com Vítimas Feridas,Plena Noite,Céu Claro,Dupla,Sim,Motocicleta,Lesões Graves,31.0,Masculino
127972.0,2018-04-15,RN,226.0,FLORANIA,Velocidade Incompatível,Queda de ocupante de veículo,Com Vítimas Fatais,Pleno dia,Céu Claro,Simples,Não,Motocicleta,Óbito,25.0,Masculino
128081.0,2018-04-15,RN,304.0,SANTA MARIA,Velocidade Incompatível,Colisão frontal,Com Vítimas Feridas,Anoitecer,Chuva,Simples,Não,Automóvel,Lesões Leves,41.0,Masculino
128081.0,2018-04-15,RN,304.0,SANTA MARIA,Velocidade Incompatível,Colisão frontal,Com Vítimas Feridas,Anoitecer,Chuva,Simples,Não,Automóvel,Lesões Leves,33.0,Masculino
128081.0,2018-04-15,RN,304.0,SANTA MARIA,Velocidade Incompatível,Colisão frontal,Com Vítimas Feridas,Anoitecer,Chuva,Simples,Não,Automóvel,Lesões Leves,64.0,Masculino
128081.0,2018-04-15,RN,304.0,SANTA MARIA,Velocidade Incompatível,Colisão frontal,Com Vítimas Feridas,Anoitecer,Chuva,Simples,Não,Automóvel,Lesões Graves,60.0,Feminino
128081.0,2018-04-15,RN,304.0,SANTA MARIA,Velocidade Incompatível,Colisão frontal,Com Vítimas Feridas,Anoitecer,Chuva,Simples,Não,Automóvel,Lesões Leves,18.0,Masculino
128092.0,2018-04-15,RN,226.0,TRIUNFO POTIGUAR,Falta de Atenção à Condução,Colisão transversal,Com Vítimas Fatais,Pleno dia,Chuva,Simples,Não,Motoneta,Óbito,36.0,Masculino
128092.0,2018-04-15,RN,226.0,TRIUNFO POTIGUAR,Falta de Atenção à Condução,Colisão transversal,Com Vítimas Fatais,Pleno dia,Chuva,Simples,Não,Caminhonete,Ileso,53.0,Masculino
128122.0,2018-04-15,RN,406.0,CEARA-MIRIM,Desobediência às normas de trânsito pelo condutor,Colisão traseira,Com Vítimas Fatais,Plena Noite,Garoa/Chuvisco,Simples,Não,Bicicleta,Óbito,61.0,Masculino
128122.0,2018-04-15,RN,406.0,CEARA-MIRIM,Desobediência às normas de trânsito pelo condutor,Colisão traseira,Com Vítimas Fatais,Plena Noite,Garoa/Chuvisco,Simples,Não,Ônibus,Ileso,42.0,Masculino
128323.0,2018-04-13,RN,405.0,MOSSORO,Falta de Atenção à Condução,Colisão transversal,Com Vítimas Feridas,Plena Noite,Nublado,Dupla,Sim,Automóvel,Lesões Leves,28.0,Feminino
128323.0,2018-04-13,RN,405.0,MOSSORO,Falta de Atenção à Condução,Colisão transversal,Com Vítimas Feridas,Plena Noite,Nublado,Dupla,Sim,Automóvel,Lesões Graves,35.0,Masculino
128323.0,2018-04-13,RN,405.0,MOSSORO,Falta de Atenção à Condução,Colisão transversal,Com Vítimas Feridas,Plena Noite,Nublado,Dupla,Sim,Automóvel,Lesões Leves,34.0,Masculino
128323.0,2018-04-13,RN,405.0,MOSSORO,Falta de Atenção à Condução,Colisão transversal,Com Vítimas Feridas,Plena Noite,Nublado,Dupla,Sim,Automóvel,Lesões Graves,38.0,Masculino
128392.0,2018-04-12,RN,304.0,MACAIBA,Animais na Pista,Atropelamento de Animal,Com Vítimas Feridas,Plena Noite,Chuva,Simples,Sim,Automóvel,Lesões Leves,32.0,Masculino
128443.0,2018-04-12,RN,101.0,NATAL,Não guardar distância de segurança,Colisão traseira,Sem Vítimas,Pleno dia,Céu Claro,Simples,Sim,Utilitário,Ileso,72.0,Masculino
128443.0,2018-04-12,RN,101.0,NATAL,Não guardar distância de segurança,Colisão traseira,Sem Vítimas,Pleno dia,Céu Claro,Simples,Sim,Automóvel,Ileso,56.0,Masculino
128460.0,2018-03-25,RN,405.0,PAU DOS FERROS,Ingestão de Álcool,Colisão traseira,Com Vítimas Fatais,Plena Noite,Céu Claro,Simples,Não,Caminhonete,Não Informado,,Não Informado
128460.0,2018-03-25,RN,405.0,PAU DOS FERROS,Ingestão de Álcool,Colisão traseira,Com Vítimas Fatais,Plena Noite,Céu Claro,Simples,Não,Motoneta,Óbito,21.0,Feminino
128460.0,2018-03-25,RN,405.0,PAU DOS FERROS,Ingestão de Álcool,Colisão traseira,Com Vítimas Fatais,Plena Noite,Céu Claro,Simples,Não,Caminhonete,Não Informado,,Não Informado
128460.0,2018-03-25,RN,405.0,PAU DOS FERROS,Ingestão de Álcool,Colisão traseira,Com Vítimas Fatais,Plena Noite,Céu Claro,Simples,Não,Motoneta,Óbito,32.0,Masculino
128460.0,2018-03-25,RN,405.0,PAU DOS FERROS,Ingestão de Álcool,Colisão traseira,Com Vítimas Fatais,Plena Noite,Céu Claro,Simples,Não,Caminhonete,Lesões Leves,58.0,Masculino
128460.0,2018-03-25,RN,405.0,PAU DOS FERROS,Ingestão de Álcool,Colisão traseira,Com Vítimas Fatais,Plena Noite,Céu Claro,Simples,Não,Motoneta,Lesões Graves,3.0,Masculino
128477.0,2018-04-17,RN,110.0,MOSSORO,Desobediência às normas de trânsito pelo condutor,Colisão traseira,Com Vítimas Feridas,Pleno dia,Céu Claro,Simples,Sim,Automóvel,Ileso,24.0,Masculino
128477.0,2018-04-17,RN,110.0,MOSSORO,Desobediência às normas de trânsito pelo condutor,Colisão traseira,Com Vítimas Feridas,Pleno dia,Céu Claro,Simples,Sim,Ciclomotor,Lesões Leves,24.0,Masculino
128512.0,2018-04-12,RN,101.0,PARNAMIRIM,Falta de Atenção à Condução,Colisão transversal,Com Vítimas Feridas,Plena Noite,Céu Claro,Dupla,Sim,Automóvel,Ileso,57.0,Masculino
128512.0,2018-04-12,RN,101.0,PARNAMIRIM,Falta de Atenção à Condução,Colisão transversal,Com Vítimas Feridas,Plena Noite,Céu Claro,Dupla,Sim,Motocicleta,Lesões Graves,42.0,Masculino
128565.0,2018-04-17,RN,101.0,NATAL,Falta de Atenção à Condução,Tombamento,Com Vítimas Feridas,Plena Noite,Céu Claro,Múltipla,Sim,Motocicleta,Lesões Leves,22.0,Masculino
128728.0,2018-04-18,RN,405.0,FELIPE GUERRA,Condutor Dormindo,Colisão frontal,Com Vítimas Feridas,Pleno dia,Sol,Simples,Não,Caminhão-trator,Ileso,50.0,Masculino
128728.0,2018-04-18,RN,405.0,FELIPE GUERRA,Condutor Dormindo,Colisão frontal,Com Vítimas Feridas,Pleno dia,Sol,Simples,Não,Automóvel,Lesões Graves,53.0,Masculino
128770.0,2018-04-18,RN,110.0,MOSSORO,Não guardar distância de segurança,Colisão traseira,Com Vítimas Feridas,Plena Noite,Nublado,Simples,Sim,Caminhão-trator,Ileso,51.0,Masculino
128770.0,2018-04-18,RN,110.0,MOSSORO,Não guardar distância de segurança,Colisão traseira,Com Vítimas Feridas,Plena Noite,Nublado,Simples,Sim,Caminhonete,Ileso,34.0,Masculino
128770.0,2018-04-18,RN,110.0,MOSSORO,Não guardar distância de segurança,Colisão traseira,Com Vítimas Feridas,Plena Noite,Nublado,Simples,Sim,Automóvel,Lesões Leves,45.0,Feminino
128841.0,2018-04-19,RN,101.0,PARNAMIRIM,Desobediência às normas de trânsito pelo condutor,Colisão lateral,Com Vítimas Feridas,Pleno dia,Céu Claro,Dupla,Sim,Ônibus,Ileso,36.0,Masculino
128841.0,2018-04-19,RN,101.0,PARNAMIRIM,Desobediência às normas de trânsito pelo condutor,Colisão lateral,Com Vítimas Feridas,Pleno dia,Céu Claro,Dupla,Sim,Motocicleta,Ileso,31.0,Masculino
128841.0,2018-04-19,RN,101.0,PARNAMIRIM,Desobediência às normas de trânsito pelo condutor,Colisão lateral,Com Vítimas Feridas,Pleno dia,Céu Claro,Dupla,Sim,Motocicleta,Lesões Leves,33.0,Feminino
128921.0,2018-04-19,RN,101.0,PARNAMIRIM,Falta de Atenção do Pedestre,Atropelamento de Pedestre,Com Vítimas Feridas,Plena Noite,Céu Claro,Dupla,Sim,Ônibus,Ileso,42.0,Masculino
128921.0,2018-04-19,RN,101.0,PARNAMIRIM,Falta de Atenção do Pedestre,Atropelamento de Pedestre,Com Vítimas Feridas,Plena Noite,Céu Claro,Dupla,Sim,Ônibus,Lesões Leves,41.0,Masculino
129002.0,2018-04-20,RN,405.0,MOSSORO,Falta de Atenção à Condução,Colisão com objeto em movimento,Com Vítimas Feridas,Pleno dia,Céu Claro,Simples,Não,Carroça-charrete,Lesões Leves,48.0,Masculino
129002.0,2018-04-20,RN,405.0,MOSSORO,Falta de Atenção à Condução,Colisão com objeto em movimento,Com Vítimas Feridas,Pleno dia,Céu Claro,Simples,Não,Micro-ônibus,Ileso,,Ignorado
129002.0,2018-04-20,RN,405.0,MOSSORO,Falta de Atenção à Condução,Colisão com objeto em movimento,Com Vítimas Feridas,Pleno dia,Céu Claro,Simples,Não,Carroça-charrete,Lesões Graves,61.0,Masculino
129020.0,2018-04-20,RN,110.0,AREIA BRANCA,Falta de Atenção à Condução,Colisão transversal,Com Vítimas Feridas,Pleno dia,Céu Claro,Simples,Não,Automóvel,Ileso,58.0,Masculino
129020.0,2018-04-20,RN,110.0,AREIA BRANCA,Falta de Atenção à Condução,Colisão transversal,Com Vítimas Feridas,Pleno dia,Céu Claro,Simples,Não,Motocicleta,Lesões Graves,51.0,Masculino
129088.0,2018-04-20,RN,226.0,CURRAIS NOVOS,Falta de Atenção à Condução,Colisão lateral,Sem Vítimas,Pleno dia,Chuva,Dupla,Sim,Caminhão,Ileso,38.0,Masculino
129088.0,2018-04-20,RN,226.0,CURRAIS NOVOS,Falta de Atenção à Condução,Colisão lateral,Sem Vítimas,Pleno dia,Chuva,Dupla,Sim,Automóvel,Ileso,50.0,Masculino
129115.0,2018-04-19,RN,,JOAO CAMARA,Defeito na Via,Colisão com objeto estático,Com Vítimas Feridas,Plena Noite,Céu Claro,Simples,Sim,Motocicleta,Lesões Graves,38.0,Masculino
129168.0,2018-04-20,RN,427.0,CAICO,Defeito na Via,Tombamento,Com Vítimas Feridas,Plena Noite,Céu Claro,Simples,Não,Motoneta,Lesões Leves,22.0,Masculino
129168.0,2018-04-20,RN,427.0,CAICO,Defeito na Via,Tombamento,Com Vítimas Feridas,Plena Noite,Céu Claro,Simples,Não,Motoneta,Lesões Leves,27.0,Feminino
129175.0,2018-04-20,RN,226.0,CAMPO REDONDO,Defeito na Via,Tombamento,Com Vítimas Feridas,Plena Noite,Nublado,Simples,Não,Motocicleta,Lesões Leves,39.0,Masculino
129188.0,2018-04-20,RN,101.0,SAO JOSE DE MIPIBU,Ingestão de Álcool,Atropelamento de Pedestre,Com Vítimas Feridas,Plena Noite,Céu Claro,Dupla,Não,Automóvel,Ileso,31.0,Masculino