id,data_inversa,uf,br,municipio,causa_acidente,tipo_acidente,classificacao_acidente,fase_dia,condicao_metereologica,tipo_pista,uso_solo,tipo_veiculo,estado_fisico,idade,sexo
129188.0,2018-04-20,RN,101.0,SAO JOSE DE MIPIBU,Ingestão de Álcool,Atropelamento de Pedestre,Com Vítimas Feridas,Plena Noite,Céu Claro,Dupla,Não,Automóvel,Lesões Graves,33.0,Masculino
129263.0,2018-04-20,RN,304.0,MOSSORO,Falta de Atenção à Condução,Saída de leito carroçável,Sem Vítimas,Plena Noite,Chuva,Dupla,Não,Automóvel,Ileso,,Feminino
129362.0,2018-04-21,RN,226.0,NATAL,Desobediência às normas de trânsito pelo condutor,Colisão frontal,Sem Vítimas,Pleno dia,Céu Claro,Simples,Sim,Automóvel,Ileso,29.0,Masculino
129362.0,2018-04-21,RN,226.0,NATAL,Desobediência às normas de trânsito pelo condutor,Colisão frontal,Sem Vítimas,Pleno dia,Céu Claro,Simples,Sim,Automóvel,Ileso,25.0,Masculino
129426.0,2018-04-21,RN,226.0,PAU DOS FERROS,Ingestão de Álcool,Colisão lateral,Sem Vítimas,Plena Noite,Céu Claro,Simples,Não,Automóvel,Ileso,37.0,Masculino
129426.0,2018-04-21,RN,226.0,PAU DOS FERROS,Ingestão de Álcool,Colisão lateral,Sem Vítimas,Plena Noite,Céu Claro,Simples,Não,Motocicleta,Ileso,41.0,Masculino
129442.0,2018-04-22,RN,406.0,JOAO CAMARA,Desobediência às normas de trânsito pelo condutor,Colisão lateral,Sem Vítimas,Plena Noite,Nublado,Simples,Sim,Automóvel,Ileso,36.0,Masculino
129442.0,2018-04-22,RN,406.0,JOAO CAMARA,Desobediência às normas de trânsito pelo condutor,Colisão lateral,Sem Vítimas,Plena Noite,Nublado,Simples,Sim,Automóvel,Não Informado,,Não Informado
129474.0,2018-04-22,RN,304.0,ACU,Não guardar distância de segurança,Tombamento,Com Vítimas Feridas,Pleno dia,Céu Claro,Simples,Não,Caminhão-trator,Lesões Leves,61.0,Masculino
129474.0,2018-04-22,RN,304.0,ACU,Não guardar distância de segurança,Tombamento,Com Vítimas Feridas,Pleno dia,Céu Claro,Simples,Não,Automóvel,Ileso,,Ignorado
129474.0,2018-04-22,RN,304.0,ACU,Não guardar distância de segurança,Tombamento,Com Vítimas Feridas,Pleno dia,Céu Claro,Simples,Não,Automóvel,Ileso,,Ignorado
129512.0,2018-04-22,RN,427.0,CAICO,Desobediência às normas de trânsito pelo condutor,Colisão lateral,Com Vítimas Feridas,Pleno dia,Céu Claro,Simples,Sim,Caminhonete,Ileso,31.0,Feminino
129512.0,2018-04-22,RN,427.0,CAICO,Desobediência às normas de trânsito pelo condutor,Colisão lateral,Com Vítimas Feridas,Pleno dia,Céu Claro,Simples,Sim,Motoneta,Lesões Leves,42.0,Masculino
129579.0,2018-04-22,RN,304.0,MOSSORO,Defeito na Via,Tombamento,Com Vítimas Feridas,Plena Noite,Nublado,Dupla,Sim,Motoneta,Lesões Leves,26.0,Masculino
129579.0,2018-04-22,RN,304.0,MOSSORO,Defeito na Via,Tombamento,Com Vítimas Feridas,Plena Noite,Nublado,Dupla,Sim,Motoneta,Lesões Leves,21.0,Feminino
129613.0,2018-04-22,RN,110.0,AREIA BRANCA,Falta de Atenção à Condução,Colisão traseira,Com Vítimas Feridas,Plena Noite,Nublado,Simples,Sim,Bicicleta,Lesões Graves,34.0,Masculino
129613.0,2018-04-22,RN,110.0,AREIA BRANCA,Falta de Atenção à Condução,Colisão traseira,Com Vítimas Feridas,Plena Noite,Nublado,Simples,Sim,Automóvel,Ileso,29.0,Masculino
129717.0,2018-04-23,RN,110.0,MOSSORO,Animais na Pista,Atropelamento de Animal,Com Vítimas Feridas,Pleno dia,Céu Claro,Dupla,Sim,Motoneta,Lesões Leves,43.0,Feminino
129741.0,2018-04-23,RN,101.0,PARNAMIRIM,Falta de Atenção à Condução,Colisão traseira,Com Vítimas Feridas,Pleno dia,Chuva,Dupla,Sim,Automóvel,Lesões Leves,39.0,Masculino
129741.0,2018-04-23,RN,101.0,PARNAMIRIM,Falta de Atenção à Condução,Colisão traseira,Com Vítimas Feridas,Pleno dia,Chuva,Dupla,Sim,Automóvel,Ileso,55.0,Masculino
129741.0,2018-04-23,RN,101.0,PARNAMIRIM,Falta de Atenção à Condução,Colisão traseira,Com Vítimas Feridas,Pleno dia,Chuva,Dupla,Sim,Caminhão-trator,Ileso,43.0,Masculino
129773.0,2018-04-23,RN,304.0,MOSSORO,Ingestão de Álcool,Colisão transversal,Sem Vítimas,Pleno dia,Nublado,Dupla,Sim,Caminhonete,Ileso,35.0,Masculino
129773.0,2018-04-23,RN,304.0,MOSSORO,Ingestão de Álcool,Colisão transversal,Sem Vítimas,Pleno dia,Nublado,Dupla,Sim,Automóvel,Ileso,41.0,Masculino
129773.0,2018-04-23,RN,304.0,MOSSORO,Ingestão de Álcool,Colisão transversal,Sem Vítimas,Pleno dia,Nublado,Dupla,Sim,Caminhonete,Ileso,44.0,Masculino
129790.0,2018-04-23,RN,226.0,TANGARA,Velocidade Incompatível,Saída de leito carroçável,Com Vítimas Feridas,Pleno dia,Chuva,Simples,Não,Automóvel,Lesões Graves,29.0,Feminino
129891.0,2018-04-24,RN,304.0,MOSSORO,Desobediência às normas de trânsito pelo condutor,Colisão transversal,Com Vítimas Feridas,Pleno dia,Céu Claro,Simples,Sim,Automóvel,Ileso,32.0,Masculino
129891.0,2018-04-24,RN,304.0,MOSSORO,Desobediência às normas de trânsito pelo condutor,Colisão transversal,Com Vítimas Feridas,Pleno dia,Céu Claro,Simples,Sim,Automóvel,Ileso,33.0,Masculino
129891.0,2018-04-24,RN,304.0,MOSSORO,Desobediência às normas de trânsito pelo condutor,Colisão transversal,Com Vítimas Feridas,Pleno dia,Céu Claro,Simples,Sim,Motoneta,Lesões Graves,65.0,Masculino
129905.0,2018-04-24,RN,304.0,MOSSORO,Falta de Atenção à Condução,Colisão traseira,Com Vítimas Feridas,Pleno dia,Sol,Simples,Sim,Automóvel,Ileso,36.0,Masculino
129905.0,2018-04-24,RN,304.0,MOSSORO,Falta de Atenção à Condução,Colisão traseira,Com Vítimas Feridas,Pleno dia,Sol,Simples,Sim,Motoneta,Lesões Leves,24.0,Feminino
130022.0,2018-04-24,RN,101.0,NATAL,Falta de Atenção à Condução,Colisão traseira,Sem Vítimas,Plena Noite,Céu Claro,Múltipla,Sim,Automóvel,Ileso,44.0,Masculino
130022.0,2018-04-24,RN,101.0,NATAL,Falta de Atenção à Condução,Colisão traseira,Sem Vítimas,Plena Noite,Céu Claro,Múltipla,Sim,Automóvel,Ileso,55.0,Masculino
130028.0,2018-04-24,RN,101.0,NATAL,Desobediência às normas de trânsito pelo pedestre,Atropelamento de Pedestre,Com Vítimas Fatais,Plena Noite,Céu Claro,Múltipla,Sim,Caminhonete,Ileso,35.0,Masculino
130028.0,2018-04-24,RN,101.0,NATAL,Desobediência às normas de trânsito pelo pedestre,Atropelamento de Pedestre,Com Vítimas Fatais,Plena Noite,Céu Claro,Múltipla,Sim,Caminhonete,Óbito,,Feminino
130080.0,2018-04-02,RN,304.0,ANGICOS,Restrição de Visibilidade,Saída de leito carroçável,Com Vítimas Feridas,Pleno dia,Chuva,Simples,Não,Automóvel,Ileso,62.0,Feminino
130080.0,2018-04-02,RN,304.0,ANGICOS,Restrição de Visibilidade,Saída de leito carroçável,Com Vítimas Feridas,Pleno dia,Chuva,Simples,Não,Automóvel,Ileso,68.0,Masculino
130080.0,2018-04-02,RN,304.0,ANGICOS,Restrição de Visibilidade,Saída de leito carroçável,Com Vítimas Feridas,Pleno dia,Chuva,Simples,Não,Automóvel,Ileso,51.0,Masculino
130080.0,2018-04-02,RN,304.0,ANGICOS,Restrição de Visibilidade,Saída de leito carroçável,Com Vítimas Feridas,Pleno dia,Chuva,Simples,Não,Automóvel,Lesões Graves,56.0,Masculino
130080.0,2018-04-02,RN,304.0,ANGICOS,Restrição de Visibilidade,Saída de leito carroçável,Com Vítimas Feridas,Pleno dia,Chuva,Simples,Não,Automóvel,Lesões Leves,58.0,Feminino
130083.0,2018-04-25,RN,110.0,MOSSORO,Desobediência às normas de trânsito pelo condutor,Colisão traseira,Com Vítimas Feridas,Pleno dia,Sol,Simples,Sim,Automóvel,Ileso,32.0,Feminino
130083.0,2018-04-25,RN,110.0,MOSSORO,Desobediência às normas de trânsito pelo condutor,Colisão traseira,Com Vítimas Feridas,Pleno dia,Sol,Simples,Sim,Motoneta,Lesões Leves,29.0,Masculino
130083.0,2018-04-25,RN,110.0,MOSSORO,Desobediência às normas de trânsito pelo condutor,Colisão traseira,Com Vítimas Feridas,Pleno dia,Sol,Simples,Sim,Motoneta,Lesões Leves,24.0,Feminino
130267.0,2018-04-26,RN,304.0,MOSSORO,Falta de Atenção à Condução,Colisão transversal,Com Vítimas Fatais,Pleno dia,Sol,Dupla,Não,Automóvel,Ileso,38.0,Masculino
130267.0,2018-04-26,RN,304.0,MOSSORO,Falta de Atenção à Condução,Colisão transversal,Com Vítimas Fatais,Pleno dia,Sol,Dupla,Não,Motocicleta,Óbito,69.0,Masculino
130269.0,2018-04-26,RN,304.0,MOSSORO,Animais na Pista,Danos eventuais,Com Vítimas Feridas,Pleno dia,Céu Claro,Dupla,Não,Caminhonete,Ileso,45.0,Masculino
130269.0,2018-04-26,RN,304.0,MOSSORO,Animais na Pista,Danos eventuais,Com Vítimas Feridas,Pleno dia,Céu Claro,Dupla,Não,Caminhonete,Lesões Leves,44.0,Masculino
130273.0,2018-04-26,RN,101.0,PARNAMIRIM,Condutor Dormindo,Colisão com objeto estático,Sem Vítimas,Pleno dia,Chuva,Dupla,Sim,Automóvel,Ileso,51.0,Masculino
130273.0,2018-04-26,RN,101.0,PARNAMIRIM,Condutor Dormindo,Colisão com objeto estático,Sem Vítimas,Pleno dia,Chuva,Dupla,Sim,Automóvel,Ileso,46.0,Masculino
130331.0,2018-04-26,RN,405.0,MOSSORO,Desobediência às normas de trânsito pelo condutor,Colisão transversal,Com Vítimas Feridas,Pleno dia,Céu Claro,Simples,Sim,Automóvel,Ileso,,Masculino
130331.0,2018-04-26,RN,405.0,MOSSORO,Desobediência às normas de trânsito pelo condutor,Colisão transversal,Com Vítimas Feridas,Pleno dia,Céu Claro,Simples,Sim,Motocicleta,Lesões Leves,34.0,Feminino
130331.0,2018-04-26,RN,405.0,MOSSORO,Desobediência às normas de trânsito pelo condutor,Colisão transversal,Com Vítimas Feridas,Pleno dia,Céu Claro,Simples,Sim,Motocicleta,Lesões Leves,66.0,Masculino
130363.0,2018-04-26,RN,226.0,MACAIBA,Não guardar distância de segurança,Colisão traseira,Com Vítimas Feridas,Anoitecer,Céu Claro,Simples,Não,Motocicleta,Lesões Graves,24.0,Masculino
130363.0,2018-04-26,RN,226.0,MACAIBA,Não guardar distância de segurança,Colisão traseira,Com Vítimas Feridas,Anoitecer,Céu Claro,Simples,Não,Automóvel,Ileso,22.0,Masculino
130381.0,2018-04-26,RN,226.0,NATAL,Desobediência às normas de trânsito pelo condutor,Queda de ocupante de veículo,Com Vítimas Feridas,Plena Noite,Céu Claro,Simples,Sim,Motocicleta,Lesões Leves,27.0,Masculino
130411.0,2018-04-26,RN,101.0,EXTREMOZ,Animais na Pista,Atropelamento de Animal,Com Vítimas Feridas,Plena Noite,Céu Claro,Simples,Não,Motocicleta,Lesões Leves,21.0,Masculino
130480.0,2018-04-27,RN,101.0,NATAL,Falta de Atenção à Condução,Colisão traseira,Com Vítimas Feridas,Pleno dia,Céu Claro,Dupla,Sim,Motocicleta,Lesões Leves,42.0,Masculino
130480.0,2018-04-27,RN,101.0,NATAL,Falta de Atenção à Condução,Colisão traseira,Com Vítimas Feridas,Pleno dia,Céu Claro,Dupla,Sim,Motocicleta,Lesões Leves,21.0,Masculino
130531.0,2018-04-27,RN,101.0,EXTREMOZ,Falta de Atenção à Condução,Colisão lateral,Com Vítimas Feridas,Pleno dia,Céu Claro,Simples,Não,Automóvel,Lesões Graves,79.0,Masculino
130531.0,2018-04-27,RN,101.0,EXTREMOZ,Falta de Atenção à Condução,Colisão lateral,Com Vítimas Feridas,Pleno dia,Céu Claro,Simples,Não,Automóvel,Lesões Graves,35.0,Feminino
130531.0,2018-04-27,RN,101.0,EXTREMOZ,Falta de Atenção à Condução,Colisão lateral,Com Vítimas Feridas,Pleno dia,Céu Claro,Simples,Não,Caminhonete,Lesões Graves,34.0,Masculino
130531.0,2018-04-27,RN,101.0,EXTREMOZ,Falta de Atenção à Condução,Colisão lateral,Com Vítimas Feridas,Pleno dia,Céu Claro,Simples,Não,Caminhonete,Lesões Graves,31.0,Feminino
130602.0,2018-04-27,RN,110.0,MOSSORO,Falta de Atenção à Condução,Colisão traseira,Com Vítimas Feridas,Plena Noite,Céu Claro,Simples,Sim,Automóvel,Ileso,51.0,Masculino
130602.0,2018-04-27,RN,110.0,MOSSORO,Falta de Atenção à Condução,Colisão traseira,Com Vítimas Feridas,Plena Noite,Céu Claro,Simples,Sim,Ciclomotor,Lesões Leves,18.0,Feminino
130605.0,2018-04-27,RN,101.0,EXTREMOZ,Ingestão de Álcool,Colisão traseira,Com Vítimas Feridas,Plena Noite,Céu Claro,Simples,Não,Automóvel,Ileso,36.0,Masculino
130605.0,2018-04-27,RN,101.0,EXTREMOZ,Ingestão de Álcool,Colisão traseira,Com Vítimas Feridas,Plena Noite,Céu Claro,Simples,Não,Bicicleta,Lesões Graves,,Masculino
130633.0,2018-04-27,RN,101.0,RIO DO FOGO,Velocidade Incompatível,Atropelamento de Animal,Sem Vítimas,Plena Noite,Chuva,Simples,Não,Utilitário,Ileso,54.0,Masculino
130696.0,2018-04-28,RN,101.0,SAO JOSE DE MIPIBU,Condutor Dormindo,Capotamento,Com Vítimas Feridas,Amanhecer,Sol,Dupla,Não,Caminhonete,Lesões Leves,,Masculino
130716.0,2018-04-28,RN,110.0,MOSSORO,Não guardar distância de segurança,Colisão traseira,Com Vítimas Feridas,Pleno dia,Sol,Simples,Sim,Automóvel,Ileso,23.0,Masculino
130716.0,2018-04-28,RN,110.0,MOSSORO,Não guardar distância de segurança,Colisão traseira,Com Vítimas Feridas,Pleno dia,Sol,Simples,Sim,Motocicleta,Lesões Leves,28.0,Masculino
130716.0,2018-04-28,RN,110.0,MOSSORO,Não guardar distância de segurança,Colisão traseira,Com Vítimas Feridas,Pleno dia,Sol,Simples,Sim,Motocicleta,Não Informado,,Não Informado
130716.0,2018-04-28,RN,110.0,MOSSORO,Não guardar distância de segurança,Colisão traseira,Com Vítimas Feridas,Pleno dia,Sol,Simples,Sim,Motocicleta,Não Informado,,Não Informado
130751.0,2018-04-28,RN,405.0,APODI,Desobediência às normas de trânsito pelo condutor,Colisão traseira,Com Vítimas Feridas,Pleno dia,Céu Claro,Simples,Não,Automóvel,Ileso,28.0,Masculino
130751.0,2018-04-28,RN,405.0,APODI,Desobediência às normas de trânsito pelo condutor,Colisão traseira,Com Vítimas Feridas,Pleno dia,Céu Claro,Simples,Não,Motocicleta,Lesões Leves,25.0,Feminino
130751.0,2018-04-28,RN,405.0,APODI,Desobediência às normas de trânsito pelo condutor,Colisão traseira,Com Vítimas Feridas,Pleno dia,Céu Claro,Simples,Não,Motocicleta,Lesões Leves,48.0,Masculino
130784.0,2018-04-28,RN,405.0,FELIPE GUERRA,Ingestão de Álcool,Queda de ocupante de veículo,Com Vítimas Feridas,Pleno dia,Céu Claro,Simples,Não,Motocicleta,Lesões Leves,42.0,Masculino
130838.0,2018-04-28,RN,226.0,NATAL,Falta de Atenção à Condução,Saída de leito carroçável,Com Vítimas Feridas,Plena Noite,Céu Claro,Simples,Sim,Motocicleta,Lesões Graves,21.0,Masculino
130859.0,2018-04-28,RN,101.0,NATAL,Ingestão de Álcool,Colisão lateral,Com Vítimas Feridas,Plena Noite,Nublado,Múltipla,Sim,Ônibus,Ileso,58.0,Masculino
130859.0,2018-04-28,RN,101.0,NATAL,Ingestão de Álcool,Colisão lateral,Com Vítimas Feridas,Plena Noite,Nublado,Múltipla,Sim,Bicicleta,Lesões Leves,44.0,Masculino
130945.0,2018-04-29,RN,406.0,JOAO CAMARA,Ingestão de Álcool,Colisão frontal,Com Vítimas Feridas,Pleno dia,Céu Claro,Simples,Sim,Motocicleta,Lesões Graves,43.0,Masculino
130945.0,2018-04-29,RN,406.0,JOAO CAMARA,Ingestão de Álcool,Colisão frontal,Com Vítimas Feridas,Pleno dia,Céu Claro,Simples,Sim,Automóvel,Ileso,56.0,Masculino
130945.0,2018-04-29,RN,406.0,JOAO CAMARA,Ingestão de Álcool,Colisão frontal,Com Vítimas Feridas,Pleno dia,Céu Claro,Simples,Sim,Automóvel,Lesões Leves,30.0,Feminino
131000.0,2018-04-29,RN,226.0,JANDUIS,Desobediência às normas de trânsito pelo condutor,Colisão frontal,Com Vítimas Fatais,Pleno dia,Céu Claro,Simples,Não,Automóvel,Lesões Leves,37.0,Feminino
131000.0,2018-04-29,RN,226.0,JANDUIS,Desobediência às normas de trânsito pelo condutor,Colisão frontal,Com Vítimas Fatais,Pleno dia,Céu Claro,Simples,Não,Automóvel,Ileso,40.0,Masculino
131000.0,2018-04-29,RN,226.0,JANDUIS,Desobediência às normas de trânsito pelo condutor,Colisão frontal,Com Vítimas Fatais,Pleno dia,Céu Claro,Simples,Não,Motocicleta,Óbito,59.0,Masculino
131045.0,2018-04-29,RN,101.0,NATAL,Desobediência às normas de trânsito pelo condutor,Colisão transversal,Com Vítimas Feridas,Plena Noite,Nublado,Dupla,Sim,Ciclomotor,Não Informado,,Não Informado
131045.0,2018-04-29,RN,101.0,NATAL,Desobediência às normas de trânsito pelo condutor,Colisão transversal,Com Vítimas Feridas,Plena Noite,Nublado,Dupla,Sim,Motocicleta,Lesões Graves,38.0,Masculino
131152.0,2018-04-30,RN,226.0,JUCURUTU,Falta de Atenção à Condução,Colisão transversal,Com Vítimas Feridas,Pleno dia,Céu Claro,Simples,Sim,Caminhão,Ileso,69.0,Masculino
131152.0,2018-04-30,RN,226.0,JUCURUTU,Falta de Atenção à Condução,Colisão transversal,Com Vítimas Feridas,Pleno dia,Céu Claro,Simples,Sim,Motocicleta,Lesões Graves,69.0,Masculino
131152.0,2018-04-30,RN,226.0,JUCURUTU,Falta de Atenção à Condução,Colisão transversal,Com Vítimas Feridas,Pleno dia,Céu Claro,Simples,Sim,Motocicleta,Lesões Graves,37.0,Masculino
131200.0,2018-04-30,RN,304.0,MOSSORO,Falta de Atenção à Condução,Colisão com objeto estático,Sem Vítimas,Pleno dia,Chuva,Dupla,Não,Caminhão,Ileso,42.0,Masculino
131229.0,2018-04-30,RN,110.0,AREIA BRANCA,Falta de Atenção do Pedestre,Atropelamento de Pedestre,Com Vítimas Fatais,Anoitecer,Nublado,Simples,Sim,Automóvel,Ileso,36.0,Masculino
131229.0,2018-04-30,RN,110.0,AREIA BRANCA,Falta de Atenção do Pedestre,Atropelamento de Pedestre,Com Vítimas Fatais,Anoitecer,Nublado,Simples,Sim,Automóvel,Ileso,32.0,Feminino
131229.0,2018-04-30,RN,110.0,AREIA BRANCA,Falta de Atenção do Pedestre,Atropelamento de Pedestre,Com Vítimas Fatais,Anoitecer,Nublado,Simples,Sim,Automóvel,Ileso,8.0,Masculino
131229.0,2018-04-30,RN,110.0,AREIA BRANCA,Falta de Atenção do Pedestre,Atropelamento de Pedestre,Com Vítimas Fatais,Anoitecer,Nublado,Simples,Sim,Automóvel,Óbito,54.0,Masculino
131268.0,2018-04-30,RN,101.0,NATAL,Defeito na Via,Colisão com objeto estático,Com Vítimas Feridas,Plena Noite,Nublado,Múltipla,Sim,Automóvel,Lesões Leves,55.0,Masculino
131268.0,2018-04-30,RN,101.0,NATAL,Defeito na Via,Colisão com objeto estático,Com Vítimas Feridas,Plena Noite,Nublado,Múltipla,Sim,Automóvel,Lesões Leves,84.0,Feminino
131349.0,2018-05-01,RN,405.0,APODI,Defeito Mecânico no Veículo,Tombamento,Com Vítimas Feridas,Pleno dia,Céu Claro,Simples,Não,Motocicleta,Lesões Leves,29.0,Masculino
131349.0,2018-05-01,RN,405.0,APODI,Defeito Mecânico no Veículo,Tombamento,Com Vítimas Feridas,Pleno dia,Céu Claro,Simples,Não,Motocicleta,Lesões Leves,23.0,Feminino
131407.0,2018-05-01,RN,110.0,MOSSORO,Falta de Atenção à Condução,Queda de ocupante de veículo,Com Vítimas Feridas,Plena Noite,Céu Claro,Dupla,Sim,Outros,Lesões Leves,27.0,Masculino
131541.0,2018-05-02,RN,304.0,ACU,Desobediência às normas de trânsito pelo condutor,Colisão transversal,Com Vítimas Feridas,Pleno dia,Sol,Simples,Não,Caminhão-trator,Ileso,50.0,Masculino
131541.0,2018-05-02,RN,304.0,ACU,Desobediência às normas de trânsito pelo condutor,Colisão transversal,Com Vítimas Feridas,Pleno dia,Sol,Simples,Não,Motocicleta,Lesões Leves,71.0,Masculino
131590.0,2018-05-02,RN,226.0,MESSIAS TARGINO,Falta de Atenção à Condução,Saída de leito carroçável,Sem Vítimas,Pleno dia,Céu Claro,Simples,Não,Caminhonete,Ileso,42.0,Masculino
131618.0,2018-05-02,RN,304.0,MOSSORO,Falta de Atenção à Condução,Colisão transversal,Com Vítimas Feridas,Anoitecer,Céu Claro,Dupla,Sim,Bicicleta,Lesões Leves,49.0,Masculino
131618.0,2018-05-02,RN,304.0,MOSSORO,Falta de Atenção à Condução,Colisão transversal,Com Vítimas Feridas,Anoitecer,Céu Claro,Dupla,Sim,Motocicleta,Ileso,,Masculino
131741.0,2018-05-03,RN,101.0,NATAL,Falta de Atenção à Condução,Colisão transversal,Com Vítimas Feridas,Pleno dia,Céu Claro,Múltipla,Sim,Caminhonete,Ileso,29.0,Feminino
131741.0,2018-05-03,RN,101.0,NATAL,Falta de Atenção à Condução,Colisão transversal,Com Vítimas Feridas,Pleno dia,Céu Claro,Múltipla,Sim,Ônibus,Ileso,42.0,Masculino
131741.0,2018-05-03,RN,101.0,NATAL,Falta de Atenção à Condução,Colisão transversal,Com Vítimas Feridas,Pleno dia,Céu Claro,Múltipla,Sim,Caminhonete,Lesões Leves,19.0,Masculino
131741.0,2018-05-03,RN,101.0,NATAL,Falta de Atenção à Condução,Colisão transversal,Com Vítimas Feridas,Pleno dia,Céu Claro,Múltipla,Sim,Ônibus,Lesões Leves,21.0,Feminino
131799.0,2018-05-03,RN,101.0,PARNAMIRIM,Falta de Atenção à Condução,Colisão traseira,Com Vítimas Feridas,Pleno dia,Céu Claro,Dupla,Sim,Motocicleta,Lesões Leves,47.0,Masculino
131799.0,2018-05-03,RN,101.0,PARNAMIRIM,Falta de Atenção à Condução,Colisão traseira,Com Vítimas Feridas,Pleno dia,Céu Claro,Dupla,Sim,Ônibus,Ileso,36.0,Masculino
131833.0,2018-05-03,RN,101.0,PARNAMIRIM,Falta de Atenção à Condução,Colisão traseira,Com Vítimas Feridas,Anoitecer,Céu Claro,Múltipla,Sim,Automóvel,Ileso,41.0,Masculino
131833.0,2018-05-03,RN,101.0,PARNAMIRIM,Falta de Atenção à Condução,Colisão traseira,Com Vítimas Feridas,Anoitecer,Céu Claro,Múltipla,Sim,Motocicleta,Lesões Leves,20.0,Masculino
131851.0,2018-05-03,RN,427.0,CAICO,Desobediência às normas de trânsito pelo condutor,Colisão lateral,Com Vítimas Feridas,Pleno dia,Céu Claro,Simples,Sim,Motocicleta,Lesões Leves,30.0,Masculino
131851.0,2018-05-03,RN,427.0,CAICO,Desobediência às normas de trânsito pelo condutor,Colisão lateral,Com Vítimas Feridas,Pleno dia,Céu Claro,Simples,Sim,Motocicleta,Lesões Leves,19.0,Masculino
131853.0,2018-05-03,RN,101.0,EXTREMOZ,Desobediência às normas de trânsito pelo condutor,Colisão frontal,Com Vítimas Fatais,Plena Noite,Céu Claro,Simples,Não,Utilitário,Ileso,59.0,Masculino
131853.0,2018-05-03,RN,101.0,EXTREMOZ,Desobediência às normas de trânsito pelo condutor,Colisão frontal,Com Vítimas Fatais,Plena Noite,Céu Claro,Simples,Não,Motocicleta,Óbito,31.0,Masculino
131969.0,2018-03-18,RN,101.0,NATAL,Desobediência às normas de trânsito pelo condutor,Colisão transversal,Com Vítimas Feridas,Pleno dia,Céu Claro,Múltipla,Sim,Ônibus,Ileso,,Masculino
131969.0,2018-03-18,RN,101.0,NATAL,Desobediência às normas de trânsito pelo condutor,Colisão transversal,Com Vítimas Feridas,Pleno dia,Céu Claro,Múltipla,Sim,Automóvel,Lesões Leves,,Feminino
131993.0,2018-05-04,RN,101.0,NATAL,Falta de Atenção à Condução,Colisão lateral,Com Vítimas Feridas,Pleno dia,Céu Claro,Dupla,Sim,Automóvel,Ileso,30.0,Masculino
131993.0,2018-05-04,RN,101.0,NATAL,Falta de Atenção à Condução,Colisão lateral,Com Vítimas Feridas,Pleno dia,Céu Claro,Dupla,Sim,Motocicleta,Lesões Leves,27.0,Masculino
131994.0,2018-05-04,RN,304.0,PARNAMIRIM,Desobediência às normas de trânsito pelo condutor,Colisão traseira,Com Vítimas Feridas,Amanhecer,Céu Claro,Dupla,Sim,Caminhão-trator,Ileso,46.0,Masculino
131994.0,2018-05-04,RN,304.0,PARNAMIRIM,Desobediência às normas de trânsito pelo condutor,Colisão traseira,Com Vítimas Feridas,Amanhecer,Céu Claro,Dupla,Sim,Ciclomotor,Lesões Graves,19.0,Masculino
132202.0,2018-05-05,RN,110.0,MOSSORO,Ingestão de Álcool,Colisão lateral,Com Vítimas Feridas,Pleno dia,Sol,Simples,Sim,Ciclomotor,Lesões Graves,28.0,Feminino
132202.0,2018-05-05,RN,110.0,MOSSORO,Ingestão de Álcool,Colisão lateral,Com Vítimas Feridas,Pleno dia,Sol,Simples,Sim,Caminhonete,Ileso,75.0,Masculino
132202.0,2018-05-05,RN,110.0,MOSSORO,Ingestão de Álcool,Colisão lateral,Com Vítimas Feridas,Pleno dia,Sol,Simples,Sim,Ciclomotor,Lesões Leves,23.0,Feminino
132237.0,2018-05-05,RN,304.0,RIACHUELO,Falta de Atenção à Condução,Tombamento,Com Vítimas Feridas,Pleno dia,Nublado,Simples,Não,Caminhão-trator,Lesões Leves,49.0,Feminino
132310.0,2018-05-06,RN,405.0,MOSSORO,Ingestão de Álcool,Colisão com objeto estático,Com Vítimas Feridas,Plena Noite,Garoa/Chuvisco,Dupla,Sim,Automóvel,Lesões Graves,31.0,Masculino
132311.0,2018-05-06,RN,304.0,ANGICOS,Condutor Dormindo,Saída de leito carroçável,Com Vítimas Feridas,Plena Noite,Nublado,Simples,Não,Automóvel,Lesões Leves,57.0,Masculino
132311.0,2018-05-06,RN,304.0,ANGICOS,Condutor Dormindo,Saída de leito carroçável,Com Vítimas Feridas,Plena Noite,Nublado,Simples,Não,Automóvel,Lesões Graves,31.0,Feminino
132311.0,2018-05-06,RN,304.0,ANGICOS,Condutor Dormindo,Saída de leito carroçável,Com Vítimas Feridas,Plena Noite,Nublado,Simples,Não,Automóvel,Ileso,8.0,Masculino
132311.0,2018-05-06,RN,304.0,ANGICOS,Condutor Dormindo,Saída de leito carroçável,Com Vítimas Feridas,Plena Noite,Nublado,Simples,Não,Automóvel,Lesões Graves,8.0,Masculino
132311.0,2018-05-06,RN,304.0,ANGICOS,Condutor Dormindo,Saída de leito carroçável,Com Vítimas Feridas,Plena Noite,Nublado,Simples,Não,Automóvel,Lesões Graves,10.0,Masculino