id,data_inversa,uf,br,municipio,causa_acidente,tipo_acidente,classificacao_acidente,fase_dia,condicao_metereologica,tipo_pista,uso_solo,tipo_veiculo,estado_fisico,idade,sexo
134960.0,2018-05-17,RN,101.0,PARNAMIRIM,Sinalização da via insuficiente ou inadequada,Colisão com objeto estático,Com Vítimas Feridas,Plena Noite,Chuva,Dupla,Não,Automóvel,Ileso,26.0,Masculino
134960.0,2018-05-17,RN,101.0,PARNAMIRIM,Sinalização da via insuficiente ou inadequada,Colisão com objeto estático,Com Vítimas Feridas,Plena Noite,Chuva,Dupla,Não,Automóvel,Lesões Leves,56.0,Feminino
134960.0,2018-05-17,RN,101.0,PARNAMIRIM,Sinalização da via insuficiente ou inadequada,Colisão com objeto estático,Com Vítimas Feridas,Plena Noite,Chuva,Dupla,Não,Automóvel,Lesões Leves,22.0,Feminino
135031.0,2018-03-29,RN,304.0,MOSSORO,Não guardar distância de segurança,Colisão traseira,Com Vítimas Feridas,Plena Noite,Céu Claro,Dupla,Sim,Motoneta,Lesões Leves,,Feminino
135031.0,2018-03-29,RN,304.0,MOSSORO,Não guardar distância de segurança,Colisão traseira,Com Vítimas Feridas,Plena Noite,Céu Claro,Dupla,Sim,Motoneta,Lesões Leves,,Feminino
135031.0,2018-03-29,RN,304.0,MOSSORO,Não guardar distância de segurança,Colisão traseira,Com Vítimas Feridas,Plena Noite,Céu Claro,Dupla,Sim,Caminhão,Não Informado,,Não Informado
135031.0,2018-03-29,RN,304.0,MOSSORO,Não guardar distância de segurança,Colisão traseira,Com Vítimas Feridas,Plena Noite,Céu Claro,Dupla,Sim,Caminhão,Não Informado,,Não Informado
135099.0,2018-05-18,RN,304.0,MOSSORO,Falta de Atenção à Condução,Saída de leito carroçável,Com Vítimas Feridas,Amanhecer,Chuva,Simples,Não,Utilitário,Lesões Leves,36.0,Masculino
135118.0,2018-05-18,RN,406.0,SAO GONCALO DO AMARANTE,Falta de Atenção do Pedestre,Atropelamento de Pedestre,Com Vítimas Feridas,Anoitecer,Céu Claro,Simples,Não,Automóvel,Não Informado,,Não Informado
135118.0,2018-05-18,RN,406.0,SAO GONCALO DO AMARANTE,Falta de Atenção do Pedestre,Atropelamento de Pedestre,Com Vítimas Feridas,Anoitecer,Céu Claro,Simples,Não,Automóvel,Lesões Graves,14.0,Feminino
135120.0,2018-05-18,RN,101.0,NATAL,Desobediência às normas de trânsito pelo condutor,Colisão lateral,Com Vítimas Feridas,Plena Noite,Chuva,Simples,Sim,Automóvel,Ileso,54.0,Feminino
135120.0,2018-05-18,RN,101.0,NATAL,Desobediência às normas de trânsito pelo condutor,Colisão lateral,Com Vítimas Feridas,Plena Noite,Chuva,Simples,Sim,Motocicleta,Não Informado,,Não Informado
135120.0,2018-05-18,RN,101.0,NATAL,Desobediência às normas de trânsito pelo condutor,Colisão lateral,Com Vítimas Feridas,Plena Noite,Chuva,Simples,Sim,Motocicleta,Lesões Leves,18.0,Feminino
135125.0,2018-05-18,RN,101.0,PARNAMIRIM,Falta de Atenção à Condução,Colisão lateral,Sem Vítimas,Plena Noite,Céu Claro,Dupla,Sim,Caminhão,Ileso,23.0,Masculino
135125.0,2018-05-18,RN,101.0,PARNAMIRIM,Falta de Atenção à Condução,Colisão lateral,Sem Vítimas,Plena Noite,Céu Claro,Dupla,Sim,Automóvel,Ileso,41.0,Feminino
135127.0,2018-05-18,RN,101.0,NATAL,Desobediência às normas de trânsito pelo condutor,Colisão traseira,Com Vítimas Feridas,Plena Noite,Céu Claro,Dupla,Não,Automóvel,Lesões Leves,74.0,Masculino
135127.0,2018-05-18,RN,101.0,NATAL,Desobediência às normas de trânsito pelo condutor,Colisão traseira,Com Vítimas Feridas,Plena Noite,Céu Claro,Dupla,Não,Automóvel,Ileso,38.0,Masculino
135201.0,2018-05-19,RN,427.0,TIMBAUBA DOS BATISTAS,Ingestão de Álcool,Capotamento,Com Vítimas Feridas,Plena Noite,Céu Claro,Simples,Não,Automóvel,Lesões Graves,35.0,Masculino
135201.0,2018-05-19,RN,427.0,TIMBAUBA DOS BATISTAS,Ingestão de Álcool,Capotamento,Com Vítimas Feridas,Plena Noite,Céu Claro,Simples,Não,Automóvel,Lesões Leves,30.0,Masculino
135201.0,2018-05-19,RN,427.0,TIMBAUBA DOS BATISTAS,Ingestão de Álcool,Capotamento,Com Vítimas Feridas,Plena Noite,Céu Claro,Simples,Não,Automóvel,Lesões Leves,29.0,Masculino
135201.0,2018-05-19,RN,427.0,TIMBAUBA DOS BATISTAS,Ingestão de Álcool,Capotamento,Com Vítimas Feridas,Plena Noite,Céu Claro,Simples,Não,Automóvel,Lesões Graves,24.0,Masculino
135394.0,2018-05-19,RN,101.0,GOIANINHA,Ingestão de Álcool,Atropelamento de Pedestre,Com Vítimas Feridas,Plena Noite,Céu Claro,Dupla,Sim,Automóvel,Ileso,28.0,Masculino
135394.0,2018-05-19,RN,101.0,GOIANINHA,Ingestão de Álcool,Atropelamento de Pedestre,Com Vítimas Feridas,Plena Noite,Céu Claro,Dupla,Sim,Automóvel,Lesões Graves,57.0,Masculino
135407.0,2018-05-20,RN,101.0,SAO GONCALO DO AMARANTE,Falta de Atenção à Condução,Colisão traseira,Com Vítimas Feridas,Plena Noite,Céu Claro,Dupla,Sim,Automóvel,Lesões Graves,39.0,Masculino
135407.0,2018-05-20,RN,101.0,SAO GONCALO DO AMARANTE,Falta de Atenção à Condução,Colisão traseira,Com Vítimas Feridas,Plena Noite,Céu Claro,Dupla,Sim,Utilitário,Ileso,22.0,Masculino
135463.0,2018-05-20,RN,101.0,SAO GONCALO DO AMARANTE,Desobediência às normas de trânsito pelo condutor,Colisão transversal,Com Vítimas Feridas,Pleno dia,Céu Claro,Dupla,Sim,Motoneta,Lesões Leves,38.0,Feminino
135463.0,2018-05-20,RN,101.0,SAO GONCALO DO AMARANTE,Desobediência às normas de trânsito pelo condutor,Colisão transversal,Com Vítimas Feridas,Pleno dia,Céu Claro,Dupla,Sim,Motocicleta,Ileso,24.0,Masculino
135567.0,2018-05-20,RN,304.0,MOSSORO,Ingestão de Álcool,Colisão lateral,Sem Vítimas,Plena Noite,Céu Claro,Simples,Sim,Automóvel,Ileso,64.0,Masculino
135567.0,2018-05-20,RN,304.0,MOSSORO,Ingestão de Álcool,Colisão lateral,Sem Vítimas,Plena Noite,Céu Claro,Simples,Sim,Caminhão-trator,Ileso,57.0,Masculino
135622.0,2018-05-20,RN,304.0,MOSSORO,Ingestão de Álcool,Danos eventuais,Com Vítimas Feridas,Plena Noite,Céu Claro,Dupla,Sim,Motocicleta,Lesões Graves,27.0,Masculino
135769.0,2018-05-21,RN,226.0,NATAL,Desobediência às normas de trânsito pelo condutor,Colisão transversal,Com Vítimas Feridas,Plena Noite,Céu Claro,Simples,Sim,Motocicleta,Lesões Leves,32.0,Masculino
135769.0,2018-05-21,RN,226.0,NATAL,Desobediência às normas de trânsito pelo condutor,Colisão transversal,Com Vítimas Feridas,Plena Noite,Céu Claro,Simples,Sim,Automóvel,Ileso,45.0,Masculino
135812.0,2018-05-22,RN,304.0,MACAIBA,Não guardar distância de segurança,Colisão traseira,Sem Vítimas,Pleno dia,Céu Claro,Simples,Não,Caminhonete,Ileso,50.0,Masculino
135812.0,2018-05-22,RN,304.0,MACAIBA,Não guardar distância de segurança,Colisão traseira,Sem Vítimas,Pleno dia,Céu Claro,Simples,Não,Caminhonete,Ileso,38.0,Masculino
135812.0,2018-05-22,RN,304.0,MACAIBA,Não guardar distância de segurança,Colisão traseira,Sem Vítimas,Pleno dia,Céu Claro,Simples,Não,Caminhonete,Ileso,36.0,Masculino
135816.0,2018-05-22,RN,405.0,MOSSORO,Falta de Atenção à Condução,Colisão lateral,Com Vítimas Feridas,Pleno dia,Sol,Dupla,Não,Bicicleta,Lesões Leves,84.0,Masculino
135816.0,2018-05-22,RN,405.0,MOSSORO,Falta de Atenção à Condução,Colisão lateral,Com Vítimas Feridas,Pleno dia,Sol,Dupla,Não,Motocicleta,Ileso,33.0,Masculino
135861.0,2018-05-22,RN,304.0,MOSSORO,Não guardar distância de segurança,Colisão traseira,Com Vítimas Feridas,Pleno dia,Céu Claro,Simples,Não,Automóvel,Ileso,36.0,Masculino
135861.0,2018-05-22,RN,304.0,MOSSORO,Não guardar distância de segurança,Colisão traseira,Com Vítimas Feridas,Pleno dia,Céu Claro,Simples,Não,Motocicleta,Lesões Leves,19.0,Masculino
136037.0,2018-05-23,RN,304.0,PARNAMIRIM,Não guardar distância de segurança,Colisão traseira,Com Vítimas Feridas,Pleno dia,Céu Claro,Dupla,Não,Motocicleta,Lesões Leves,22.0,Masculino
136037.0,2018-05-23,RN,304.0,PARNAMIRIM,Não guardar distância de segurança,Colisão traseira,Com Vítimas Feridas,Pleno dia,Céu Claro,Dupla,Não,Motocicleta,Ileso,25.0,Masculino
136037.0,2018-05-23,RN,304.0,PARNAMIRIM,Não guardar distância de segurança,Colisão traseira,Com Vítimas Feridas,Pleno dia,Céu Claro,Dupla,Não,Automóvel,Não Informado,,Não Informado
136039.0,2018-05-23,RN,304.0,PARNAMIRIM,Desobediência às normas de trânsito pelo condutor,Colisão transversal,Com Vítimas Feridas,Anoitecer,Céu Claro,Dupla,Não,Automóvel,Ileso,38.0,Feminino
136039.0,2018-05-23,RN,304.0,PARNAMIRIM,Desobediência às normas de trânsito pelo condutor,Colisão transversal,Com Vítimas Feridas,Anoitecer,Céu Claro,Dupla,Não,Motocicleta,Lesões Leves,44.0,Masculino
136048.0,2018-05-23,RN,101.0,PARNAMIRIM,Agressão Externa,Colisão com objeto estático,Com Vítimas Feridas,Anoitecer,Céu Claro,Dupla,Sim,Motocicleta,Lesões Leves,35.0,Masculino
136149.0,2018-05-24,RN,101.0,NATAL,Desobediência às normas de trânsito pelo condutor,Colisão transversal,Com Vítimas Feridas,Pleno dia,Céu Claro,Dupla,Sim,Automóvel,Ileso,68.0,Masculino
136149.0,2018-05-24,RN,101.0,NATAL,Desobediência às normas de trânsito pelo condutor,Colisão transversal,Com Vítimas Feridas,Pleno dia,Céu Claro,Dupla,Sim,Ciclomotor,Lesões Leves,25.0,Masculino
136154.0,2018-05-24,RN,101.0,NATAL,Não guardar distância de segurança,Colisão traseira,Com Vítimas Feridas,Pleno dia,Céu Claro,Dupla,Sim,Motocicleta,Lesões Leves,22.0,Masculino
136154.0,2018-05-24,RN,101.0,NATAL,Não guardar distância de segurança,Colisão traseira,Com Vítimas Feridas,Pleno dia,Céu Claro,Dupla,Sim,Utilitário,Ileso,57.0,Feminino
136198.0,2018-05-24,RN,101.0,PARNAMIRIM,Não guardar distância de segurança,Colisão traseira,Com Vítimas Feridas,Pleno dia,Céu Claro,Múltipla,Não,Automóvel,Ileso,49.0,Masculino
136198.0,2018-05-24,RN,101.0,PARNAMIRIM,Não guardar distância de segurança,Colisão traseira,Com Vítimas Feridas,Pleno dia,Céu Claro,Múltipla,Não,Motocicleta,Lesões Leves,36.0,Masculino
136230.0,2018-05-24,RN,110.0,MOSSORO,Animais na Pista,Atropelamento de Animal,Com Vítimas Feridas,Plena Noite,Céu Claro,Dupla,Sim,Motocicleta,Lesões Leves,25.0,Feminino
136246.0,2018-05-24,RN,304.0,MACAIBA,Falta de Atenção à Condução,Colisão transversal,Com Vítimas Feridas,Plena Noite,Céu Claro,Dupla,Sim,Automóvel,Lesões Leves,48.0,Masculino
136246.0,2018-05-24,RN,304.0,MACAIBA,Falta de Atenção à Condução,Colisão transversal,Com Vítimas Feridas,Plena Noite,Céu Claro,Dupla,Sim,Automóvel,Lesões Leves,35.0,Masculino
136246.0,2018-05-24,RN,304.0,MACAIBA,Falta de Atenção à Condução,Colisão transversal,Com Vítimas Feridas,Plena Noite,Céu Claro,Dupla,Sim,Caminhonete,Ileso,39.0,Masculino
136246.0,2018-05-24,RN,304.0,MACAIBA,Falta de Atenção à Condução,Colisão transversal,Com Vítimas Feridas,Plena Noite,Céu Claro,Dupla,Sim,Automóvel,Lesões Graves,62.0,Masculino
136262.0,2018-05-25,RN,304.0,MACAIBA,Desobediência às normas de trânsito pelo condutor,Colisão traseira,Com Vítimas Feridas,Plena Noite,Ignorado,Dupla,Sim,Caminhão,Ileso,31.0,Masculino
136262.0,2018-05-25,RN,304.0,MACAIBA,Desobediência às normas de trânsito pelo condutor,Colisão traseira,Com Vítimas Feridas,Plena Noite,Ignorado,Dupla,Sim,Automóvel,Não Informado,,Não Informado
136262.0,2018-05-25,RN,304.0,MACAIBA,Desobediência às normas de trânsito pelo condutor,Colisão traseira,Com Vítimas Feridas,Plena Noite,Ignorado,Dupla,Sim,Automóvel,Lesões Leves,38.0,Masculino
136368.0,2018-05-25,RN,101.0,NATAL,Ingestão de Álcool,Colisão traseira,Sem Vítimas,Plena Noite,Céu Claro,Dupla,Sim,Automóvel,Ileso,29.0,Feminino
136368.0,2018-05-25,RN,101.0,NATAL,Ingestão de Álcool,Colisão traseira,Sem Vítimas,Plena Noite,Céu Claro,Dupla,Sim,Motocicleta,Ileso,30.0,Masculino
136422.0,2018-05-26,RN,405.0,MOSSORO,Desobediência às normas de trânsito pelo condutor,Colisão transversal,Com Vítimas Feridas,Pleno dia,Céu Claro,Dupla,Sim,Automóvel,Ileso,,Ignorado
136422.0,2018-05-26,RN,405.0,MOSSORO,Desobediência às normas de trânsito pelo condutor,Colisão transversal,Com Vítimas Feridas,Pleno dia,Céu Claro,Dupla,Sim,Motocicleta,Lesões Graves,54.0,Masculino
136427.0,2018-05-26,RN,101.0,PARNAMIRIM,Falta de Atenção à Condução,Colisão traseira,Com Vítimas Feridas,Pleno dia,Céu Claro,Dupla,Sim,Automóvel,Ileso,36.0,Masculino
136427.0,2018-05-26,RN,101.0,PARNAMIRIM,Falta de Atenção à Condução,Colisão traseira,Com Vítimas Feridas,Pleno dia,Céu Claro,Dupla,Sim,Motocicleta,Lesões Graves,31.0,Masculino
136498.0,2018-05-27,RN,226.0,BOM JESUS,Desobediência às normas de trânsito pelo condutor,Colisão frontal,Com Vítimas Fatais,Amanhecer,Céu Claro,Simples,Não,Automóvel,Ileso,,Masculino
136498.0,2018-05-27,RN,226.0,BOM JESUS,Desobediência às normas de trânsito pelo condutor,Colisão frontal,Com Vítimas Fatais,Amanhecer,Céu Claro,Simples,Não,Motocicleta,Não Informado,,Não Informado
136498.0,2018-05-27,RN,226.0,BOM JESUS,Desobediência às normas de trânsito pelo condutor,Colisão frontal,Com Vítimas Fatais,Amanhecer,Céu Claro,Simples,Não,Motocicleta,Óbito,34.0,Masculino
136514.0,2018-05-27,RN,304.0,MOSSORO,Falta de Atenção à Condução,Saída de leito carroçável,Com Vítimas Feridas,Plena Noite,Céu Claro,Dupla,Sim,Automóvel,Lesões Leves,27.0,Masculino
136514.0,2018-05-27,RN,304.0,MOSSORO,Falta de Atenção à Condução,Saída de leito carroçável,Com Vítimas Feridas,Plena Noite,Céu Claro,Dupla,Sim,Automóvel,Lesões Leves,31.0,Feminino
136519.0,2018-05-27,RN,304.0,MACAIBA,Condutor Dormindo,Capotamento,Com Vítimas Feridas,Pleno dia,Céu Claro,Dupla,Sim,Automóvel,Lesões Leves,36.0,Masculino
136519.0,2018-05-27,RN,304.0,MACAIBA,Condutor Dormindo,Capotamento,Com Vítimas Feridas,Pleno dia,Céu Claro,Dupla,Sim,Automóvel,Não Informado,,Não Informado
136523.0,2018-05-27,RN,406.0,JOAO CAMARA,Falta de Atenção à Condução,Colisão lateral,Com Vítimas Fatais,Pleno dia,Céu Claro,Simples,Não,Caminhonete,Ileso,38.0,Masculino
136523.0,2018-05-27,RN,406.0,JOAO CAMARA,Falta de Atenção à Condução,Colisão lateral,Com Vítimas Fatais,Pleno dia,Céu Claro,Simples,Não,Motocicleta,Óbito,49.0,Masculino
136556.0,2018-05-27,RN,110.0,AUGUSTO SEVERO,Falta de Atenção à Condução,Colisão traseira,Com Vítimas Feridas,Anoitecer,Céu Claro,Simples,Não,Motocicleta,Lesões Leves,25.0,Masculino
136556.0,2018-05-27,RN,110.0,AUGUSTO SEVERO,Falta de Atenção à Condução,Colisão traseira,Com Vítimas Feridas,Anoitecer,Céu Claro,Simples,Não,Motocicleta,Lesões Leves,47.0,Masculino
136556.0,2018-05-27,RN,110.0,AUGUSTO SEVERO,Falta de Atenção à Condução,Colisão traseira,Com Vítimas Feridas,Anoitecer,Céu Claro,Simples,Não,Motocicleta,Lesões Graves,39.0,Feminino
136556.0,2018-05-27,RN,110.0,AUGUSTO SEVERO,Falta de Atenção à Condução,Colisão traseira,Com Vítimas Feridas,Anoitecer,Céu Claro,Simples,Não,Motocicleta,Lesões Graves,57.0,Masculino
136556.0,2018-05-27,RN,110.0,AUGUSTO SEVERO,Falta de Atenção à Condução,Colisão traseira,Com Vítimas Feridas,Anoitecer,Céu Claro,Simples,Não,Motocicleta,Lesões Graves,48.0,Masculino
136558.0,2018-05-27,RN,304.0,MOSSORO,Falta de Atenção à Condução,Saída de leito carroçável,Com Vítimas Fatais,Plena Noite,Céu Claro,Simples,Não,Caminhão-trator,Lesões Graves,37.0,Masculino
136558.0,2018-05-27,RN,304.0,MOSSORO,Falta de Atenção à Condução,Saída de leito carroçável,Com Vítimas Fatais,Plena Noite,Céu Claro,Simples,Não,Caminhão-trator,Lesões Graves,31.0,Masculino
136558.0,2018-05-27,RN,304.0,MOSSORO,Falta de Atenção à Condução,Saída de leito carroçável,Com Vítimas Fatais,Plena Noite,Céu Claro,Simples,Não,Caminhão-trator,Lesões Leves,34.0,Masculino
136558.0,2018-05-27,RN,304.0,MOSSORO,Falta de Atenção à Condução,Saída de leito carroçável,Com Vítimas Fatais,Plena Noite,Céu Claro,Simples,Não,Caminhão-trator,Óbito,39.0,Masculino
136565.0,2018-05-27,RN,110.0,MOSSORO,Falta de Atenção à Condução,Colisão traseira,Com Vítimas Feridas,Plena Noite,Céu Claro,Dupla,Sim,Automóvel,Ileso,58.0,Masculino
136565.0,2018-05-27,RN,110.0,MOSSORO,Falta de Atenção à Condução,Colisão traseira,Com Vítimas Feridas,Plena Noite,Céu Claro,Dupla,Sim,Automóvel,Ileso,33.0,Feminino
136565.0,2018-05-27,RN,110.0,MOSSORO,Falta de Atenção à Condução,Colisão traseira,Com Vítimas Feridas,Plena Noite,Céu Claro,Dupla,Sim,Carroça-charrete,Lesões Leves,57.0,Masculino
136581.0,2018-05-27,RN,101.0,NATAL,Animais na Pista,Colisão traseira,Com Vítimas Feridas,Plena Noite,Céu Claro,Dupla,Sim,Caminhonete,Ileso,52.0,Masculino
136581.0,2018-05-27,RN,101.0,NATAL,Animais na Pista,Colisão traseira,Com Vítimas Feridas,Plena Noite,Céu Claro,Dupla,Sim,Motocicleta,Lesões Leves,25.0,Masculino
136653.0,2018-05-28,RN,101.0,NATAL,Ingestão de Álcool,Colisão traseira,Com Vítimas Feridas,Pleno dia,Céu Claro,Dupla,Não,Motocicleta,Lesões Leves,21.0,Masculino
136653.0,2018-05-28,RN,101.0,NATAL,Ingestão de Álcool,Colisão traseira,Com Vítimas Feridas,Pleno dia,Céu Claro,Dupla,Não,Caminhonete,Ileso,41.0,Masculino
136653.0,2018-05-28,RN,101.0,NATAL,Ingestão de Álcool,Colisão traseira,Com Vítimas Feridas,Pleno dia,Céu Claro,Dupla,Não,Motocicleta,Lesões Graves,31.0,Masculino
136655.0,2018-05-28,RN,101.0,PARNAMIRIM,Falta de Atenção à Condução,Colisão traseira,Com Vítimas Feridas,Pleno dia,Céu Claro,Dupla,Sim,Motocicleta,Lesões Leves,35.0,Masculino
136655.0,2018-05-28,RN,101.0,PARNAMIRIM,Falta de Atenção à Condução,Colisão traseira,Com Vítimas Feridas,Pleno dia,Céu Claro,Dupla,Sim,Automóvel,Ileso,33.0,Masculino
136658.0,2018-05-28,RN,101.0,GOIANINHA,Falta de Atenção à Condução,Colisão transversal,Com Vítimas Feridas,Pleno dia,Nublado,Simples,Sim,Utilitário,Ileso,61.0,Masculino
136658.0,2018-05-28,RN,101.0,GOIANINHA,Falta de Atenção à Condução,Colisão transversal,Com Vítimas Feridas,Pleno dia,Nublado,Simples,Sim,Motocicleta,Lesões Leves,57.0,Masculino
136663.0,2018-05-28,RN,101.0,PARNAMIRIM,Animais na Pista,Atropelamento de Animal,Com Vítimas Feridas,Pleno dia,Nublado,Múltipla,Sim,Motocicleta,Lesões Leves,28.0,Masculino
136701.0,2018-05-28,RN,427.0,CAICO,Animais na Pista,Atropelamento de Animal,Com Vítimas Feridas,Plena Noite,Céu Claro,Simples,Sim,Motoneta,Lesões Leves,31.0,Feminino
136736.0,2018-05-29,RN,226.0,NATAL,Falta de Atenção à Condução,Colisão lateral,Com Vítimas Feridas,Pleno dia,Sol,Dupla,Sim,Automóvel,Ileso,36.0,Masculino
136736.0,2018-05-29,RN,226.0,NATAL,Falta de Atenção à Condução,Colisão lateral,Com Vítimas Feridas,Pleno dia,Sol,Dupla,Sim,Motocicleta,Lesões Leves,28.0,Masculino
136736.0,2018-05-29,RN,226.0,NATAL,Falta de Atenção à Condução,Colisão lateral,Com Vítimas Feridas,Pleno dia,Sol,Dupla,Sim,Motocicleta,Lesões Leves,,Feminino
136763.0,2018-05-29,RN,406.0,TAIPU,Falta de Atenção à Condução,Colisão frontal,Com Vítimas Feridas,Pleno dia,Céu Claro,Simples,Não,Caminhonete,Ileso,47.0,Feminino
136763.0,2018-05-29,RN,406.0,TAIPU,Falta de Atenção à Condução,Colisão frontal,Com Vítimas Feridas,Pleno dia,Céu Claro,Simples,Não,Automóvel,Lesões Leves,,Feminino
136763.0,2018-05-29,RN,406.0,TAIPU,Falta de Atenção à Condução,Colisão frontal,Com Vítimas Feridas,Pleno dia,Céu Claro,Simples,Não,Automóvel,Lesões Leves,41.0,Feminino
136763.0,2018-05-29,RN,406.0,TAIPU,Falta de Atenção à Condução,Colisão frontal,Com Vítimas Feridas,Pleno dia,Céu Claro,Simples,Não,Automóvel,Lesões Leves,33.0,Feminino
136820.0,2018-05-30,RN,101.0,NATAL,Desobediência às normas de trânsito pelo condutor,Colisão traseira,Com Vítimas Feridas,Pleno dia,Céu Claro,Múltipla,Sim,Automóvel,Lesões Leves,36.0,Feminino
136820.0,2018-05-30,RN,101.0,NATAL,Desobediência às normas de trânsito pelo condutor,Colisão traseira,Com Vítimas Feridas,Pleno dia,Céu Claro,Múltipla,Sim,Ônibus,Ileso,27.0,Masculino
136872.0,2018-05-30,RN,101.0,SAO GONCALO DO AMARANTE,Não guardar distância de segurança,Colisão lateral,Com Vítimas Feridas,Plena Noite,Céu Claro,Simples,Não,Caminhão,Ileso,,Masculino
136872.0,2018-05-30,RN,101.0,SAO GONCALO DO AMARANTE,Não guardar distância de segurança,Colisão lateral,Com Vítimas Feridas,Plena Noite,Céu Claro,Simples,Não,Motocicleta,Lesões Graves,57.0,Masculino
136872.0,2018-05-30,RN,101.0,SAO GONCALO DO AMARANTE,Não guardar distância de segurança,Colisão lateral,Com Vítimas Feridas,Plena Noite,Céu Claro,Simples,Não,Motocicleta,Não Informado,,Não Informado
137133.0,2018-06-01,RN,304.0,MOSSORO,Falta de Atenção à Condução,Colisão lateral,Com Vítimas Feridas,Pleno dia,Sol,Dupla,Sim,Caminhonete,Ileso,43.0,Feminino
137133.0,2018-06-01,RN,304.0,MOSSORO,Falta de Atenção à Condução,Colisão lateral,Com Vítimas Feridas,Pleno dia,Sol,Dupla,Sim,Ciclomotor,Lesões Leves,22.0,Feminino
137328.0,2018-06-02,RN,101.0,SAO GONCALO DO AMARANTE,Desobediência às normas de trânsito pelo condutor,Colisão transversal,Com Vítimas Feridas,Pleno dia,Céu Claro,Múltipla,Sim,Automóvel,Ileso,26.0,Masculino
137328.0,2018-06-02,RN,101.0,SAO GONCALO DO AMARANTE,Desobediência às normas de trânsito pelo condutor,Colisão transversal,Com Vítimas Feridas,Pleno dia,Céu Claro,Múltipla,Sim,Motocicleta,Lesões Leves,39.0,Masculino
137339.0,2018-06-02,RN,110.0,AREIA BRANCA,Desobediência às normas de trânsito pelo condutor,Colisão transversal,Com Vítimas Feridas,Pleno dia,Céu Claro,Simples,Não,Motocicleta,Lesões Graves,21.0,Masculino
137339.0,2018-06-02,RN,110.0,AREIA BRANCA,Desobediência às normas de trânsito pelo condutor,Colisão transversal,Com Vítimas Feridas,Pleno dia,Céu Claro,Simples,Não,Automóvel,Não Informado,,Não Informado
137339.0,2018-06-02,RN,110.0,AREIA BRANCA,Desobediência às normas de trânsito pelo condutor,Colisão transversal,Com Vítimas Feridas,Pleno dia,Céu Claro,Simples,Não,Automóvel,Não Informado,,Não Informado
137394.0,2018-06-02,RN,101.0,SAO GONCALO DO AMARANTE,Não guardar distância de segurança,Colisão traseira,Com Vítimas Feridas,Pleno dia,Céu Claro,Dupla,Sim,Automóvel,Ileso,54.0,Masculino
137394.0,2018-06-02,RN,101.0,SAO GONCALO DO AMARANTE,Não guardar distância de segurança,Colisão traseira,Com Vítimas Feridas,Pleno dia,Céu Claro,Dupla,Sim,Automóvel,Lesões Leves,33.0,Feminino
137394.0,2018-06-02,RN,101.0,SAO GONCALO DO AMARANTE,Não guardar distância de segurança,Colisão traseira,Com Vítimas Feridas,Pleno dia,Céu Claro,Dupla,Sim,Automóvel,Ileso,51.0,Feminino
137394.0,2018-06-02,RN,101.0,SAO GONCALO DO AMARANTE,Não guardar distância de segurança,Colisão traseira,Com Vítimas Feridas,Pleno dia,Céu Claro,Dupla,Sim,Automóvel,Ileso,41.0,Masculino
137394.0,2018-06-02,RN,101.0,SAO GONCALO DO AMARANTE,Não guardar distância de segurança,Colisão traseira,Com Vítimas Feridas,Pleno dia,Céu Claro,Dupla,Sim,Ônibus,Ileso,53.0,Masculino
137398.0,2018-06-02,RN,406.0,SAO GONCALO DO AMARANTE,Pista Escorregadia,Tombamento,Com Vítimas Feridas,Pleno dia,Céu Claro,Dupla,Sim,Motocicleta,Lesões Leves,43.0,Masculino
137464.0,2018-06-02,RN,304.0,MOSSORO,Ingestão de Álcool,Tombamento,Com Vítimas Feridas,Plena Noite,Céu Claro,Dupla,Sim,Automóvel,Ileso,38.0,Masculino
137464.0,2018-06-02,RN,304.0,MOSSORO,Ingestão de Álcool,Tombamento,Com Vítimas Feridas,Plena Noite,Céu Claro,Dupla,Sim,Ciclomotor,Lesões Leves,69.0,Masculino
137539.0,2018-06-03,RN,226.0,PATU,Falta de Atenção à Condução,Colisão frontal,Com Vítimas Feridas,Plena Noite,Ignorado,Simples,Não,Motocicleta,Lesões Graves,19.0,Masculino
137539.0,2018-06-03,RN,226.0,PATU,Falta de Atenção à Condução,Colisão frontal,Com Vítimas Feridas,Plena Noite,Ignorado,Simples,Não,Motocicleta,Lesões Graves,20.0,Masculino
137622.0,2018-06-03,RN,304.0,MOSSORO,Defeito Mecânico no Veículo,Colisão com objeto estático,Com Vítimas Feridas,Pleno dia,Chuva,Dupla,Sim,Automóvel,Lesões Leves,54.0,Masculino
137622.0,2018-06-03,RN,304.0,MOSSORO,Defeito Mecânico no Veículo,Colisão com objeto estático,Com Vítimas Feridas,Pleno dia,Chuva,Dupla,Sim,Automóvel,Lesões Leves,60.0,Masculino
137622.0,2018-06-03,RN,304.0,MOSSORO,Defeito Mecânico no Veículo,Colisão com objeto estático,Com Vítimas Feridas,Pleno dia,Chuva,Dupla,Sim,Automóvel,Lesões Leves,23.0,Masculino