id,data_inversa,uf,br,municipio,causa_acidente,tipo_acidente,classificacao_acidente,fase_dia,condicao_metereologica,tipo_pista,uso_solo,tipo_veiculo,estado_fisico,idade,sexo
137622.0,2018-06-03,RN,304.0,MOSSORO,Defeito Mecânico no Veículo,Colisão com objeto estático,Com Vítimas Feridas,Pleno dia,Chuva,Dupla,Sim,Automóvel,Lesões Leves,50.0,Feminino
137622.0,2018-06-03,RN,304.0,MOSSORO,Defeito Mecânico no Veículo,Colisão com objeto estático,Com Vítimas Feridas,Pleno dia,Chuva,Dupla,Sim,Automóvel,Lesões Leves,57.0,Feminino
137629.0,2018-06-03,RN,226.0,SANTA CRUZ,Velocidade Incompatível,Colisão frontal,Com Vítimas Fatais,Pleno dia,Chuva,Simples,Não,Automóvel,Lesões Graves,39.0,Feminino
137629.0,2018-06-03,RN,226.0,SANTA CRUZ,Velocidade Incompatível,Colisão frontal,Com Vítimas Fatais,Pleno dia,Chuva,Simples,Não,Automóvel,Óbito,54.0,Masculino
137629.0,2018-06-03,RN,226.0,SANTA CRUZ,Velocidade Incompatível,Colisão frontal,Com Vítimas Fatais,Pleno dia,Chuva,Simples,Não,Automóvel,Lesões Graves,7.0,Masculino
137629.0,2018-06-03,RN,226.0,SANTA CRUZ,Velocidade Incompatível,Colisão frontal,Com Vítimas Fatais,Pleno dia,Chuva,Simples,Não,Automóvel,Lesões Graves,7.0,Masculino
137629.0,2018-06-03,RN,226.0,SANTA CRUZ,Velocidade Incompatível,Colisão frontal,Com Vítimas Fatais,Pleno dia,Chuva,Simples,Não,Automóvel,Lesões Graves,34.0,Masculino
137641.0,2018-06-03,RN,406.0,CEARA-MIRIM,Ingestão de Álcool,Colisão lateral,Com Vítimas Feridas,Anoitecer,Garoa/Chuvisco,Simples,Não,Ônibus,Ileso,40.0,Masculino
137641.0,2018-06-03,RN,406.0,CEARA-MIRIM,Ingestão de Álcool,Colisão lateral,Com Vítimas Feridas,Anoitecer,Garoa/Chuvisco,Simples,Não,Automóvel,Lesões Leves,35.0,Masculino
137718.0,2018-06-03,RN,110.0,MOSSORO,Falta de Atenção à Condução,Colisão frontal,Com Vítimas Feridas,Plena Noite,Céu Claro,Simples,Sim,Motocicleta,Lesões Leves,27.0,Masculino
137718.0,2018-06-03,RN,110.0,MOSSORO,Falta de Atenção à Condução,Colisão frontal,Com Vítimas Feridas,Plena Noite,Céu Claro,Simples,Sim,Motocicleta,Lesões Leves,20.0,Feminino
137718.0,2018-06-03,RN,110.0,MOSSORO,Falta de Atenção à Condução,Colisão frontal,Com Vítimas Feridas,Plena Noite,Céu Claro,Simples,Sim,Automóvel,Ileso,85.0,Masculino
137836.0,2018-06-04,RN,110.0,AUGUSTO SEVERO,Defeito na Via,Saída de leito carroçável,Com Vítimas Feridas,Pleno dia,Céu Claro,Simples,Não,Automóvel,Ileso,25.0,Masculino
137836.0,2018-06-04,RN,110.0,AUGUSTO SEVERO,Defeito na Via,Saída de leito carroçável,Com Vítimas Feridas,Pleno dia,Céu Claro,Simples,Não,Automóvel,Lesões Leves,22.0,Masculino
137836.0,2018-06-04,RN,110.0,AUGUSTO SEVERO,Defeito na Via,Saída de leito carroçável,Com Vítimas Feridas,Pleno dia,Céu Claro,Simples,Não,Automóvel,Lesões Leves,24.0,Feminino
137836.0,2018-06-04,RN,110.0,AUGUSTO SEVERO,Defeito na Via,Saída de leito carroçável,Com Vítimas Feridas,Pleno dia,Céu Claro,Simples,Não,Automóvel,Lesões Leves,25.0,Feminino
137997.0,2018-06-05,RN,405.0,APODI,Falta de Atenção à Condução,Colisão lateral,Sem Vítimas,Pleno dia,Céu Claro,Dupla,Sim,Caminhão,Ileso,71.0,Masculino
137997.0,2018-06-05,RN,405.0,APODI,Falta de Atenção à Condução,Colisão lateral,Sem Vítimas,Pleno dia,Céu Claro,Dupla,Sim,Automóvel,Ileso,48.0,Masculino
138056.0,2018-06-05,RN,101.0,PARNAMIRIM,Falta de Atenção do Pedestre,Atropelamento de Pedestre,Com Vítimas Feridas,Pleno dia,Sol,Dupla,Sim,Motocicleta,Ileso,28.0,Masculino
138056.0,2018-06-05,RN,101.0,PARNAMIRIM,Falta de Atenção do Pedestre,Atropelamento de Pedestre,Com Vítimas Feridas,Pleno dia,Sol,Dupla,Sim,Motocicleta,Lesões Leves,10.0,Masculino
138056.0,2018-06-05,RN,101.0,PARNAMIRIM,Falta de Atenção do Pedestre,Atropelamento de Pedestre,Com Vítimas Feridas,Pleno dia,Sol,Dupla,Sim,Motocicleta,Não Informado,,Não Informado
138167.0,2018-03-26,RN,101.0,NATAL,Defeito Mecânico no Veículo,Colisão traseira,Com Vítimas Feridas,Plena Noite,Céu Claro,Dupla,Não,Automóvel,Ileso,,Ignorado
138167.0,2018-03-26,RN,101.0,NATAL,Defeito Mecânico no Veículo,Colisão traseira,Com Vítimas Feridas,Plena Noite,Céu Claro,Dupla,Não,Automóvel,Ileso,38.0,Masculino
138167.0,2018-03-26,RN,101.0,NATAL,Defeito Mecânico no Veículo,Colisão traseira,Com Vítimas Feridas,Plena Noite,Céu Claro,Dupla,Não,Ônibus,Ileso,23.0,Masculino
138167.0,2018-03-26,RN,101.0,NATAL,Defeito Mecânico no Veículo,Colisão traseira,Com Vítimas Feridas,Plena Noite,Céu Claro,Dupla,Não,Automóvel,Lesões Leves,33.0,Feminino
138167.0,2018-03-26,RN,101.0,NATAL,Defeito Mecânico no Veículo,Colisão traseira,Com Vítimas Feridas,Plena Noite,Céu Claro,Dupla,Não,Automóvel,Lesões Graves,55.0,Feminino
138213.0,2018-06-06,RN,110.0,MOSSORO,Falta de Atenção à Condução,Colisão transversal,Com Vítimas Feridas,Pleno dia,Céu Claro,Simples,Sim,Automóvel,Ileso,34.0,Masculino
138213.0,2018-06-06,RN,110.0,MOSSORO,Falta de Atenção à Condução,Colisão transversal,Com Vítimas Feridas,Pleno dia,Céu Claro,Simples,Sim,Motocicleta,Lesões Leves,25.0,Masculino
138248.0,2018-06-06,RN,101.0,PARNAMIRIM,Desobediência às normas de trânsito pelo condutor,Colisão lateral,Sem Vítimas,Anoitecer,Céu Claro,Múltipla,Sim,Automóvel,Ileso,40.0,Feminino
138248.0,2018-06-06,RN,101.0,PARNAMIRIM,Desobediência às normas de trânsito pelo condutor,Colisão lateral,Sem Vítimas,Anoitecer,Céu Claro,Múltipla,Sim,Motoneta,Ileso,13.0,Masculino
138259.0,2018-06-06,RN,101.0,SAO GONCALO DO AMARANTE,Falta de Atenção à Condução,Colisão traseira,Com Vítimas Feridas,Anoitecer,Céu Claro,Dupla,Sim,Automóvel,Ileso,35.0,Masculino
138259.0,2018-06-06,RN,101.0,SAO GONCALO DO AMARANTE,Falta de Atenção à Condução,Colisão traseira,Com Vítimas Feridas,Anoitecer,Céu Claro,Dupla,Sim,Motocicleta,Lesões Leves,39.0,Masculino
138259.0,2018-06-06,RN,101.0,SAO GONCALO DO AMARANTE,Falta de Atenção à Condução,Colisão traseira,Com Vítimas Feridas,Anoitecer,Céu Claro,Dupla,Sim,Ônibus,Ileso,48.0,Masculino
138263.0,2018-06-06,RN,104.0,MACAU,Falta de Atenção à Condução,Colisão transversal,Sem Vítimas,Plena Noite,Nublado,Simples,Sim,Motocicleta,Ileso,27.0,Masculino
138263.0,2018-06-06,RN,104.0,MACAU,Falta de Atenção à Condução,Colisão transversal,Sem Vítimas,Plena Noite,Nublado,Simples,Sim,Automóvel,Ileso,36.0,Feminino
138286.0,2018-06-06,RN,101.0,SAO GONCALO DO AMARANTE,Não guardar distância de segurança,Colisão traseira,Com Vítimas Feridas,Plena Noite,Céu Claro,Dupla,Sim,Motocicleta,Lesões Leves,35.0,Masculino
138286.0,2018-06-06,RN,101.0,SAO GONCALO DO AMARANTE,Não guardar distância de segurança,Colisão traseira,Com Vítimas Feridas,Plena Noite,Céu Claro,Dupla,Sim,Automóvel,Ileso,41.0,Masculino
138433.0,2018-06-07,RN,304.0,MOSSORO,Falta de Atenção à Condução,Colisão lateral,Com Vítimas Feridas,Pleno dia,Chuva,Dupla,Não,Caminhão,Ileso,33.0,Masculino
138433.0,2018-06-07,RN,304.0,MOSSORO,Falta de Atenção à Condução,Colisão lateral,Com Vítimas Feridas,Pleno dia,Chuva,Dupla,Não,Automóvel,Ileso,37.0,Masculino
138433.0,2018-06-07,RN,304.0,MOSSORO,Falta de Atenção à Condução,Colisão lateral,Com Vítimas Feridas,Pleno dia,Chuva,Dupla,Não,Automóvel,Lesões Leves,24.0,Masculino
138478.0,2018-06-07,RN,304.0,PARNAMIRIM,Ingestão de Álcool,Colisão transversal,Com Vítimas Feridas,Plena Noite,Céu Claro,Dupla,Sim,Motocicleta,Lesões Leves,44.0,Masculino
138478.0,2018-06-07,RN,304.0,PARNAMIRIM,Ingestão de Álcool,Colisão transversal,Com Vítimas Feridas,Plena Noite,Céu Claro,Dupla,Sim,Motocicleta,Lesões Graves,36.0,Feminino
138478.0,2018-06-07,RN,304.0,PARNAMIRIM,Ingestão de Álcool,Colisão transversal,Com Vítimas Feridas,Plena Noite,Céu Claro,Dupla,Sim,Bicicleta,Lesões Graves,61.0,Masculino
138608.0,2018-04-17,RN,101.0,SAO GONCALO DO AMARANTE,Falta de Atenção do Pedestre,Atropelamento de Pedestre,Com Vítimas Feridas,Plena Noite,Nublado,Dupla,Sim,Motocicleta,Lesões Graves,21.0,Masculino
138608.0,2018-04-17,RN,101.0,SAO GONCALO DO AMARANTE,Falta de Atenção do Pedestre,Atropelamento de Pedestre,Com Vítimas Feridas,Plena Noite,Nublado,Dupla,Sim,Motocicleta,Lesões Graves,54.0,Masculino
138674.0,2018-05-03,RN,226.0,CAMPO REDONDO,Falta de Atenção à Condução,Tombamento,Com Vítimas Fatais,Pleno dia,Nublado,Simples,Não,Caminhão,Óbito,39.0,Masculino
138688.0,2018-06-08,RN,406.0,SAO GONCALO DO AMARANTE,Desobediência às normas de trânsito pelo condutor,Colisão transversal,Com Vítimas Feridas,Pleno dia,Céu Claro,Dupla,Sim,Automóvel,Ileso,23.0,Masculino
138688.0,2018-06-08,RN,406.0,SAO GONCALO DO AMARANTE,Desobediência às normas de trânsito pelo condutor,Colisão transversal,Com Vítimas Feridas,Pleno dia,Céu Claro,Dupla,Sim,Motocicleta,Lesões Graves,28.0,Masculino
138688.0,2018-06-08,RN,406.0,SAO GONCALO DO AMARANTE,Desobediência às normas de trânsito pelo condutor,Colisão transversal,Com Vítimas Feridas,Pleno dia,Céu Claro,Dupla,Sim,Motocicleta,Lesões Leves,32.0,Feminino
138761.0,2018-04-25,RN,304.0,SAO PEDRO,Falta de Atenção à Condução,Capotamento,Com Vítimas Feridas,Pleno dia,Ignorado,Simples,Não,Caminhonete,Lesões Leves,,Masculino
138775.0,2018-06-08,RN,226.0,CAMPO REDONDO,Defeito Mecânico no Veículo,Incêndio,Sem Vítimas,Plena Noite,Céu Claro,Simples,Não,Caminhonete,Ileso,47.0,Masculino
138826.0,2018-06-09,RN,101.0,NATAL,Ingestão de Álcool,Saída de leito carroçável,Com Vítimas Fatais,Plena Noite,Garoa/Chuvisco,Dupla,Sim,Caminhão,Lesões Leves,24.0,Masculino
138826.0,2018-06-09,RN,101.0,NATAL,Ingestão de Álcool,Saída de leito carroçável,Com Vítimas Fatais,Plena Noite,Garoa/Chuvisco,Dupla,Sim,Caminhão,Lesões Graves,31.0,Masculino
138826.0,2018-06-09,RN,101.0,NATAL,Ingestão de Álcool,Saída de leito carroçável,Com Vítimas Fatais,Plena Noite,Garoa/Chuvisco,Dupla,Sim,Caminhão,Não Informado,,Não Informado
138826.0,2018-06-09,RN,101.0,NATAL,Ingestão de Álcool,Saída de leito carroçável,Com Vítimas Fatais,Plena Noite,Garoa/Chuvisco,Dupla,Sim,Automóvel,Óbito,35.0,Masculino
138830.0,2018-06-09,RN,101.0,SAO GONCALO DO AMARANTE,Carga excessiva e/ou mal acondicionada,Capotamento,Sem Vítimas,Amanhecer,Nublado,Simples,Não,Automóvel,Não Informado,,Não Informado
139082.0,2018-06-10,RN,226.0,MACAIBA,Ingestão de Álcool,Colisão lateral,Com Vítimas Feridas,Plena Noite,Nublado,Simples,Sim,Automóvel,Ileso,23.0,Masculino
139082.0,2018-06-10,RN,226.0,MACAIBA,Ingestão de Álcool,Colisão lateral,Com Vítimas Feridas,Plena Noite,Nublado,Simples,Sim,Ciclomotor,Lesões Leves,13.0,Masculino
139082.0,2018-06-10,RN,226.0,MACAIBA,Ingestão de Álcool,Colisão lateral,Com Vítimas Feridas,Plena Noite,Nublado,Simples,Sim,Ciclomotor,Lesões Leves,31.0,Masculino
139355.0,2018-06-11,RN,101.0,SAO JOSE DE MIPIBU,Ingestão de Álcool,Colisão traseira,Com Vítimas Feridas,Pleno dia,Céu Claro,Dupla,Não,Automóvel,Ileso,24.0,Masculino
139355.0,2018-06-11,RN,101.0,SAO JOSE DE MIPIBU,Ingestão de Álcool,Colisão traseira,Com Vítimas Feridas,Pleno dia,Céu Claro,Dupla,Não,Motocicleta,Lesões Graves,40.0,Masculino
139355.0,2018-06-11,RN,101.0,SAO JOSE DE MIPIBU,Ingestão de Álcool,Colisão traseira,Com Vítimas Feridas,Pleno dia,Céu Claro,Dupla,Não,Motocicleta,Lesões Leves,32.0,Masculino
139434.0,2018-06-11,RN,101.0,GOIANINHA,Falta de Atenção à Condução,Colisão traseira,Com Vítimas Feridas,Pleno dia,Céu Claro,Dupla,Sim,Caminhão,Não Informado,,Não Informado
139434.0,2018-06-11,RN,101.0,GOIANINHA,Falta de Atenção à Condução,Colisão traseira,Com Vítimas Feridas,Pleno dia,Céu Claro,Dupla,Sim,Automóvel,Lesões Leves,28.0,Masculino
139434.0,2018-06-11,RN,101.0,GOIANINHA,Falta de Atenção à Condução,Colisão traseira,Com Vítimas Feridas,Pleno dia,Céu Claro,Dupla,Sim,Automóvel,Lesões Graves,53.0,Masculino
139564.0,2018-06-12,RN,405.0,PAU DOS FERROS,Desobediência às normas de trânsito pelo condutor,Colisão transversal,Com Vítimas Fatais,Plena Noite,Céu Claro,Simples,Sim,Motocicleta,Lesões Graves,29.0,Feminino
139564.0,2018-06-12,RN,405.0,PAU DOS FERROS,Desobediência às normas de trânsito pelo condutor,Colisão transversal,Com Vítimas Fatais,Plena Noite,Céu Claro,Simples,Sim,Motocicleta,Lesões Graves,32.0,Masculino
139564.0,2018-06-12,RN,405.0,PAU DOS FERROS,Desobediência às normas de trânsito pelo condutor,Colisão transversal,Com Vítimas Fatais,Plena Noite,Céu Claro,Simples,Sim,Motocicleta,Óbito,29.0,Masculino
139670.0,2018-06-12,RN,101.0,SAO JOSE DE MIPIBU,Falta de Atenção à Condução,Colisão traseira,Com Vítimas Feridas,Pleno dia,Céu Claro,Dupla,Não,Automóvel,Lesões Leves,39.0,Feminino
139670.0,2018-06-12,RN,101.0,SAO JOSE DE MIPIBU,Falta de Atenção à Condução,Colisão traseira,Com Vítimas Feridas,Pleno dia,Céu Claro,Dupla,Não,Automóvel,Lesões Leves,18.0,Feminino
139670.0,2018-06-12,RN,101.0,SAO JOSE DE MIPIBU,Falta de Atenção à Condução,Colisão traseira,Com Vítimas Feridas,Pleno dia,Céu Claro,Dupla,Não,Automóvel,Ileso,64.0,Masculino
139671.0,2018-03-24,RN,406.0,SAO GONCALO DO AMARANTE,Desobediência às normas de trânsito pelo condutor,Colisão frontal,Com Vítimas Fatais,Plena Noite,Céu Claro,Simples,Não,Automóvel,Lesões Leves,51.0,Masculino
139671.0,2018-03-24,RN,406.0,SAO GONCALO DO AMARANTE,Desobediência às normas de trânsito pelo condutor,Colisão frontal,Com Vítimas Fatais,Plena Noite,Céu Claro,Simples,Não,Ciclomotor,Não Informado,,Não Informado
139671.0,2018-03-24,RN,406.0,SAO GONCALO DO AMARANTE,Desobediência às normas de trânsito pelo condutor,Colisão frontal,Com Vítimas Fatais,Plena Noite,Céu Claro,Simples,Não,Ciclomotor,Óbito,40.0,Masculino
139682.0,2018-06-12,RN,304.0,MACAIBA,Pista Escorregadia,Danos eventuais,Com Vítimas Feridas,Pleno dia,Céu Claro,Dupla,Sim,Motocicleta,Lesões Leves,29.0,Masculino
139813.0,2018-06-13,RN,101.0,PARNAMIRIM,Falta de Atenção à Condução,Colisão traseira,Com Vítimas Feridas,Pleno dia,Céu Claro,Simples,Sim,Camioneta,Ileso,46.0,Masculino
139813.0,2018-06-13,RN,101.0,PARNAMIRIM,Falta de Atenção à Condução,Colisão traseira,Com Vítimas Feridas,Pleno dia,Céu Claro,Simples,Sim,Camioneta,Ileso,46.0,Feminino
139813.0,2018-06-13,RN,101.0,PARNAMIRIM,Falta de Atenção à Condução,Colisão traseira,Com Vítimas Feridas,Pleno dia,Céu Claro,Simples,Sim,Motocicleta,Ileso,28.0,Masculino
139813.0,2018-06-13,RN,101.0,PARNAMIRIM,Falta de Atenção à Condução,Colisão traseira,Com Vítimas Feridas,Pleno dia,Céu Claro,Simples,Sim,Motocicleta,Lesões Leves,30.0,Feminino
139813.0,2018-06-13,RN,101.0,PARNAMIRIM,Falta de Atenção à Condução,Colisão traseira,Com Vítimas Feridas,Pleno dia,Céu Claro,Simples,Sim,Camioneta,Ileso,45.0,Feminino
139813.0,2018-06-13,RN,101.0,PARNAMIRIM,Falta de Atenção à Condução,Colisão traseira,Com Vítimas Feridas,Pleno dia,Céu Claro,Simples,Sim,Camioneta,Ileso,84.0,Masculino
139815.0,2018-06-13,RN,304.0,MOSSORO,Falta de Atenção à Condução,Colisão transversal,Com Vítimas Feridas,Pleno dia,Céu Claro,Dupla,Sim,Motocicleta,Lesões Leves,23.0,Masculino
139815.0,2018-06-13,RN,304.0,MOSSORO,Falta de Atenção à Condução,Colisão transversal,Com Vítimas Feridas,Pleno dia,Céu Claro,Dupla,Sim,Bicicleta,Lesões Graves,73.0,Masculino
139817.0,2018-06-13,RN,226.0,PATU,Condutor Dormindo,Colisão transversal,Com Vítimas Feridas,Pleno dia,Céu Claro,Simples,Não,Automóvel,Lesões Leves,36.0,Masculino
139817.0,2018-06-13,RN,226.0,PATU,Condutor Dormindo,Colisão transversal,Com Vítimas Feridas,Pleno dia,Céu Claro,Simples,Não,Motocicleta,Lesões Graves,26.0,Masculino
139817.0,2018-06-13,RN,226.0,PATU,Condutor Dormindo,Colisão transversal,Com Vítimas Feridas,Pleno dia,Céu Claro,Simples,Não,Automóvel,Ileso,33.0,Feminino
140028.0,2018-06-14,RN,101.0,PARNAMIRIM,Não guardar distância de segurança,Colisão traseira,Com Vítimas Feridas,Pleno dia,Nublado,Dupla,Sim,Motocicleta,Lesões Leves,34.0,Masculino
140028.0,2018-06-14,RN,101.0,PARNAMIRIM,Não guardar distância de segurança,Colisão traseira,Com Vítimas Feridas,Pleno dia,Nublado,Dupla,Sim,Automóvel,Ileso,24.0,Masculino
140175.0,2018-06-14,RN,101.0,NATAL,Falta de Atenção à Condução,Colisão transversal,Com Vítimas Feridas,Plena Noite,Céu Claro,Dupla,Não,Motocicleta,Lesões Graves,42.0,Masculino
140218.0,2018-06-15,RN,101.0,SAO JOSE DE MIPIBU,Ingestão de Álcool,Colisão com objeto estático,Sem Vítimas,Amanhecer,Céu Claro,Dupla,Sim,Automóvel,Ileso,33.0,Masculino
140223.0,2018-06-15,RN,101.0,PARNAMIRIM,Falta de Atenção à Condução,Colisão traseira,Sem Vítimas,Pleno dia,Céu Claro,Dupla,Não,Automóvel,Ileso,20.0,Masculino
140223.0,2018-06-15,RN,101.0,PARNAMIRIM,Falta de Atenção à Condução,Colisão traseira,Sem Vítimas,Pleno dia,Céu Claro,Dupla,Não,Automóvel,Ileso,22.0,Masculino
140248.0,2018-06-15,RN,304.0,MACAIBA,Falta de Atenção à Condução,Colisão traseira,Com Vítimas Feridas,Pleno dia,Céu Claro,Dupla,Não,Automóvel,Ileso,23.0,Feminino
140248.0,2018-06-15,RN,304.0,MACAIBA,Falta de Atenção à Condução,Colisão traseira,Com Vítimas Feridas,Pleno dia,Céu Claro,Dupla,Não,Motocicleta,Lesões Leves,55.0,Masculino
140276.0,2018-06-15,RN,101.0,PARNAMIRIM,Desobediência às normas de trânsito pelo condutor,Colisão transversal,Com Vítimas Feridas,Pleno dia,Céu Claro,Dupla,Sim,Motoneta,Lesões Graves,37.0,Feminino
140276.0,2018-06-15,RN,101.0,PARNAMIRIM,Desobediência às normas de trânsito pelo condutor,Colisão transversal,Com Vítimas Feridas,Pleno dia,Céu Claro,Dupla,Sim,Bicicleta,Lesões Graves,65.0,Masculino
140301.0,2018-06-15,RN,101.0,PARNAMIRIM,Falta de Atenção à Condução,Colisão lateral,Com Vítimas Feridas,Pleno dia,Sol,Dupla,Sim,Motocicleta,Lesões Leves,32.0,Masculino
140301.0,2018-06-15,RN,101.0,PARNAMIRIM,Falta de Atenção à Condução,Colisão lateral,Com Vítimas Feridas,Pleno dia,Sol,Dupla,Sim,Automóvel,Ileso,69.0,Masculino
140311.0,2018-06-15,RN,101.0,NATAL,Não guardar distância de segurança,Colisão lateral,Com Vítimas Feridas,Pleno dia,Céu Claro,Dupla,Sim,Automóvel,Ileso,40.0,Masculino
140311.0,2018-06-15,RN,101.0,NATAL,Não guardar distância de segurança,Colisão lateral,Com Vítimas Feridas,Pleno dia,Céu Claro,Dupla,Sim,Motocicleta,Lesões Leves,45.0,Masculino
140311.0,2018-06-15,RN,101.0,NATAL,Não guardar distância de segurança,Colisão lateral,Com Vítimas Feridas,Pleno dia,Céu Claro,Dupla,Sim,Automóvel,Ileso,36.0,Feminino
140390.0,2018-06-15,RN,101.0,EXTREMOZ,Falta de Atenção à Condução,Colisão transversal,Com Vítimas Feridas,Plena Noite,Céu Claro,Simples,Não,Automóvel,Lesões Leves,31.0,Masculino
140390.0,2018-06-15,RN,101.0,EXTREMOZ,Falta de Atenção à Condução,Colisão transversal,Com Vítimas Feridas,Plena Noite,Céu Claro,Simples,Não,Utilitário,Ileso,69.0,Masculino
140390.0,2018-06-15,RN,101.0,EXTREMOZ,Falta de Atenção à Condução,Colisão transversal,Com Vítimas Feridas,Plena Noite,Céu Claro,Simples,Não,Automóvel,Lesões Leves,36.0,Feminino
140390.0,2018-06-15,RN,101.0,EXTREMOZ,Falta de Atenção à Condução,Colisão transversal,Com Vítimas Feridas,Plena Noite,Céu Claro,Simples,Não,Automóvel,Lesões Graves,7.0,Feminino
140431.0,2018-06-15,RN,406.0,SAO GONCALO DO AMARANTE,Ingestão de Álcool,Colisão traseira,Com Vítimas Feridas,Plena Noite,Garoa/Chuvisco,Dupla,Sim,Automóvel,Ileso,53.0,Masculino
140431.0,2018-06-15,RN,406.0,SAO GONCALO DO AMARANTE,Ingestão de Álcool,Colisão traseira,Com Vítimas Feridas,Plena Noite,Garoa/Chuvisco,Dupla,Sim,Motocicleta,Lesões Leves,25.0,Masculino
140431.0,2018-06-15,RN,406.0,SAO GONCALO DO AMARANTE,Ingestão de Álcool,Colisão traseira,Com Vítimas Feridas,Plena Noite,Garoa/Chuvisco,Dupla,Sim,Motocicleta,Lesões Leves,24.0,Feminino
140465.0,2018-06-16,RN,304.0,MACAIBA,Pista Escorregadia,Tombamento,Com Vítimas Feridas,Amanhecer,Nublado,Simples,Sim,Motocicleta,Lesões Leves,38.0,Masculino
140465.0,2018-06-16,RN,304.0,MACAIBA,Pista Escorregadia,Tombamento,Com Vítimas Feridas,Amanhecer,Nublado,Simples,Sim,Motocicleta,Lesões Graves,36.0,Feminino
140501.0,2018-06-16,RN,101.0,NATAL,Pista Escorregadia,Queda de ocupante de veículo,Com Vítimas Feridas,Pleno dia,Chuva,Múltipla,Sim,Automóvel,Ileso,30.0,Masculino
140501.0,2018-06-16,RN,101.0,NATAL,Pista Escorregadia,Queda de ocupante de veículo,Com Vítimas Feridas,Pleno dia,Chuva,Múltipla,Sim,Motocicleta,Lesões Leves,27.0,Masculino
140638.0,2018-06-16,RN,304.0,MOSSORO,Falta de Atenção à Condução,Colisão traseira,Com Vítimas Feridas,Plena Noite,Céu Claro,Dupla,Sim,Caminhonete,Ileso,39.0,Masculino
140638.0,2018-06-16,RN,304.0,MOSSORO,Falta de Atenção à Condução,Colisão traseira,Com Vítimas Feridas,Plena Noite,Céu Claro,Dupla,Sim,Motocicleta,Lesões Leves,22.0,Masculino
140750.0,2018-06-17,RN,427.0,ACARI,Condutor Dormindo,Saída de leito carroçável,Com Vítimas Feridas,Pleno dia,Sol,Simples,Não,Automóvel,Ileso,10.0,Masculino
140750.0,2018-06-17,RN,427.0,ACARI,Condutor Dormindo,Saída de leito carroçável,Com Vítimas Feridas,Pleno dia,Sol,Simples,Não,Automóvel,Lesões Graves,56.0,Masculino
140763.0,2018-06-17,RN,427.0,CAICO,Não guardar distância de segurança,Colisão traseira,Com Vítimas Feridas,Pleno dia,Céu Claro,Simples,Sim,Utilitário,Ileso,54.0,Masculino
140763.0,2018-06-17,RN,427.0,CAICO,Não guardar distância de segurança,Colisão traseira,Com Vítimas Feridas,Pleno dia,Céu Claro,Simples,Sim,Motocicleta,Lesões Leves,,Feminino
140763.0,2018-06-17,RN,427.0,CAICO,Não guardar distância de segurança,Colisão traseira,Com Vítimas Feridas,Pleno dia,Céu Claro,Simples,Sim,Motocicleta,Lesões Leves,17.0,Feminino
140816.0,2018-06-17,RN,304.0,MOSSORO,Desobediência às normas de trânsito pelo condutor,Colisão traseira,Com Vítimas Feridas,Plena Noite,Nublado,Dupla,Sim,Carroça-charrete,Ileso,54.0,Masculino
140816.0,2018-06-17,RN,304.0,MOSSORO,Desobediência às normas de trânsito pelo condutor,Colisão traseira,Com Vítimas Feridas,Plena Noite,Nublado,Dupla,Sim,Motocicleta,Lesões Leves,18.0,Masculino
140891.0,2018-06-18,RN,110.0,AUGUSTO SEVERO,Animais na Pista,Atropelamento de Animal,Com Vítimas Fatais,Plena Noite,Céu Claro,Simples,Não,Motocicleta,Óbito,46.0,Masculino
140894.0,2018-06-18,RN,406.0,SAO GONCALO DO AMARANTE,Falta de Atenção do Pedestre,Atropelamento de Pedestre,Com Vítimas Feridas,Plena Noite,Chuva,Dupla,Não,Automóvel,Ileso,27.0,Masculino
140894.0,2018-06-18,RN,406.0,SAO GONCALO DO AMARANTE,Falta de Atenção do Pedestre,Atropelamento de Pedestre,Com Vítimas Feridas,Plena Noite,Chuva,Dupla,Não,Automóvel,Lesões Graves,,Masculino
140896.0,2018-06-18,RN,101.0,NATAL,Ingestão de Álcool,Colisão frontal,Sem Vítimas,Plena Noite,Garoa/Chuvisco,Múltipla,Sim,Utilitário,Ileso,34.0,Masculino
140896.0,2018-06-18,RN,101.0,NATAL,Ingestão de Álcool,Colisão frontal,Sem Vítimas,Plena Noite,Garoa/Chuvisco,Múltipla,Sim,Automóvel,Ileso,58.0,Masculino
140918.0,2018-06-18,RN,101.0,PARNAMIRIM,Desobediência às normas de trânsito pelo condutor,Colisão lateral,Com Vítimas Feridas,Pleno dia,Chuva,Múltipla,Sim,Automóvel,Ileso,42.0,Masculino
140918.0,2018-06-18,RN,101.0,PARNAMIRIM,Desobediência às normas de trânsito pelo condutor,Colisão lateral,Com Vítimas Feridas,Pleno dia,Chuva,Múltipla,Sim,Motocicleta,Lesões Leves,27.0,Masculino
140923.0,2018-06-18,RN,304.0,MACAIBA,Não guardar distância de segurança,Colisão traseira,Sem Vítimas,Pleno dia,Nublado,Simples,Não,Automóvel,Ileso,32.0,Masculino
140923.0,2018-06-18,RN,304.0,MACAIBA,Não guardar distância de segurança,Colisão traseira,Sem Vítimas,Pleno dia,Nublado,Simples,Não,Caminhonete,Ileso,51.0,Masculino
140923.0,2018-06-18,RN,304.0,MACAIBA,Não guardar distância de segurança,Colisão traseira,Sem Vítimas,Pleno dia,Nublado,Simples,Não,Automóvel,Ileso,29.0,Masculino
140923.0,2018-06-18,RN,304.0,MACAIBA,Não guardar distância de segurança,Colisão traseira,Sem Vítimas,Pleno dia,Nublado,Simples,Não,Automóvel,Ileso,68.0,Masculino