id,data_inversa,uf,br,municipio,causa_acidente,tipo_acidente,classificacao_acidente,fase_dia,condicao_metereologica,tipo_pista,uso_solo,tipo_veiculo,estado_fisico,idade,sexo
154254.0,2018-08-20,RN,101.0,PARNAMIRIM,Falta de Atenção à Condução,Colisão com objeto estático,Com Vítimas Feridas,Pleno dia,Sol,Simples,Sim,Motocicleta,Lesões Leves,37.0,Feminino
154286.0,2018-08-20,RN,304.0,MACAIBA,Mal Súbito,Saída de leito carroçável,Com Vítimas Feridas,Pleno dia,Sol,Dupla,Não,Automóvel,Lesões Leves,68.0,Feminino
154369.0,2018-08-21,RN,101.0,NISIA FLORESTA,Falta de Atenção à Condução,Tombamento,Sem Vítimas,Plena Noite,Céu Claro,Dupla,Não,Caminhão,Ileso,24.0,Masculino
154387.0,2018-08-21,RN,304.0,MOSSORO,Falta de Atenção à Condução,Colisão transversal,Com Vítimas Feridas,Pleno dia,Céu Claro,Simples,Não,Motocicleta,Lesões Graves,22.0,Feminino
154387.0,2018-08-21,RN,304.0,MOSSORO,Falta de Atenção à Condução,Colisão transversal,Com Vítimas Feridas,Pleno dia,Céu Claro,Simples,Não,Automóvel,Ileso,47.0,Masculino
154403.0,2018-08-21,RN,101.0,NATAL,Agressão Externa,Colisão traseira,Sem Vítimas,Pleno dia,Sol,Dupla,Sim,Ônibus,Ileso,48.0,Masculino
154403.0,2018-08-21,RN,101.0,NATAL,Agressão Externa,Colisão traseira,Sem Vítimas,Pleno dia,Sol,Dupla,Sim,Ônibus,Ileso,40.0,Masculino
154403.0,2018-08-21,RN,101.0,NATAL,Agressão Externa,Colisão traseira,Sem Vítimas,Pleno dia,Sol,Dupla,Sim,Automóvel,Ileso,40.0,Masculino
154572.0,2018-08-22,RN,226.0,MACAIBA,Desobediência às normas de trânsito pelo condutor,Colisão transversal,Com Vítimas Feridas,Pleno dia,Céu Claro,Simples,Sim,Automóvel,Não Informado,,Não Informado
154572.0,2018-08-22,RN,226.0,MACAIBA,Desobediência às normas de trânsito pelo condutor,Colisão transversal,Com Vítimas Feridas,Pleno dia,Céu Claro,Simples,Sim,Motocicleta,Lesões Leves,22.0,Masculino
154586.0,2018-08-22,RN,101.0,NATAL,Carga excessiva e/ou mal acondicionada,Colisão com objeto em movimento,Com Vítimas Feridas,Pleno dia,Céu Claro,Múltipla,Sim,Caminhão,Ileso,35.0,Masculino
154586.0,2018-08-22,RN,101.0,NATAL,Carga excessiva e/ou mal acondicionada,Colisão com objeto em movimento,Com Vítimas Feridas,Pleno dia,Céu Claro,Múltipla,Sim,Motocicleta,Lesões Graves,32.0,Masculino
154586.0,2018-08-22,RN,101.0,NATAL,Carga excessiva e/ou mal acondicionada,Colisão com objeto em movimento,Com Vítimas Feridas,Pleno dia,Céu Claro,Múltipla,Sim,Caminhonete,Ileso,35.0,Masculino
154729.0,2018-08-23,RN,304.0,ITAJA,Animais na Pista,Atropelamento de Animal,Com Vítimas Fatais,Plena Noite,Céu Claro,Simples,Não,Automóvel,Óbito,22.0,Masculino
154729.0,2018-08-23,RN,304.0,ITAJA,Animais na Pista,Atropelamento de Animal,Com Vítimas Fatais,Plena Noite,Céu Claro,Simples,Não,Automóvel,Lesões Graves,18.0,Feminino
154729.0,2018-08-23,RN,304.0,ITAJA,Animais na Pista,Atropelamento de Animal,Com Vítimas Fatais,Plena Noite,Céu Claro,Simples,Não,Automóvel,Lesões Leves,44.0,Masculino
154729.0,2018-08-23,RN,304.0,ITAJA,Animais na Pista,Atropelamento de Animal,Com Vítimas Fatais,Plena Noite,Céu Claro,Simples,Não,Automóvel,Lesões Leves,45.0,Masculino
154754.0,2018-08-16,RN,304.0,MACAIBA,Pista Escorregadia,Colisão lateral,Sem Vítimas,Pleno dia,Chuva,Simples,Não,Ônibus,Ileso,62.0,Masculino
154754.0,2018-08-16,RN,304.0,MACAIBA,Pista Escorregadia,Colisão lateral,Sem Vítimas,Pleno dia,Chuva,Simples,Não,Caminhão-trator,Ileso,36.0,Masculino
154755.0,2018-08-23,RN,101.0,NATAL,Desobediência às normas de trânsito pelo condutor,Colisão lateral,Com Vítimas Feridas,Pleno dia,Céu Claro,Simples,Sim,Motoneta,Lesões Leves,37.0,Feminino
154755.0,2018-08-23,RN,101.0,NATAL,Desobediência às normas de trânsito pelo condutor,Colisão lateral,Com Vítimas Feridas,Pleno dia,Céu Claro,Simples,Sim,Automóvel,Ileso,42.0,Masculino
154796.0,2018-08-23,RN,406.0,JOAO CAMARA,Animais na Pista,Capotamento,Com Vítimas Feridas,Amanhecer,Ignorado,Simples,Não,Automóvel,Lesões Leves,28.0,Feminino
154854.0,2018-08-23,RN,101.0,SAO GONCALO DO AMARANTE,Falta de Atenção à Condução,Colisão transversal,Com Vítimas Feridas,Pleno dia,Céu Claro,Dupla,Sim,Automóvel,Ileso,47.0,Masculino
154854.0,2018-08-23,RN,101.0,SAO GONCALO DO AMARANTE,Falta de Atenção à Condução,Colisão transversal,Com Vítimas Feridas,Pleno dia,Céu Claro,Dupla,Sim,Bicicleta,Lesões Graves,,Masculino
154854.0,2018-08-23,RN,101.0,SAO GONCALO DO AMARANTE,Falta de Atenção à Condução,Colisão transversal,Com Vítimas Feridas,Pleno dia,Céu Claro,Dupla,Sim,Bicicleta,Não Informado,,Não Informado
154898.0,2018-07-15,RN,101.0,CANGUARETAMA,Animais na Pista,Atropelamento de Animal,Com Vítimas Feridas,Plena Noite,Nublado,Dupla,Sim,Automóvel,Ileso,30.0,Masculino
154898.0,2018-07-15,RN,101.0,CANGUARETAMA,Animais na Pista,Atropelamento de Animal,Com Vítimas Feridas,Plena Noite,Nublado,Dupla,Sim,Automóvel,Lesões Leves,22.0,Feminino
154898.0,2018-07-15,RN,101.0,CANGUARETAMA,Animais na Pista,Atropelamento de Animal,Com Vítimas Feridas,Plena Noite,Nublado,Dupla,Sim,Automóvel,Lesões Leves,26.0,Feminino
154921.0,2018-08-24,RN,226.0,MACAIBA,Desobediência às normas de trânsito pelo condutor,Colisão transversal,Sem Vítimas,Pleno dia,Céu Claro,Simples,Sim,Automóvel,Ileso,44.0,Masculino
154921.0,2018-08-24,RN,226.0,MACAIBA,Desobediência às normas de trânsito pelo condutor,Colisão transversal,Sem Vítimas,Pleno dia,Céu Claro,Simples,Sim,Motocicleta,Ileso,35.0,Feminino
154930.0,2018-08-24,RN,101.0,PARNAMIRIM,Carga excessiva e/ou mal acondicionada,Colisão lateral,Com Vítimas Feridas,Pleno dia,Céu Claro,Simples,Sim,Motocicleta,Lesões Leves,33.0,Masculino
154930.0,2018-08-24,RN,101.0,PARNAMIRIM,Carga excessiva e/ou mal acondicionada,Colisão lateral,Com Vítimas Feridas,Pleno dia,Céu Claro,Simples,Sim,Motocicleta,Lesões Leves,28.0,Feminino
154930.0,2018-08-24,RN,101.0,PARNAMIRIM,Carga excessiva e/ou mal acondicionada,Colisão lateral,Com Vítimas Feridas,Pleno dia,Céu Claro,Simples,Sim,Automóvel,Ileso,,Masculino
154932.0,2018-08-24,RN,101.0,NATAL,Falta de Atenção à Condução,Colisão traseira,Com Vítimas Feridas,Pleno dia,Céu Claro,Dupla,Sim,Automóvel,Ileso,42.0,Feminino
154932.0,2018-08-24,RN,101.0,NATAL,Falta de Atenção à Condução,Colisão traseira,Com Vítimas Feridas,Pleno dia,Céu Claro,Dupla,Sim,Motocicleta,Lesões Leves,26.0,Masculino
154958.0,2018-08-24,RN,427.0,CAICO,Condutor Dormindo,Colisão traseira,Sem Vítimas,Pleno dia,Céu Claro,Simples,Sim,Automóvel,Ileso,56.0,Masculino
154958.0,2018-08-24,RN,427.0,CAICO,Condutor Dormindo,Colisão traseira,Sem Vítimas,Pleno dia,Céu Claro,Simples,Sim,Automóvel,Ileso,40.0,Masculino
154984.0,2018-03-08,RN,304.0,MOSSORO,Falta de Atenção à Condução,Colisão transversal,Com Vítimas Feridas,Plena Noite,Céu Claro,Dupla,Sim,Caminhão-trator,Ileso,30.0,Masculino
154984.0,2018-03-08,RN,304.0,MOSSORO,Falta de Atenção à Condução,Colisão transversal,Com Vítimas Feridas,Plena Noite,Céu Claro,Dupla,Sim,Caminhão-trator,Lesões Leves,43.0,Masculino
154984.0,2018-03-08,RN,304.0,MOSSORO,Falta de Atenção à Condução,Colisão transversal,Com Vítimas Feridas,Plena Noite,Céu Claro,Dupla,Sim,Semireboque,Não Informado,,Não Informado
155044.0,2018-08-24,RN,304.0,ACU,Defeito Mecânico no Veículo,Colisão traseira,Com Vítimas Feridas,Plena Noite,Céu Claro,Simples,Não,Automóvel,Lesões Leves,28.0,Feminino
155044.0,2018-08-24,RN,304.0,ACU,Defeito Mecânico no Veículo,Colisão traseira,Com Vítimas Feridas,Plena Noite,Céu Claro,Simples,Não,Automóvel,Não Informado,,Não Informado
155044.0,2018-08-24,RN,304.0,ACU,Defeito Mecânico no Veículo,Colisão traseira,Com Vítimas Feridas,Plena Noite,Céu Claro,Simples,Não,Automóvel,Lesões Leves,52.0,Feminino
155044.0,2018-08-24,RN,304.0,ACU,Defeito Mecânico no Veículo,Colisão traseira,Com Vítimas Feridas,Plena Noite,Céu Claro,Simples,Não,Automóvel,Lesões Leves,54.0,Masculino
155050.0,2018-08-24,RN,101.0,PARNAMIRIM,Falta de Atenção à Condução,Queda de ocupante de veículo,Com Vítimas Feridas,Plena Noite,Nublado,Simples,Não,Motocicleta,Lesões Leves,46.0,Masculino
155061.0,2018-08-24,RN,101.0,NATAL,Ingestão de Álcool,Colisão traseira,Sem Vítimas,Plena Noite,Garoa/Chuvisco,Múltipla,Sim,Caminhonete,Ileso,37.0,Masculino
155061.0,2018-08-24,RN,101.0,NATAL,Ingestão de Álcool,Colisão traseira,Sem Vítimas,Plena Noite,Garoa/Chuvisco,Múltipla,Sim,Caminhonete,Ileso,51.0,Masculino
155109.0,2018-08-24,RN,101.0,NATAL,Falta de Atenção à Condução,Capotamento,Com Vítimas Feridas,Plena Noite,Chuva,Múltipla,Sim,Automóvel,Lesões Leves,42.0,Masculino
155119.0,2018-08-24,RN,101.0,NATAL,Não guardar distância de segurança,Queda de ocupante de veículo,Com Vítimas Feridas,Plena Noite,Chuva,Dupla,Sim,Motocicleta,Lesões Graves,33.0,Masculino
155188.0,2018-08-25,RN,304.0,PARNAMIRIM,Falta de Atenção à Condução,Colisão lateral,Com Vítimas Feridas,Pleno dia,Céu Claro,Dupla,Sim,Automóvel,Ileso,79.0,Masculino
155188.0,2018-08-25,RN,304.0,PARNAMIRIM,Falta de Atenção à Condução,Colisão lateral,Com Vítimas Feridas,Pleno dia,Céu Claro,Dupla,Sim,Motocicleta,Lesões Leves,,Masculino
155233.0,2018-08-25,RN,101.0,SAO JOSE DE MIPIBU,Ingestão de Álcool,Atropelamento de Pedestre,Com Vítimas Feridas,Plena Noite,Céu Claro,Dupla,Sim,Automóvel,Ileso,37.0,Masculino
155233.0,2018-08-25,RN,101.0,SAO JOSE DE MIPIBU,Ingestão de Álcool,Atropelamento de Pedestre,Com Vítimas Feridas,Plena Noite,Céu Claro,Dupla,Sim,Automóvel,Lesões Graves,46.0,Masculino
155334.0,2018-08-26,RN,406.0,POCO BRANCO,Condutor Dormindo,Colisão frontal,Com Vítimas Fatais,Plena Noite,Céu Claro,Simples,Não,Automóvel,Óbito,19.0,Masculino
155334.0,2018-08-26,RN,406.0,POCO BRANCO,Condutor Dormindo,Colisão frontal,Com Vítimas Fatais,Plena Noite,Céu Claro,Simples,Não,Caminhão,Ileso,53.0,Masculino
155334.0,2018-08-26,RN,406.0,POCO BRANCO,Condutor Dormindo,Colisão frontal,Com Vítimas Fatais,Plena Noite,Céu Claro,Simples,Não,Caminhonete,Lesões Leves,38.0,Feminino
155380.0,2018-08-26,RN,304.0,PARNAMIRIM,Ultrapassagem Indevida,Colisão lateral,Com Vítimas Feridas,Pleno dia,Céu Claro,Dupla,Não,Automóvel,Ileso,32.0,Masculino
155380.0,2018-08-26,RN,304.0,PARNAMIRIM,Ultrapassagem Indevida,Colisão lateral,Com Vítimas Feridas,Pleno dia,Céu Claro,Dupla,Não,Automóvel,Lesões Leves,35.0,Feminino
155420.0,2018-08-26,RN,427.0,ACARI,Falta de Atenção à Condução,Saída de leito carroçável,Com Vítimas Feridas,Pleno dia,Sol,Simples,Não,Automóvel,Lesões Leves,38.0,Masculino
155420.0,2018-08-26,RN,427.0,ACARI,Falta de Atenção à Condução,Saída de leito carroçável,Com Vítimas Feridas,Pleno dia,Sol,Simples,Não,Automóvel,Lesões Leves,38.0,Feminino
155443.0,2018-08-26,RN,101.0,CANGUARETAMA,Ingestão de álcool e/ou substâncias psicoativas pelo pedestre,Atropelamento de Pedestre,Com Vítimas Feridas,Plena Noite,Céu Claro,Dupla,Não,Camioneta,Ileso,41.0,Masculino
155443.0,2018-08-26,RN,101.0,CANGUARETAMA,Ingestão de álcool e/ou substâncias psicoativas pelo pedestre,Atropelamento de Pedestre,Com Vítimas Feridas,Plena Noite,Céu Claro,Dupla,Não,Camioneta,Lesões Leves,46.0,Masculino
155449.0,2018-08-26,RN,406.0,SAO GONCALO DO AMARANTE,Falta de Atenção à Condução,Colisão traseira,Sem Vítimas,Pleno dia,Céu Claro,Dupla,Sim,Automóvel,Ileso,78.0,Masculino
155449.0,2018-08-26,RN,406.0,SAO GONCALO DO AMARANTE,Falta de Atenção à Condução,Colisão traseira,Sem Vítimas,Pleno dia,Céu Claro,Dupla,Sim,Automóvel,Ileso,26.0,Masculino
155449.0,2018-08-26,RN,406.0,SAO GONCALO DO AMARANTE,Falta de Atenção à Condução,Colisão traseira,Sem Vítimas,Pleno dia,Céu Claro,Dupla,Sim,Automóvel,Ileso,57.0,Masculino
155455.0,2018-08-26,RN,101.0,PARNAMIRIM,Ingestão de Álcool,Atropelamento de Pedestre,Com Vítimas Feridas,Plena Noite,Céu Claro,Dupla,Sim,Automóvel,Ileso,38.0,Masculino
155455.0,2018-08-26,RN,101.0,PARNAMIRIM,Ingestão de Álcool,Atropelamento de Pedestre,Com Vítimas Feridas,Plena Noite,Céu Claro,Dupla,Sim,Automóvel,Lesões Graves,44.0,Masculino
155536.0,2018-08-27,RN,101.0,BAIA FORMOSA,Defeito Mecânico no Veículo,Saída de leito carroçável,Com Vítimas Feridas,Pleno dia,Céu Claro,Dupla,Não,Automóvel,Lesões Graves,40.0,Feminino
155536.0,2018-08-27,RN,101.0,BAIA FORMOSA,Defeito Mecânico no Veículo,Saída de leito carroçável,Com Vítimas Feridas,Pleno dia,Céu Claro,Dupla,Não,Automóvel,Lesões Graves,32.0,Masculino
155551.0,2018-08-27,RN,110.0,MOSSORO,Não guardar distância de segurança,Colisão traseira,Com Vítimas Feridas,Pleno dia,Céu Claro,Dupla,Sim,Caminhão,Ileso,33.0,Masculino
155551.0,2018-08-27,RN,110.0,MOSSORO,Não guardar distância de segurança,Colisão traseira,Com Vítimas Feridas,Pleno dia,Céu Claro,Dupla,Sim,Motocicleta,Ileso,21.0,Masculino
155551.0,2018-08-27,RN,110.0,MOSSORO,Não guardar distância de segurança,Colisão traseira,Com Vítimas Feridas,Pleno dia,Céu Claro,Dupla,Sim,Motocicleta,Lesões Leves,26.0,Feminino
155552.0,2018-08-27,RN,304.0,ITAJA,Falta de Atenção à Condução,Colisão transversal,Com Vítimas Feridas,Pleno dia,Céu Claro,Simples,Sim,Camioneta,Ileso,33.0,Masculino
155552.0,2018-08-27,RN,304.0,ITAJA,Falta de Atenção à Condução,Colisão transversal,Com Vítimas Feridas,Pleno dia,Céu Claro,Simples,Sim,Camioneta,Lesões Leves,68.0,Masculino
155613.0,2018-08-27,RN,110.0,UPANEMA,Falta de Atenção à Condução,Saída de leito carroçável,Com Vítimas Feridas,Pleno dia,Sol,Simples,Não,Automóvel,Lesões Leves,38.0,Feminino
155613.0,2018-08-27,RN,110.0,UPANEMA,Falta de Atenção à Condução,Saída de leito carroçável,Com Vítimas Feridas,Pleno dia,Sol,Simples,Não,Automóvel,Lesões Leves,19.0,Feminino
155643.0,2018-08-27,RN,101.0,SAO GONCALO DO AMARANTE,Ingestão de Álcool,Danos eventuais,Sem Vítimas,Pleno dia,Céu Claro,Dupla,Não,Trem-bonde,Não Informado,,Não Informado
155643.0,2018-08-27,RN,101.0,SAO GONCALO DO AMARANTE,Ingestão de Álcool,Danos eventuais,Sem Vítimas,Pleno dia,Céu Claro,Dupla,Não,Automóvel,Ileso,45.0,Masculino
155700.0,2018-08-27,RN,110.0,MOSSORO,Animais na Pista,Atropelamento de Animal,Sem Vítimas,Plena Noite,Céu Claro,Simples,Não,Caminhonete,Ileso,40.0,Masculino
155710.0,2018-08-27,RN,304.0,MACAIBA,Velocidade Incompatível,Colisão traseira,Com Vítimas Feridas,Plena Noite,Céu Claro,Múltipla,Não,Motocicleta,Lesões Leves,55.0,Masculino
155710.0,2018-08-27,RN,304.0,MACAIBA,Velocidade Incompatível,Colisão traseira,Com Vítimas Feridas,Plena Noite,Céu Claro,Múltipla,Não,Motocicleta,Lesões Leves,18.0,Masculino
155739.0,2018-08-28,RN,304.0,ITAJA,Animais na Pista,Tombamento,Com Vítimas Feridas,Amanhecer,Céu Claro,Simples,Não,Caminhão-trator,Lesões Leves,47.0,Masculino
155740.0,2018-08-28,RN,101.0,NATAL,Desobediência às normas de trânsito pelo condutor,Colisão com objeto estático,Sem Vítimas,Pleno dia,Garoa/Chuvisco,Múltipla,Sim,Ônibus,Ileso,41.0,Masculino
155740.0,2018-08-28,RN,101.0,NATAL,Desobediência às normas de trânsito pelo condutor,Colisão com objeto estático,Sem Vítimas,Pleno dia,Garoa/Chuvisco,Múltipla,Sim,Ônibus,Ileso,56.0,Masculino
155750.0,2018-08-28,RN,427.0,CAICO,Não guardar distância de segurança,Colisão frontal,Com Vítimas Feridas,Pleno dia,Céu Claro,Simples,Sim,Motocicleta,Lesões Graves,26.0,Masculino
155750.0,2018-08-28,RN,427.0,CAICO,Não guardar distância de segurança,Colisão frontal,Com Vítimas Feridas,Pleno dia,Céu Claro,Simples,Sim,Ônibus,Ileso,53.0,Masculino
155750.0,2018-08-28,RN,427.0,CAICO,Não guardar distância de segurança,Colisão frontal,Com Vítimas Feridas,Pleno dia,Céu Claro,Simples,Sim,Automóvel,Não Informado,,Não Informado
155796.0,2018-08-28,RN,226.0,MACAIBA,Ingestão de Álcool,Colisão traseira,Com Vítimas Feridas,Pleno dia,Céu Claro,Simples,Sim,Motocicleta,Lesões Leves,59.0,Masculino
155796.0,2018-08-28,RN,226.0,MACAIBA,Ingestão de Álcool,Colisão traseira,Com Vítimas Feridas,Pleno dia,Céu Claro,Simples,Sim,Automóvel,Ileso,,Masculino
155796.0,2018-08-28,RN,226.0,MACAIBA,Ingestão de Álcool,Colisão traseira,Com Vítimas Feridas,Pleno dia,Céu Claro,Simples,Sim,Automóvel,Ileso,49.0,Masculino
155818.0,2018-08-28,RN,101.0,PARNAMIRIM,Desobediência às normas de trânsito pelo condutor,Colisão transversal,Sem Vítimas,Pleno dia,Céu Claro,Dupla,Sim,Automóvel,Ileso,25.0,Masculino
155818.0,2018-08-28,RN,101.0,PARNAMIRIM,Desobediência às normas de trânsito pelo condutor,Colisão transversal,Sem Vítimas,Pleno dia,Céu Claro,Dupla,Sim,Camioneta,Ileso,34.0,Masculino
155822.0,2018-08-28,RN,110.0,AREIA BRANCA,Não guardar distância de segurança,Colisão traseira,Com Vítimas Fatais,Pleno dia,Sol,Simples,Sim,Motocicleta,Óbito,24.0,Masculino
155822.0,2018-08-28,RN,110.0,AREIA BRANCA,Não guardar distância de segurança,Colisão traseira,Com Vítimas Fatais,Pleno dia,Sol,Simples,Sim,Automóvel,Ileso,60.0,Masculino
155822.0,2018-08-28,RN,110.0,AREIA BRANCA,Não guardar distância de segurança,Colisão traseira,Com Vítimas Fatais,Pleno dia,Sol,Simples,Sim,Automóvel,Ileso,26.0,Masculino
155850.0,2018-08-28,RN,427.0,CAICO,Falta de Atenção à Condução,Colisão lateral,Com Vítimas Feridas,Plena Noite,Céu Claro,Simples,Sim,Bicicleta,Lesões Graves,53.0,Feminino
155850.0,2018-08-28,RN,427.0,CAICO,Falta de Atenção à Condução,Colisão lateral,Com Vítimas Feridas,Plena Noite,Céu Claro,Simples,Sim,Caminhão,Ileso,41.0,Masculino
155873.0,2018-08-28,RN,101.0,SAO GONCALO DO AMARANTE,Falta de Atenção do Pedestre,Atropelamento de Pedestre,Com Vítimas Feridas,Plena Noite,Céu Claro,Simples,Sim,Motocicleta,Lesões Leves,25.0,Masculino
155873.0,2018-08-28,RN,101.0,SAO GONCALO DO AMARANTE,Falta de Atenção do Pedestre,Atropelamento de Pedestre,Com Vítimas Feridas,Plena Noite,Céu Claro,Simples,Sim,Motocicleta,Lesões Graves,,Masculino
155891.0,2018-08-28,RN,406.0,CEARA-MIRIM,Desobediência às normas de trânsito pelo condutor,Colisão traseira,Com Vítimas Feridas,Anoitecer,Céu Claro,Simples,Sim,Motocicleta,Lesões Leves,50.0,Masculino
155891.0,2018-08-28,RN,406.0,CEARA-MIRIM,Desobediência às normas de trânsito pelo condutor,Colisão traseira,Com Vítimas Feridas,Anoitecer,Céu Claro,Simples,Sim,Automóvel,Ileso,40.0,Masculino
156009.0,2018-08-29,RN,405.0,MOSSORO,Falta de Atenção à Condução,Colisão transversal,Com Vítimas Feridas,Plena Noite,Céu Claro,Simples,Sim,Automóvel,Ileso,64.0,Feminino
156009.0,2018-08-29,RN,405.0,MOSSORO,Falta de Atenção à Condução,Colisão transversal,Com Vítimas Feridas,Plena Noite,Céu Claro,Simples,Sim,Motocicleta,Lesões Graves,24.0,Masculino
156120.0,2018-05-07,RN,101.0,NATAL,Não guardar distância de segurança,Colisão lateral,Sem Vítimas,Pleno dia,Céu Claro,Simples,Sim,Ônibus,Ileso,40.0,Masculino
156120.0,2018-05-07,RN,101.0,NATAL,Não guardar distância de segurança,Colisão lateral,Sem Vítimas,Pleno dia,Céu Claro,Simples,Sim,Caminhão,Não Informado,,Não Informado
156205.0,2018-08-30,RN,304.0,MOSSORO,Falta de Atenção à Condução,Colisão traseira,Sem Vítimas,Plena Noite,Céu Claro,Dupla,Não,Automóvel,Ileso,39.0,Masculino
156205.0,2018-08-30,RN,304.0,MOSSORO,Falta de Atenção à Condução,Colisão traseira,Sem Vítimas,Plena Noite,Céu Claro,Dupla,Não,Ciclomotor,Ileso,39.0,Masculino
156232.0,2018-08-30,RN,101.0,PARNAMIRIM,Falta de Atenção à Condução,Colisão traseira,Com Vítimas Feridas,Plena Noite,Céu Claro,Dupla,Sim,Automóvel,Ileso,39.0,Masculino
156232.0,2018-08-30,RN,101.0,PARNAMIRIM,Falta de Atenção à Condução,Colisão traseira,Com Vítimas Feridas,Plena Noite,Céu Claro,Dupla,Sim,Motocicleta,Lesões Leves,31.0,Masculino
156281.0,2018-08-31,RN,101.0,PARNAMIRIM,Não guardar distância de segurança,Colisão traseira,Com Vítimas Feridas,Pleno dia,Céu Claro,Dupla,Sim,Motocicleta,Lesões Leves,29.0,Feminino
156281.0,2018-08-31,RN,101.0,PARNAMIRIM,Não guardar distância de segurança,Colisão traseira,Com Vítimas Feridas,Pleno dia,Céu Claro,Dupla,Sim,Automóvel,Ileso,36.0,Masculino
156305.0,2018-08-31,RN,101.0,NATAL,Não guardar distância de segurança,Colisão traseira,Com Vítimas Feridas,Pleno dia,Céu Claro,Múltipla,Sim,Automóvel,Ileso,37.0,Masculino
156305.0,2018-08-31,RN,101.0,NATAL,Não guardar distância de segurança,Colisão traseira,Com Vítimas Feridas,Pleno dia,Céu Claro,Múltipla,Sim,Motocicleta,Lesões Leves,39.0,Masculino
156312.0,2018-08-31,RN,101.0,SAO GONCALO DO AMARANTE,Falta de Atenção à Condução,Colisão traseira,Com Vítimas Feridas,Pleno dia,Céu Claro,Dupla,Sim,Automóvel,Ileso,20.0,Masculino
156312.0,2018-08-31,RN,101.0,SAO GONCALO DO AMARANTE,Falta de Atenção à Condução,Colisão traseira,Com Vítimas Feridas,Pleno dia,Céu Claro,Dupla,Sim,Bicicleta,Lesões Graves,51.0,Masculino
156334.0,2018-08-31,RN,304.0,MOSSORO,Defeito na Via,Queda de ocupante de veículo,Com Vítimas Feridas,Pleno dia,Céu Claro,Dupla,Sim,Motocicleta,Lesões Leves,35.0,Masculino
156391.0,2018-08-31,RN,427.0,CURRAIS NOVOS,Defeito Mecânico no Veículo,Atropelamento de Pedestre,Com Vítimas Feridas,Anoitecer,Céu Claro,Simples,Sim,Motocicleta,Ileso,,Ignorado
156391.0,2018-08-31,RN,427.0,CURRAIS NOVOS,Defeito Mecânico no Veículo,Atropelamento de Pedestre,Com Vítimas Feridas,Anoitecer,Céu Claro,Simples,Sim,Outros,Lesões Graves,47.0,Masculino
156452.0,2018-08-31,RN,101.0,GOIANINHA,Defeito Mecânico no Veículo,Incêndio,Sem Vítimas,Plena Noite,Nublado,Dupla,Não,Caminhão-trator,Não Informado,,Não Informado
156479.0,2018-01-27,RN,101.0,NATAL,Falta de Atenção do Pedestre,Atropelamento de Pedestre,Com Vítimas Feridas,Plena Noite,Céu Claro,Dupla,Sim,Automóvel,Ileso,29.0,Masculino
156479.0,2018-01-27,RN,101.0,NATAL,Falta de Atenção do Pedestre,Atropelamento de Pedestre,Com Vítimas Feridas,Plena Noite,Céu Claro,Dupla,Sim,Automóvel,Lesões Graves,22.0,Masculino
156517.0,2018-09-01,RN,304.0,MOSSORO,Falta de Atenção à Condução,Colisão traseira,Com Vítimas Feridas,Pleno dia,Céu Claro,Dupla,Sim,Automóvel,Ileso,37.0,Masculino
156517.0,2018-09-01,RN,304.0,MOSSORO,Falta de Atenção à Condução,Colisão traseira,Com Vítimas Feridas,Pleno dia,Céu Claro,Dupla,Sim,Motocicleta,Lesões Graves,38.0,Masculino
156522.0,2018-09-01,RN,406.0,SAO GONCALO DO AMARANTE,Falta de Atenção à Condução,Colisão traseira,Com Vítimas Feridas,Pleno dia,Céu Claro,Simples,Não,Automóvel,Ileso,42.0,Masculino
156522.0,2018-09-01,RN,406.0,SAO GONCALO DO AMARANTE,Falta de Atenção à Condução,Colisão traseira,Com Vítimas Feridas,Pleno dia,Céu Claro,Simples,Não,Motocicleta,Lesões Leves,25.0,Masculino
156574.0,2018-09-01,RN,101.0,PARNAMIRIM,Velocidade Incompatível,Queda de ocupante de veículo,Com Vítimas Feridas,Pleno dia,Céu Claro,Dupla,Sim,Motocicleta,Lesões Leves,23.0,Masculino
156601.0,2018-09-01,RN,304.0,RIACHUELO,Desobediência às normas de trânsito pelo condutor,Colisão traseira,Com Vítimas Feridas,Pleno dia,Céu Claro,Simples,Não,Automóvel,Lesões Graves,52.0,Masculino
156601.0,2018-09-01,RN,304.0,RIACHUELO,Desobediência às normas de trânsito pelo condutor,Colisão traseira,Com Vítimas Feridas,Pleno dia,Céu Claro,Simples,Não,Automóvel,Ileso,53.0,Masculino
156680.0,2018-09-01,RN,101.0,SAO JOSE DE MIPIBU,Falta de Atenção à Condução,Atropelamento de Pedestre,Com Vítimas Feridas,Plena Noite,Céu Claro,Dupla,Não,Automóvel,Lesões Graves,26.0,Masculino
156680.0,2018-09-01,RN,101.0,SAO JOSE DE MIPIBU,Falta de Atenção à Condução,Atropelamento de Pedestre,Com Vítimas Feridas,Plena Noite,Céu Claro,Dupla,Não,Automóvel,Não Informado,,Não Informado
156727.0,2018-09-02,RN,101.0,NATAL,Falta de Atenção à Condução,Colisão com objeto estático,Com Vítimas Feridas,Plena Noite,Chuva,Múltipla,Sim,Automóvel,Lesões Leves,23.0,Masculino
156775.0,2018-01-13,RN,427.0,CAICO,Falta de Atenção à Condução,Atropelamento de Pedestre,Com Vítimas Feridas,Pleno dia,Céu Claro,Simples,Sim,Caminhonete,Lesões Leves,41.0,Feminino