id,data_inversa,uf,br,municipio,causa_acidente,tipo_acidente,classificacao_acidente,fase_dia,condicao_metereologica,tipo_pista,uso_solo,tipo_veiculo,estado_fisico,idade,sexo
160328.0,2018-09-18,RN,101.0,NATAL,Falta de Atenção à Condução,Colisão transversal,Com Vítimas Feridas,Plena Noite,Céu Claro,Dupla,Sim,Caminhonete,Ileso,37.0,Masculino
160361.0,2018-09-18,RN,304.0,MOSSORO,Desobediência às normas de trânsito pelo condutor,Tombamento,Com Vítimas Feridas,Plena Noite,Céu Claro,Dupla,Sim,Caminhão,Lesões Leves,23.0,Masculino
160361.0,2018-09-18,RN,304.0,MOSSORO,Desobediência às normas de trânsito pelo condutor,Tombamento,Com Vítimas Feridas,Plena Noite,Céu Claro,Dupla,Sim,Caminhão,Ileso,45.0,Masculino
160361.0,2018-09-18,RN,304.0,MOSSORO,Desobediência às normas de trânsito pelo condutor,Tombamento,Com Vítimas Feridas,Plena Noite,Céu Claro,Dupla,Sim,Caminhão,Ileso,30.0,Masculino
160386.0,2018-09-19,RN,101.0,PARNAMIRIM,Velocidade Incompatível,Tombamento,Com Vítimas Fatais,Plena Noite,Garoa/Chuvisco,Dupla,Sim,Caminhão-trator,Óbito,50.0,Masculino
160426.0,2018-09-19,RN,406.0,SAO GONCALO DO AMARANTE,Falta de Atenção à Condução,Tombamento,Com Vítimas Feridas,Pleno dia,Céu Claro,Dupla,Sim,Motoneta,Lesões Leves,29.0,Feminino
160504.0,2018-09-19,RN,110.0,MOSSORO,Falta de Atenção do Pedestre,Atropelamento de Pedestre,Com Vítimas Feridas,Plena Noite,Céu Claro,Simples,Sim,Motocicleta,Lesões Leves,27.0,Masculino
160504.0,2018-09-19,RN,110.0,MOSSORO,Falta de Atenção do Pedestre,Atropelamento de Pedestre,Com Vítimas Feridas,Plena Noite,Céu Claro,Simples,Sim,Motocicleta,Lesões Graves,19.0,Feminino
160588.0,2018-09-20,RN,101.0,PARNAMIRIM,Ingestão de Álcool,Atropelamento de Pedestre,Com Vítimas Feridas,Pleno dia,Céu Claro,Dupla,Sim,Ônibus,Ileso,66.0,Masculino
160588.0,2018-09-20,RN,101.0,PARNAMIRIM,Ingestão de Álcool,Atropelamento de Pedestre,Com Vítimas Feridas,Pleno dia,Céu Claro,Dupla,Sim,Ônibus,Lesões Leves,36.0,Masculino
160594.0,2018-09-20,RN,101.0,NATAL,Falta de Atenção à Condução,Atropelamento de Pedestre,Com Vítimas Feridas,Pleno dia,Nublado,Dupla,Sim,Automóvel,Ileso,78.0,Masculino
160594.0,2018-09-20,RN,101.0,NATAL,Falta de Atenção à Condução,Atropelamento de Pedestre,Com Vítimas Feridas,Pleno dia,Nublado,Dupla,Sim,Automóvel,Lesões Leves,48.0,Masculino
160607.0,2018-09-20,RN,101.0,SAO GONCALO DO AMARANTE,Não guardar distância de segurança,Colisão traseira,Com Vítimas Feridas,Pleno dia,Céu Claro,Dupla,Sim,Motocicleta,Lesões Graves,31.0,Masculino
160607.0,2018-09-20,RN,101.0,SAO GONCALO DO AMARANTE,Não guardar distância de segurança,Colisão traseira,Com Vítimas Feridas,Pleno dia,Céu Claro,Dupla,Sim,Caminhonete,Ileso,37.0,Masculino
160607.0,2018-09-20,RN,101.0,SAO GONCALO DO AMARANTE,Não guardar distância de segurança,Colisão traseira,Com Vítimas Feridas,Pleno dia,Céu Claro,Dupla,Sim,Automóvel,Ileso,58.0,Masculino
160645.0,2018-09-20,RN,101.0,SAO JOSE DE MIPIBU,Defeito Mecânico no Veículo,Tombamento,Com Vítimas Feridas,Pleno dia,Céu Claro,Dupla,Sim,Motocicleta,Lesões Leves,32.0,Masculino
160645.0,2018-09-20,RN,101.0,SAO JOSE DE MIPIBU,Defeito Mecânico no Veículo,Tombamento,Com Vítimas Feridas,Pleno dia,Céu Claro,Dupla,Sim,Motocicleta,Lesões Leves,67.0,Masculino
160669.0,2018-09-20,RN,406.0,CEARA-MIRIM,Deficiência ou não Acionamento do Sistema de Iluminação/Sinalização do Veículo,Colisão traseira,Com Vítimas Feridas,Plena Noite,Céu Claro,Simples,Não,Carroça-charrete,Lesões Leves,74.0,Masculino
160669.0,2018-09-20,RN,406.0,CEARA-MIRIM,Deficiência ou não Acionamento do Sistema de Iluminação/Sinalização do Veículo,Colisão traseira,Com Vítimas Feridas,Plena Noite,Céu Claro,Simples,Não,Motocicleta,Lesões Leves,48.0,Masculino
160674.0,2018-09-20,RN,110.0,UPANEMA,Falta de Atenção à Condução,Colisão frontal,Com Vítimas Fatais,Plena Noite,Céu Claro,Simples,Não,Automóvel,Lesões Graves,47.0,Masculino
160674.0,2018-09-20,RN,110.0,UPANEMA,Falta de Atenção à Condução,Colisão frontal,Com Vítimas Fatais,Plena Noite,Céu Claro,Simples,Não,Automóvel,Óbito,58.0,Masculino
160674.0,2018-09-20,RN,110.0,UPANEMA,Falta de Atenção à Condução,Colisão frontal,Com Vítimas Fatais,Plena Noite,Céu Claro,Simples,Não,Automóvel,Óbito,38.0,Masculino
160674.0,2018-09-20,RN,110.0,UPANEMA,Falta de Atenção à Condução,Colisão frontal,Com Vítimas Fatais,Plena Noite,Céu Claro,Simples,Não,Automóvel,Óbito,51.0,Masculino
160690.0,2018-09-20,RN,406.0,CEARA-MIRIM,Animais na Pista,Atropelamento de Animal,Com Vítimas Feridas,Plena Noite,Céu Claro,Simples,Não,Camioneta,Lesões Graves,24.0,Feminino
160690.0,2018-09-20,RN,406.0,CEARA-MIRIM,Animais na Pista,Atropelamento de Animal,Com Vítimas Feridas,Plena Noite,Céu Claro,Simples,Não,Camioneta,Ileso,42.0,Masculino
160690.0,2018-09-20,RN,406.0,CEARA-MIRIM,Animais na Pista,Atropelamento de Animal,Com Vítimas Feridas,Plena Noite,Céu Claro,Simples,Não,Automóvel,Ileso,48.0,Masculino
160746.0,2018-09-21,RN,405.0,MOSSORO,Desobediência às normas de trânsito pelo condutor,Colisão transversal,Com Vítimas Feridas,Plena Noite,Céu Claro,Dupla,Não,Motocicleta,Lesões Leves,51.0,Masculino
160746.0,2018-09-21,RN,405.0,MOSSORO,Desobediência às normas de trânsito pelo condutor,Colisão transversal,Com Vítimas Feridas,Plena Noite,Céu Claro,Dupla,Não,Motoneta,Lesões Leves,38.0,Masculino
160788.0,2018-09-21,RN,427.0,CAICO,Desobediência às normas de trânsito pelo condutor,Colisão frontal,Com Vítimas Feridas,Pleno dia,Sol,Simples,Sim,Motocicleta,Ileso,53.0,Masculino
160788.0,2018-09-21,RN,427.0,CAICO,Desobediência às normas de trânsito pelo condutor,Colisão frontal,Com Vítimas Feridas,Pleno dia,Sol,Simples,Sim,Automóvel,Ileso,59.0,Masculino
160788.0,2018-09-21,RN,427.0,CAICO,Desobediência às normas de trânsito pelo condutor,Colisão frontal,Com Vítimas Feridas,Pleno dia,Sol,Simples,Sim,Motocicleta,Lesões Graves,62.0,Masculino
160811.0,2018-09-21,RN,104.0,MACAU,Falta de Atenção à Condução,Tombamento,Com Vítimas Feridas,Pleno dia,Céu Claro,Dupla,Não,Motocicleta,Lesões Leves,37.0,Masculino
160814.0,2018-09-21,RN,304.0,MOSSORO,Objeto estático sobre o leito carroçável,Colisão com objeto em movimento,Com Vítimas Feridas,Pleno dia,Céu Claro,Dupla,Sim,Motoneta,Lesões Graves,45.0,Masculino
160814.0,2018-09-21,RN,304.0,MOSSORO,Objeto estático sobre o leito carroçável,Colisão com objeto em movimento,Com Vítimas Feridas,Pleno dia,Céu Claro,Dupla,Sim,Caminhonete,Ileso,41.0,Masculino
160899.0,2018-09-21,RN,304.0,RIACHUELO,Ultrapassagem Indevida,Saída de leito carroçável,Com Vítimas Feridas,Plena Noite,Céu Claro,Simples,Não,Automóvel,Ileso,31.0,Masculino
160899.0,2018-09-21,RN,304.0,RIACHUELO,Ultrapassagem Indevida,Saída de leito carroçável,Com Vítimas Feridas,Plena Noite,Céu Claro,Simples,Não,Automóvel,Lesões Leves,49.0,Masculino
160904.0,2018-09-21,RN,226.0,NATAL,Condutor Dormindo,Saída de leito carroçável,Sem Vítimas,Plena Noite,Céu Claro,Simples,Sim,Automóvel,Não Informado,,Não Informado
161056.0,2018-09-22,RN,101.0,EXTREMOZ,Desobediência às normas de trânsito pelo condutor,Colisão transversal,Com Vítimas Feridas,Pleno dia,Sol,Simples,Não,Automóvel,Ileso,31.0,Feminino
161056.0,2018-09-22,RN,101.0,EXTREMOZ,Desobediência às normas de trânsito pelo condutor,Colisão transversal,Com Vítimas Feridas,Pleno dia,Sol,Simples,Não,Automóvel,Ileso,45.0,Masculino
161056.0,2018-09-22,RN,101.0,EXTREMOZ,Desobediência às normas de trânsito pelo condutor,Colisão transversal,Com Vítimas Feridas,Pleno dia,Sol,Simples,Não,Automóvel,Lesões Leves,19.0,Feminino
161159.0,2018-09-23,RN,101.0,SAO GONCALO DO AMARANTE,Objeto estático sobre o leito carroçável,Queda de ocupante de veículo,Com Vítimas Feridas,Plena Noite,Céu Claro,Dupla,Sim,Motocicleta,Lesões Graves,28.0,Masculino
161385.0,2018-09-24,RN,304.0,SAO PEDRO,Falta de Atenção à Condução,Colisão lateral,Com Vítimas Fatais,Amanhecer,Céu Claro,Simples,Não,Motocicleta,Óbito,42.0,Masculino
161385.0,2018-09-24,RN,304.0,SAO PEDRO,Falta de Atenção à Condução,Colisão lateral,Com Vítimas Fatais,Amanhecer,Céu Claro,Simples,Não,Automóvel,Ileso,37.0,Masculino
161385.0,2018-09-24,RN,304.0,SAO PEDRO,Falta de Atenção à Condução,Colisão lateral,Com Vítimas Fatais,Amanhecer,Céu Claro,Simples,Não,Motocicleta,Óbito,25.0,Masculino
161535.0,2018-09-24,RN,110.0,MOSSORO,Falta de Atenção à Condução,Atropelamento de Pedestre,Com Vítimas Feridas,Plena Noite,Céu Claro,Simples,Não,Automóvel,Lesões Leves,58.0,Masculino
161535.0,2018-09-24,RN,110.0,MOSSORO,Falta de Atenção à Condução,Atropelamento de Pedestre,Com Vítimas Feridas,Plena Noite,Céu Claro,Simples,Não,Automóvel,Ileso,,Masculino
161628.0,2018-09-24,RN,427.0,CAICO,Animais na Pista,Atropelamento de Animal,Com Vítimas Feridas,Plena Noite,Céu Claro,Simples,Não,Motoneta,Lesões Leves,26.0,Masculino
161636.0,2018-09-25,RN,304.0,MOSSORO,Não guardar distância de segurança,Colisão traseira,Sem Vítimas,Pleno dia,Céu Claro,Simples,Sim,Motocicleta,Ileso,45.0,Masculino
161636.0,2018-09-25,RN,304.0,MOSSORO,Não guardar distância de segurança,Colisão traseira,Sem Vítimas,Pleno dia,Céu Claro,Simples,Sim,Caminhonete,Ileso,35.0,Feminino
161810.0,2018-09-26,RN,304.0,FERNANDO PEDROZA,Carga excessiva e/ou mal acondicionada,Derramamento de carga,Sem Vítimas,Pleno dia,Céu Claro,Simples,Sim,Caminhão-trator,Ileso,48.0,Masculino
161833.0,2018-09-26,RN,226.0,TANGARA,Falta de Atenção à Condução,Colisão traseira,Com Vítimas Feridas,Pleno dia,Sol,Simples,Sim,Motocicleta,Ileso,35.0,Masculino
161833.0,2018-09-26,RN,226.0,TANGARA,Falta de Atenção à Condução,Colisão traseira,Com Vítimas Feridas,Pleno dia,Sol,Simples,Sim,Automóvel,Ileso,39.0,Masculino
161833.0,2018-09-26,RN,226.0,TANGARA,Falta de Atenção à Condução,Colisão traseira,Com Vítimas Feridas,Pleno dia,Sol,Simples,Sim,Motocicleta,Lesões Leves,31.0,Masculino
161849.0,2018-09-26,RN,101.0,PARNAMIRIM,Desobediência às normas de trânsito pelo condutor,Atropelamento de Pedestre,Com Vítimas Feridas,Plena Noite,Céu Claro,Múltipla,Sim,Motocicleta,Lesões Leves,33.0,Masculino
161849.0,2018-09-26,RN,101.0,PARNAMIRIM,Desobediência às normas de trânsito pelo condutor,Atropelamento de Pedestre,Com Vítimas Feridas,Plena Noite,Céu Claro,Múltipla,Sim,Motocicleta,Lesões Leves,47.0,Feminino
161853.0,2018-09-26,RN,110.0,MOSSORO,Animais na Pista,Saída de leito carroçável,Com Vítimas Feridas,Plena Noite,Céu Claro,Simples,Sim,Automóvel,Não Informado,,Não Informado
161853.0,2018-09-26,RN,110.0,MOSSORO,Animais na Pista,Saída de leito carroçável,Com Vítimas Feridas,Plena Noite,Céu Claro,Simples,Sim,Automóvel,Lesões Leves,68.0,Masculino
161874.0,2018-09-26,RN,101.0,GOIANINHA,Condutor Dormindo,Colisão traseira,Com Vítimas Feridas,Plena Noite,Nublado,Dupla,Não,Ônibus,Lesões Graves,35.0,Masculino
161874.0,2018-09-26,RN,101.0,GOIANINHA,Condutor Dormindo,Colisão traseira,Com Vítimas Feridas,Plena Noite,Nublado,Dupla,Não,Caminhão-trator,Ileso,42.0,Masculino
161874.0,2018-09-26,RN,101.0,GOIANINHA,Condutor Dormindo,Colisão traseira,Com Vítimas Feridas,Plena Noite,Nublado,Dupla,Não,Ônibus,Lesões Leves,37.0,Masculino
161904.0,2018-07-04,RN,101.0,PARNAMIRIM,Condutor Dormindo,Capotamento,Com Vítimas Feridas,Plena Noite,Céu Claro,Dupla,Sim,Caminhão,Lesões Leves,61.0,Masculino
161904.0,2018-07-04,RN,101.0,PARNAMIRIM,Condutor Dormindo,Capotamento,Com Vítimas Feridas,Plena Noite,Céu Claro,Dupla,Sim,Caminhão,Lesões Leves,35.0,Masculino
161985.0,2018-09-27,RN,226.0,CURRAIS NOVOS,Falta de Atenção à Condução,Colisão transversal,Com Vítimas Feridas,Pleno dia,Céu Claro,Simples,Sim,Motocicleta,Lesões Leves,28.0,Masculino
161985.0,2018-09-27,RN,226.0,CURRAIS NOVOS,Falta de Atenção à Condução,Colisão transversal,Com Vítimas Feridas,Pleno dia,Céu Claro,Simples,Sim,Caminhonete,Ileso,47.0,Masculino
161996.0,2018-09-19,RN,110.0,MOSSORO,Desobediência às normas de trânsito pelo condutor,Colisão transversal,Com Vítimas Feridas,Plena Noite,Céu Claro,Simples,Sim,Automóvel,Ileso,,Ignorado
161996.0,2018-09-19,RN,110.0,MOSSORO,Desobediência às normas de trânsito pelo condutor,Colisão transversal,Com Vítimas Feridas,Plena Noite,Céu Claro,Simples,Sim,Motocicleta,Lesões Leves,29.0,Masculino
161996.0,2018-09-19,RN,110.0,MOSSORO,Desobediência às normas de trânsito pelo condutor,Colisão transversal,Com Vítimas Feridas,Plena Noite,Céu Claro,Simples,Sim,Motocicleta,Lesões Leves,29.0,Feminino
162019.0,2018-09-27,RN,304.0,MOSSORO,Animais na Pista,Colisão traseira,Com Vítimas Feridas,Anoitecer,Céu Claro,Dupla,Sim,Automóvel,Ileso,30.0,Masculino
162019.0,2018-09-27,RN,304.0,MOSSORO,Animais na Pista,Colisão traseira,Com Vítimas Feridas,Anoitecer,Céu Claro,Dupla,Sim,Motocicleta,Lesões Leves,20.0,Masculino
162149.0,2018-09-28,RN,110.0,AUGUSTO SEVERO,Ingestão de Álcool,Colisão com objeto estático,Sem Vítimas,Pleno dia,Céu Claro,Simples,Não,Automóvel,Ileso,40.0,Masculino
162151.0,2018-09-02,RN,110.0,AREIA BRANCA,Desobediência às normas de trânsito pelo condutor,Colisão frontal,Com Vítimas Fatais,Plena Noite,Céu Claro,Simples,Não,Automóvel,Não Informado,,Não Informado
162151.0,2018-09-02,RN,110.0,AREIA BRANCA,Desobediência às normas de trânsito pelo condutor,Colisão frontal,Com Vítimas Fatais,Plena Noite,Céu Claro,Simples,Não,Motocicleta,Óbito,29.0,Masculino
162164.0,2018-09-28,RN,406.0,SAO GONCALO DO AMARANTE,Desobediência às normas de trânsito pelo condutor,Colisão traseira,Com Vítimas Feridas,Pleno dia,Sol,Dupla,Sim,Automóvel,Ileso,46.0,Masculino
162164.0,2018-09-28,RN,406.0,SAO GONCALO DO AMARANTE,Desobediência às normas de trânsito pelo condutor,Colisão traseira,Com Vítimas Feridas,Pleno dia,Sol,Dupla,Sim,Motocicleta,Lesões Leves,23.0,Masculino
162228.0,2018-09-28,RN,110.0,MOSSORO,Falta de Atenção do Pedestre,Atropelamento de Pedestre,Com Vítimas Feridas,Plena Noite,Céu Claro,Dupla,Sim,Motocicleta,Lesões Leves,27.0,Masculino
162228.0,2018-09-28,RN,110.0,MOSSORO,Falta de Atenção do Pedestre,Atropelamento de Pedestre,Com Vítimas Feridas,Plena Noite,Céu Claro,Dupla,Sim,Motocicleta,Lesões Graves,53.0,Masculino
162274.0,2018-09-20,RN,101.0,NATAL,Falta de Atenção à Condução,Colisão lateral,Com Vítimas Feridas,Plena Noite,Céu Claro,Múltipla,Sim,Automóvel,Ileso,42.0,Masculino
162274.0,2018-09-20,RN,101.0,NATAL,Falta de Atenção à Condução,Colisão lateral,Com Vítimas Feridas,Plena Noite,Céu Claro,Múltipla,Sim,Motoneta,Lesões Leves,24.0,Feminino
162276.0,2018-09-29,RN,110.0,MOSSORO,Falta de Atenção à Condução,Colisão frontal,Com Vítimas Fatais,Plena Noite,Ignorado,Simples,Não,Ciclomotor,Óbito,54.0,Masculino
162276.0,2018-09-29,RN,110.0,MOSSORO,Falta de Atenção à Condução,Colisão frontal,Com Vítimas Fatais,Plena Noite,Ignorado,Simples,Não,Caminhão,Não Informado,,Não Informado
162343.0,2018-09-29,RN,101.0,NATAL,Falta de Atenção à Condução,Colisão transversal,Com Vítimas Feridas,Pleno dia,Céu Claro,Dupla,Sim,Motocicleta,Lesões Graves,19.0,Masculino
162343.0,2018-09-29,RN,101.0,NATAL,Falta de Atenção à Condução,Colisão transversal,Com Vítimas Feridas,Pleno dia,Céu Claro,Dupla,Sim,Automóvel,Ileso,31.0,Masculino
162405.0,2018-09-29,RN,304.0,MACAIBA,Falta de Atenção à Condução,Colisão traseira,Com Vítimas Feridas,Plena Noite,Céu Claro,Múltipla,Não,Motocicleta,Lesões Graves,28.0,Masculino
162405.0,2018-09-29,RN,304.0,MACAIBA,Falta de Atenção à Condução,Colisão traseira,Com Vítimas Feridas,Plena Noite,Céu Claro,Múltipla,Não,Motocicleta,Lesões Graves,48.0,Masculino
162405.0,2018-09-29,RN,304.0,MACAIBA,Falta de Atenção à Condução,Colisão traseira,Com Vítimas Feridas,Plena Noite,Céu Claro,Múltipla,Não,Caminhonete,Ileso,,Masculino
162440.0,2018-09-29,RN,304.0,MOSSORO,Animais na Pista,Atropelamento de Animal,Com Vítimas Feridas,Plena Noite,Céu Claro,Simples,Não,Automóvel,Lesões Leves,48.0,Masculino
162442.0,2018-09-29,RN,101.0,NATAL,Ingestão de Álcool,Colisão traseira,Sem Vítimas,Plena Noite,Céu Claro,Dupla,Sim,Automóvel,Ileso,48.0,Masculino
162442.0,2018-09-29,RN,101.0,NATAL,Ingestão de Álcool,Colisão traseira,Sem Vítimas,Plena Noite,Céu Claro,Dupla,Sim,Automóvel,Ileso,31.0,Masculino
162551.0,2018-09-30,RN,110.0,AUGUSTO SEVERO,Ingestão de Álcool,Colisão com objeto estático,Com Vítimas Feridas,Pleno dia,Céu Claro,Dupla,Sim,Motocicleta,Lesões Leves,27.0,Feminino
162615.0,2018-09-30,RN,304.0,PARNAMIRIM,Desobediência às normas de trânsito pelo condutor,Colisão traseira,Com Vítimas Feridas,Anoitecer,Céu Claro,Dupla,Não,Bicicleta,Lesões Leves,50.0,Masculino
162615.0,2018-09-30,RN,304.0,PARNAMIRIM,Desobediência às normas de trânsito pelo condutor,Colisão traseira,Com Vítimas Feridas,Anoitecer,Céu Claro,Dupla,Não,Motocicleta,Lesões Leves,30.0,Masculino
162619.0,2018-09-30,RN,406.0,POCO BRANCO,Deficiência ou não Acionamento do Sistema de Iluminação/Sinalização do Veículo,Colisão traseira,Com Vítimas Feridas,Plena Noite,Céu Claro,Simples,Não,Motocicleta,Lesões Leves,29.0,Masculino
162619.0,2018-09-30,RN,406.0,POCO BRANCO,Deficiência ou não Acionamento do Sistema de Iluminação/Sinalização do Veículo,Colisão traseira,Com Vítimas Feridas,Plena Noite,Céu Claro,Simples,Não,Outros,Ileso,,Ignorado
162647.0,2018-09-30,RN,406.0,NATAL,Ingestão de Álcool,Colisão traseira,Sem Vítimas,Pleno dia,Céu Claro,Dupla,Sim,Automóvel,Ileso,49.0,Masculino
162647.0,2018-09-30,RN,406.0,NATAL,Ingestão de Álcool,Colisão traseira,Sem Vítimas,Pleno dia,Céu Claro,Dupla,Sim,Automóvel,Ileso,43.0,Masculino
162667.0,2018-10-01,RN,101.0,PARNAMIRIM,Animais na Pista,Atropelamento de Animal,Com Vítimas Feridas,Plena Noite,Céu Claro,Dupla,Não,Automóvel,Lesões Leves,28.0,Masculino
162668.0,2018-10-01,RN,304.0,MOSSORO,Animais na Pista,Atropelamento de Animal,Com Vítimas Feridas,Plena Noite,Céu Claro,Simples,Não,Automóvel,Ileso,37.0,Masculino
162668.0,2018-10-01,RN,304.0,MOSSORO,Animais na Pista,Atropelamento de Animal,Com Vítimas Feridas,Plena Noite,Céu Claro,Simples,Não,Automóvel,Lesões Leves,21.0,Feminino
162731.0,2018-10-01,RN,110.0,MOSSORO,Desobediência às normas de trânsito pelo condutor,Colisão traseira,Com Vítimas Feridas,Pleno dia,Céu Claro,Simples,Sim,Motocicleta,Lesões Leves,44.0,Feminino
162731.0,2018-10-01,RN,110.0,MOSSORO,Desobediência às normas de trânsito pelo condutor,Colisão traseira,Com Vítimas Feridas,Pleno dia,Céu Claro,Simples,Sim,Motocicleta,Ileso,15.0,Feminino
162731.0,2018-10-01,RN,110.0,MOSSORO,Desobediência às normas de trânsito pelo condutor,Colisão traseira,Com Vítimas Feridas,Pleno dia,Céu Claro,Simples,Sim,Motocicleta,Ileso,44.0,Masculino
162737.0,2018-10-01,RN,226.0,CURRAIS NOVOS,Falta de Atenção à Condução,Colisão transversal,Com Vítimas Feridas,Pleno dia,Céu Claro,Simples,Sim,Automóvel,Ileso,41.0,Masculino
162737.0,2018-10-01,RN,226.0,CURRAIS NOVOS,Falta de Atenção à Condução,Colisão transversal,Com Vítimas Feridas,Pleno dia,Céu Claro,Simples,Sim,Motocicleta,Lesões Leves,21.0,Masculino
162863.0,2018-10-02,RN,101.0,PARNAMIRIM,Falta de Atenção à Condução,Colisão lateral,Com Vítimas Feridas,Pleno dia,Sol,Dupla,Sim,Motoneta,Lesões Leves,36.0,Feminino
162863.0,2018-10-02,RN,101.0,PARNAMIRIM,Falta de Atenção à Condução,Colisão lateral,Com Vítimas Feridas,Pleno dia,Sol,Dupla,Sim,Automóvel,Ileso,,Ignorado
162864.0,2018-10-02,RN,101.0,GOIANINHA,Falta de Atenção do Pedestre,Atropelamento de Pedestre,Com Vítimas Fatais,Pleno dia,Céu Claro,Dupla,Sim,Caminhão,Ileso,55.0,Masculino
162864.0,2018-10-02,RN,101.0,GOIANINHA,Falta de Atenção do Pedestre,Atropelamento de Pedestre,Com Vítimas Fatais,Pleno dia,Céu Claro,Dupla,Sim,Caminhão,Óbito,52.0,Masculino
162904.0,2018-10-02,RN,405.0,MOSSORO,Falta de Atenção à Condução,Colisão frontal,Com Vítimas Feridas,Pleno dia,Céu Claro,Simples,Sim,Automóvel,Ileso,40.0,Masculino
162904.0,2018-10-02,RN,405.0,MOSSORO,Falta de Atenção à Condução,Colisão frontal,Com Vítimas Feridas,Pleno dia,Céu Claro,Simples,Sim,Motocicleta,Lesões Graves,32.0,Masculino
163025.0,2018-10-03,RN,427.0,CAICO,Condutor Dormindo,Colisão com objeto estático,Com Vítimas Feridas,Pleno dia,Céu Claro,Simples,Não,Caminhonete,Lesões Graves,18.0,Feminino
163025.0,2018-10-03,RN,427.0,CAICO,Condutor Dormindo,Colisão com objeto estático,Com Vítimas Feridas,Pleno dia,Céu Claro,Simples,Não,Caminhonete,Lesões Graves,21.0,Masculino
163029.0,2018-10-02,RN,101.0,NATAL,Não guardar distância de segurança,Colisão traseira,Com Vítimas Feridas,Pleno dia,Céu Claro,Múltipla,Sim,Automóvel,Ileso,72.0,Masculino
163029.0,2018-10-02,RN,101.0,NATAL,Não guardar distância de segurança,Colisão traseira,Com Vítimas Feridas,Pleno dia,Céu Claro,Múltipla,Sim,Motocicleta,Lesões Leves,33.0,Masculino
163214.0,2018-10-04,RN,110.0,GOVERNADOR DIX-SEPT ROSADO,Falta de Atenção à Condução,Colisão lateral,Com Vítimas Feridas,Pleno dia,Céu Claro,Simples,Não,Caminhonete,Lesões Leves,76.0,Masculino
163214.0,2018-10-04,RN,110.0,GOVERNADOR DIX-SEPT ROSADO,Falta de Atenção à Condução,Colisão lateral,Com Vítimas Feridas,Pleno dia,Céu Claro,Simples,Não,Caminhonete,Lesões Graves,74.0,Feminino
163214.0,2018-10-04,RN,110.0,GOVERNADOR DIX-SEPT ROSADO,Falta de Atenção à Condução,Colisão lateral,Com Vítimas Feridas,Pleno dia,Céu Claro,Simples,Não,Motocicleta,Lesões Graves,33.0,Feminino
163236.0,2018-10-04,RN,110.0,MOSSORO,Falta de Atenção à Condução,Colisão transversal,Com Vítimas Feridas,Pleno dia,Céu Claro,Simples,Sim,Camioneta,Ileso,35.0,Feminino
163236.0,2018-10-04,RN,110.0,MOSSORO,Falta de Atenção à Condução,Colisão transversal,Com Vítimas Feridas,Pleno dia,Céu Claro,Simples,Sim,Motocicleta,Lesões Leves,23.0,Feminino
163319.0,2018-10-04,RN,101.0,SAO JOSE DE MIPIBU,Defeito Mecânico no Veículo,Saída de leito carroçável,Com Vítimas Feridas,Plena Noite,Céu Claro,Dupla,Não,Motocicleta,Lesões Leves,34.0,Masculino
163340.0,2018-10-04,RN,101.0,NATAL,Falta de Atenção do Pedestre,Atropelamento de Pedestre,Com Vítimas Feridas,Plena Noite,Céu Claro,Dupla,Sim,Automóvel,Ileso,71.0,Masculino
163340.0,2018-10-04,RN,101.0,NATAL,Falta de Atenção do Pedestre,Atropelamento de Pedestre,Com Vítimas Feridas,Plena Noite,Céu Claro,Dupla,Sim,Automóvel,Lesões Graves,51.0,Feminino
163395.0,2018-10-05,RN,101.0,NATAL,Falta de Atenção à Condução,Capotamento,Sem Vítimas,Amanhecer,Céu Claro,Múltipla,Sim,Automóvel,Não Informado,,Não Informado
163395.0,2018-10-05,RN,101.0,NATAL,Falta de Atenção à Condução,Capotamento,Sem Vítimas,Amanhecer,Céu Claro,Múltipla,Sim,Automóvel,Ileso,48.0,Masculino
163395.0,2018-10-05,RN,101.0,NATAL,Falta de Atenção à Condução,Capotamento,Sem Vítimas,Amanhecer,Céu Claro,Múltipla,Sim,Automóvel,Ileso,40.0,Masculino
163395.0,2018-10-05,RN,101.0,NATAL,Falta de Atenção à Condução,Capotamento,Sem Vítimas,Amanhecer,Céu Claro,Múltipla,Sim,Automóvel,Ileso,34.0,Feminino
163395.0,2018-10-05,RN,101.0,NATAL,Falta de Atenção à Condução,Capotamento,Sem Vítimas,Amanhecer,Céu Claro,Múltipla,Sim,Automóvel,Ileso,27.0,Masculino
163447.0,2018-10-05,RN,304.0,MACAIBA,Desobediência às normas de trânsito pelo condutor,Colisão lateral,Com Vítimas Feridas,Pleno dia,Céu Claro,Múltipla,Sim,Caminhão-trator,Ileso,37.0,Masculino
163447.0,2018-10-05,RN,304.0,MACAIBA,Desobediência às normas de trânsito pelo condutor,Colisão lateral,Com Vítimas Feridas,Pleno dia,Céu Claro,Múltipla,Sim,Motocicleta,Lesões Graves,34.0,Masculino
163495.0,2018-08-09,RN,405.0,TABOLEIRO GRANDE,Animais na Pista,Saída de leito carroçável,Com Vítimas Feridas,Amanhecer,Sol,Simples,Não,Caminhão,Lesões Leves,27.0,Masculino