id,data_inversa,uf,br,municipio,causa_acidente,tipo_acidente,classificacao_acidente,fase_dia,condicao_metereologica,tipo_pista,uso_solo,tipo_veiculo,estado_fisico,idade,sexo
166330.0,2018-10-18,RN,304.0,MACAIBA,Ingestão de Álcool,Atropelamento de Pedestre,Com Vítimas Feridas,Pleno dia,Céu Claro,Simples,Sim,Caminhão,Ileso,35.0,Masculino
166368.0,2018-10-19,RN,101.0,PARNAMIRIM,Desobediência às normas de trânsito pelo condutor,Colisão transversal,Com Vítimas Feridas,Pleno dia,Céu Claro,Dupla,Sim,Bicicleta,Lesões Leves,42.0,Feminino
166368.0,2018-10-19,RN,101.0,PARNAMIRIM,Desobediência às normas de trânsito pelo condutor,Colisão transversal,Com Vítimas Feridas,Pleno dia,Céu Claro,Dupla,Sim,Caminhonete,Ileso,63.0,Masculino
166413.0,2018-10-19,RN,101.0,NISIA FLORESTA,Agressão Externa,Saída de leito carroçável,Sem Vítimas,Pleno dia,Sol,Dupla,Não,Caminhonete,Ileso,,Ignorado
166413.0,2018-10-19,RN,101.0,NISIA FLORESTA,Agressão Externa,Saída de leito carroçável,Sem Vítimas,Pleno dia,Sol,Dupla,Não,Automóvel,Ileso,37.0,Masculino
166474.0,2018-10-06,RN,101.0,CANGUARETAMA,Animais na Pista,Colisão lateral,Com Vítimas Fatais,Pleno dia,Céu Claro,Dupla,Sim,Carroça-charrete,Ileso,65.0,Masculino
166474.0,2018-10-06,RN,101.0,CANGUARETAMA,Animais na Pista,Colisão lateral,Com Vítimas Fatais,Pleno dia,Céu Claro,Dupla,Sim,Caminhão,Ileso,45.0,Masculino
166474.0,2018-10-06,RN,101.0,CANGUARETAMA,Animais na Pista,Colisão lateral,Com Vítimas Fatais,Pleno dia,Céu Claro,Dupla,Sim,Carroça-charrete,Óbito,44.0,Masculino
166657.0,2018-10-20,RN,101.0,EXTREMOZ,Ingestão de Álcool,Atropelamento de Pedestre,Com Vítimas Feridas,Pleno dia,Céu Claro,Simples,Não,Motocicleta,Ileso,,Ignorado
166657.0,2018-10-20,RN,101.0,EXTREMOZ,Ingestão de Álcool,Atropelamento de Pedestre,Com Vítimas Feridas,Pleno dia,Céu Claro,Simples,Não,Motocicleta,Lesões Leves,,Masculino
166700.0,2018-10-20,RN,101.0,SAO GONCALO DO AMARANTE,Ingestão de álcool e/ou substâncias psicoativas pelo pedestre,Colisão traseira,Com Vítimas Feridas,Plena Noite,Céu Claro,Dupla,Sim,Automóvel,Ileso,30.0,Masculino
166700.0,2018-10-20,RN,101.0,SAO GONCALO DO AMARANTE,Ingestão de álcool e/ou substâncias psicoativas pelo pedestre,Colisão traseira,Com Vítimas Feridas,Plena Noite,Céu Claro,Dupla,Sim,Motocicleta,Lesões Graves,40.0,Masculino
166700.0,2018-10-20,RN,101.0,SAO GONCALO DO AMARANTE,Ingestão de álcool e/ou substâncias psicoativas pelo pedestre,Colisão traseira,Com Vítimas Feridas,Plena Noite,Céu Claro,Dupla,Sim,Automóvel,Lesões Leves,41.0,Feminino
166756.0,2018-10-21,RN,405.0,PAU DOS FERROS,Falta de Atenção à Condução,Atropelamento de Pedestre,Com Vítimas Fatais,Amanhecer,Céu Claro,Simples,Sim,Caminhonete,Não Informado,,Não Informado
166756.0,2018-10-21,RN,405.0,PAU DOS FERROS,Falta de Atenção à Condução,Atropelamento de Pedestre,Com Vítimas Fatais,Amanhecer,Céu Claro,Simples,Sim,Caminhonete,Óbito,63.0,Feminino
166771.0,2018-10-21,RN,405.0,SAO FRANCISCO DO OESTE,Defeito Mecânico no Veículo,Saída de leito carroçável,Com Vítimas Feridas,Pleno dia,Céu Claro,Simples,Não,Motocicleta,Lesões Graves,26.0,Feminino
166771.0,2018-10-21,RN,405.0,SAO FRANCISCO DO OESTE,Defeito Mecânico no Veículo,Saída de leito carroçável,Com Vítimas Feridas,Pleno dia,Céu Claro,Simples,Não,Motocicleta,Lesões Graves,30.0,Feminino
166815.0,2018-10-21,RN,101.0,PARNAMIRIM,Ingestão de Álcool,Colisão com objeto estático,Com Vítimas Feridas,Pleno dia,Céu Claro,Dupla,Não,Automóvel,Lesões Leves,39.0,Masculino
166899.0,2018-10-21,RN,226.0,NATAL,Desobediência às normas de trânsito pelo condutor,Colisão transversal,Com Vítimas Feridas,Plena Noite,Céu Claro,Simples,Sim,Motocicleta,Lesões Graves,32.0,Masculino
166899.0,2018-10-21,RN,226.0,NATAL,Desobediência às normas de trânsito pelo condutor,Colisão transversal,Com Vítimas Feridas,Plena Noite,Céu Claro,Simples,Sim,Automóvel,Não Informado,,Não Informado
166916.0,2018-10-21,RN,101.0,NATAL,Falta de Atenção do Pedestre,Atropelamento de Pedestre,Com Vítimas Feridas,Plena Noite,Céu Claro,Dupla,Sim,Motocicleta,Ileso,28.0,Masculino
166916.0,2018-10-21,RN,101.0,NATAL,Falta de Atenção do Pedestre,Atropelamento de Pedestre,Com Vítimas Feridas,Plena Noite,Céu Claro,Dupla,Sim,Motocicleta,Lesões Graves,33.0,Masculino
166968.0,2018-10-22,RN,101.0,PARNAMIRIM,Falta de Atenção à Condução,Colisão lateral,Com Vítimas Feridas,Pleno dia,Sol,Dupla,Sim,Caminhonete,Ileso,37.0,Masculino
166968.0,2018-10-22,RN,101.0,PARNAMIRIM,Falta de Atenção à Condução,Colisão lateral,Com Vítimas Feridas,Pleno dia,Sol,Dupla,Sim,Motocicleta,Lesões Leves,38.0,Masculino
166969.0,2018-10-22,RN,406.0,SAO GONCALO DO AMARANTE,Falta de Atenção à Condução,Colisão traseira,Com Vítimas Feridas,Pleno dia,Sol,Dupla,Sim,Bicicleta,Lesões Leves,37.0,Masculino
166969.0,2018-10-22,RN,406.0,SAO GONCALO DO AMARANTE,Falta de Atenção à Condução,Colisão traseira,Com Vítimas Feridas,Pleno dia,Sol,Dupla,Sim,Automóvel,Ileso,35.0,Masculino
167046.0,2018-03-31,RN,226.0,CURRAIS NOVOS,Falta de Atenção à Condução,Colisão lateral,Com Vítimas Feridas,Pleno dia,Céu Claro,Simples,Sim,Automóvel,Não Informado,,Não Informado
167046.0,2018-03-31,RN,226.0,CURRAIS NOVOS,Falta de Atenção à Condução,Colisão lateral,Com Vítimas Feridas,Pleno dia,Céu Claro,Simples,Sim,Motocicleta,Lesões Leves,33.0,Masculino
167061.0,2018-10-22,RN,405.0,RIACHO DE SANTANA,Animais na Pista,Atropelamento de Animal,Com Vítimas Fatais,Pleno dia,Céu Claro,Simples,Não,Automóvel,Ileso,49.0,Feminino
167061.0,2018-10-22,RN,405.0,RIACHO DE SANTANA,Animais na Pista,Atropelamento de Animal,Com Vítimas Fatais,Pleno dia,Céu Claro,Simples,Não,Motocicleta,Óbito,60.0,Masculino
167083.0,2018-10-22,RN,406.0,CEARA-MIRIM,Animais na Pista,Atropelamento de Animal,Com Vítimas Feridas,Plena Noite,Céu Claro,Simples,Não,Motocicleta,Lesões Leves,34.0,Masculino
167083.0,2018-10-22,RN,406.0,CEARA-MIRIM,Animais na Pista,Atropelamento de Animal,Com Vítimas Feridas,Plena Noite,Céu Claro,Simples,Não,Motocicleta,Lesões Leves,41.0,Feminino
167164.0,2018-10-23,RN,101.0,PARNAMIRIM,Falta de Atenção à Condução,Colisão lateral,Com Vítimas Feridas,Pleno dia,Céu Claro,Dupla,Sim,Automóvel,Lesões Leves,45.0,Feminino
167164.0,2018-10-23,RN,101.0,PARNAMIRIM,Falta de Atenção à Condução,Colisão lateral,Com Vítimas Feridas,Pleno dia,Céu Claro,Dupla,Sim,Ônibus,Ileso,29.0,Masculino
167182.0,2018-10-23,RN,101.0,NATAL,Não guardar distância de segurança,Colisão traseira,Com Vítimas Feridas,Pleno dia,Céu Claro,Múltipla,Sim,Motocicleta,Ileso,22.0,Masculino
167182.0,2018-10-23,RN,101.0,NATAL,Não guardar distância de segurança,Colisão traseira,Com Vítimas Feridas,Pleno dia,Céu Claro,Múltipla,Sim,Automóvel,Ileso,21.0,Feminino
167182.0,2018-10-23,RN,101.0,NATAL,Não guardar distância de segurança,Colisão traseira,Com Vítimas Feridas,Pleno dia,Céu Claro,Múltipla,Sim,Motocicleta,Lesões Leves,33.0,Masculino
167239.0,2018-10-23,RN,427.0,CAICO,Falta de Atenção à Condução,Colisão com objeto estático,Com Vítimas Feridas,Pleno dia,Céu Claro,Simples,Não,Automóvel,Lesões Leves,32.0,Masculino
167401.0,2018-10-24,RN,101.0,PARNAMIRIM,Defeito Mecânico no Veículo,Colisão traseira,Com Vítimas Feridas,Pleno dia,Céu Claro,Dupla,Sim,Caminhonete,Ileso,42.0,Masculino
167401.0,2018-10-24,RN,101.0,PARNAMIRIM,Defeito Mecânico no Veículo,Colisão traseira,Com Vítimas Feridas,Pleno dia,Céu Claro,Dupla,Sim,Motocicleta,Lesões Leves,35.0,Masculino
167401.0,2018-10-24,RN,101.0,PARNAMIRIM,Defeito Mecânico no Veículo,Colisão traseira,Com Vítimas Feridas,Pleno dia,Céu Claro,Dupla,Sim,Motocicleta,Lesões Leves,21.0,Masculino
167478.0,2018-10-24,RN,101.0,NATAL,Velocidade Incompatível,Colisão traseira,Com Vítimas Feridas,Plena Noite,Céu Claro,Dupla,Sim,Automóvel,Ileso,,Ignorado
167478.0,2018-10-24,RN,101.0,NATAL,Velocidade Incompatível,Colisão traseira,Com Vítimas Feridas,Plena Noite,Céu Claro,Dupla,Sim,Ciclomotor,Lesões Leves,18.0,Masculino
167540.0,2018-10-25,RN,101.0,NATAL,Falta de Atenção à Condução,Colisão traseira,Com Vítimas Feridas,Pleno dia,Sol,Múltipla,Sim,Automóvel,Ileso,31.0,Masculino
167540.0,2018-10-25,RN,101.0,NATAL,Falta de Atenção à Condução,Colisão traseira,Com Vítimas Feridas,Pleno dia,Sol,Múltipla,Sim,Motocicleta,Lesões Graves,44.0,Masculino
167540.0,2018-10-25,RN,101.0,NATAL,Falta de Atenção à Condução,Colisão traseira,Com Vítimas Feridas,Pleno dia,Sol,Múltipla,Sim,Motocicleta,Lesões Leves,56.0,Masculino
167564.0,2018-10-25,RN,405.0,MOSSORO,Falta de Atenção do Pedestre,Atropelamento de Pedestre,Com Vítimas Feridas,Pleno dia,Céu Claro,Dupla,Sim,Motocicleta,Lesões Graves,77.0,Masculino
167564.0,2018-10-25,RN,405.0,MOSSORO,Falta de Atenção do Pedestre,Atropelamento de Pedestre,Com Vítimas Feridas,Pleno dia,Céu Claro,Dupla,Sim,Motocicleta,Ileso,25.0,Masculino
167668.0,2018-10-25,RN,406.0,SAO GONCALO DO AMARANTE,Desobediência às normas de trânsito pelo condutor,Colisão frontal,Com Vítimas Feridas,Anoitecer,Céu Claro,Simples,Não,Motocicleta,Lesões Graves,29.0,Masculino
167668.0,2018-10-25,RN,406.0,SAO GONCALO DO AMARANTE,Desobediência às normas de trânsito pelo condutor,Colisão frontal,Com Vítimas Feridas,Anoitecer,Céu Claro,Simples,Não,Ciclomotor,Lesões Graves,25.0,Masculino
167962.0,2018-10-27,RN,101.0,PARNAMIRIM,Falta de Atenção à Condução,Colisão lateral,Com Vítimas Feridas,Amanhecer,Céu Claro,Dupla,Sim,Motocicleta,Lesões Leves,19.0,Masculino
167962.0,2018-10-27,RN,101.0,PARNAMIRIM,Falta de Atenção à Condução,Colisão lateral,Com Vítimas Feridas,Amanhecer,Céu Claro,Dupla,Sim,Caminhão,Não Informado,,Não Informado
167962.0,2018-10-27,RN,101.0,PARNAMIRIM,Falta de Atenção à Condução,Colisão lateral,Com Vítimas Feridas,Amanhecer,Céu Claro,Dupla,Sim,Caminhão,Ileso,,Ignorado
168009.0,2018-10-27,RN,406.0,CEARA-MIRIM,Desobediência às normas de trânsito pelo condutor,Colisão transversal,Com Vítimas Feridas,Pleno dia,Céu Claro,Simples,Sim,Automóvel,Ileso,46.0,Masculino
168009.0,2018-10-27,RN,406.0,CEARA-MIRIM,Desobediência às normas de trânsito pelo condutor,Colisão transversal,Com Vítimas Feridas,Pleno dia,Céu Claro,Simples,Sim,Ciclomotor,Lesões Graves,51.0,Masculino
168028.0,2018-10-27,RN,101.0,PARNAMIRIM,Ingestão de Álcool,Colisão traseira,Com Vítimas Feridas,Pleno dia,Céu Claro,Dupla,Sim,Motocicleta,Lesões Graves,29.0,Masculino
168028.0,2018-10-27,RN,101.0,PARNAMIRIM,Ingestão de Álcool,Colisão traseira,Com Vítimas Feridas,Pleno dia,Céu Claro,Dupla,Sim,Automóvel,Não Informado,,Não Informado
168028.0,2018-10-27,RN,101.0,PARNAMIRIM,Ingestão de Álcool,Colisão traseira,Com Vítimas Feridas,Pleno dia,Céu Claro,Dupla,Sim,Automóvel,Ileso,36.0,Masculino
168286.0,2018-10-28,RN,101.0,NATAL,Ingestão de Álcool,Colisão com objeto estático,Com Vítimas Feridas,Plena Noite,Ignorado,Múltipla,Sim,Motocicleta,Lesões Graves,61.0,Masculino
168405.0,2018-10-29,RN,226.0,CURRAIS NOVOS,Condutor Dormindo,Capotamento,Com Vítimas Feridas,Pleno dia,Céu Claro,Simples,Não,Automóvel,Lesões Leves,32.0,Masculino
168405.0,2018-10-29,RN,226.0,CURRAIS NOVOS,Condutor Dormindo,Capotamento,Com Vítimas Feridas,Pleno dia,Céu Claro,Simples,Não,Automóvel,Lesões Leves,51.0,Masculino
168476.0,2018-10-29,RN,101.0,EXTREMOZ,Animais na Pista,Atropelamento de Animal,Com Vítimas Feridas,Plena Noite,Céu Claro,Simples,Não,Caminhonete,Ileso,49.0,Masculino
168476.0,2018-10-29,RN,101.0,EXTREMOZ,Animais na Pista,Atropelamento de Animal,Com Vítimas Feridas,Plena Noite,Céu Claro,Simples,Não,Caminhonete,Lesões Leves,41.0,Feminino
168482.0,2018-10-29,RN,226.0,CAMPO REDONDO,Falta de Atenção à Condução,Capotamento,Com Vítimas Feridas,Plena Noite,Céu Claro,Simples,Não,Caminhonete,Lesões Graves,34.0,Masculino
168490.0,2018-10-29,RN,101.0,NATAL,Falta de Atenção à Condução,Colisão traseira,Com Vítimas Feridas,Plena Noite,Céu Claro,Dupla,Sim,Automóvel,Ileso,42.0,Masculino
168490.0,2018-10-29,RN,101.0,NATAL,Falta de Atenção à Condução,Colisão traseira,Com Vítimas Feridas,Plena Noite,Céu Claro,Dupla,Sim,Automóvel,Ileso,32.0,Masculino
168490.0,2018-10-29,RN,101.0,NATAL,Falta de Atenção à Condução,Colisão traseira,Com Vítimas Feridas,Plena Noite,Céu Claro,Dupla,Sim,Motocicleta,Lesões Leves,23.0,Feminino
168490.0,2018-10-29,RN,101.0,NATAL,Falta de Atenção à Condução,Colisão traseira,Com Vítimas Feridas,Plena Noite,Céu Claro,Dupla,Sim,Motocicleta,Lesões Leves,25.0,Masculino
168505.0,2018-10-30,RN,226.0,NATAL,Ingestão de Álcool,Colisão com objeto estático,Com Vítimas Feridas,Plena Noite,Céu Claro,Simples,Não,Automóvel,Lesões Graves,28.0,Masculino
168505.0,2018-10-30,RN,226.0,NATAL,Ingestão de Álcool,Colisão com objeto estático,Com Vítimas Feridas,Plena Noite,Céu Claro,Simples,Não,Automóvel,Não Informado,,Não Informado
168530.0,2018-10-30,RN,101.0,SAO JOSE DE MIPIBU,Condutor Dormindo,Saída de leito carroçável,Com Vítimas Feridas,Amanhecer,Garoa/Chuvisco,Dupla,Não,Caminhão,Lesões Leves,41.0,Masculino
168531.0,2018-09-08,RN,304.0,MOSSORO,Falta de Atenção à Condução,Colisão com objeto estático,Com Vítimas Feridas,Pleno dia,Sol,Simples,Sim,Motocicleta,Não Informado,,Não Informado
168531.0,2018-09-08,RN,304.0,MOSSORO,Falta de Atenção à Condução,Colisão com objeto estático,Com Vítimas Feridas,Pleno dia,Sol,Simples,Sim,Motocicleta,Lesões Leves,,Masculino
168600.0,2018-10-30,RN,101.0,PARNAMIRIM,Sinalização da via insuficiente ou inadequada,Colisão com objeto estático,Sem Vítimas,Pleno dia,Céu Claro,Dupla,Sim,Caminhão,Ileso,59.0,Masculino
168804.0,2018-10-31,RN,110.0,MOSSORO,Ultrapassagem Indevida,Colisão lateral,Com Vítimas Feridas,Plena Noite,Céu Claro,Dupla,Sim,Automóvel,Ileso,22.0,Feminino
168804.0,2018-10-31,RN,110.0,MOSSORO,Ultrapassagem Indevida,Colisão lateral,Com Vítimas Feridas,Plena Noite,Céu Claro,Dupla,Sim,Motoneta,Lesões Leves,28.0,Feminino
168961.0,2018-10-13,RN,110.0,AREIA BRANCA,Mal Súbito,Colisão traseira,Com Vítimas Feridas,Pleno dia,Céu Claro,Simples,Sim,Caminhonete,Ileso,39.0,Masculino
168961.0,2018-10-13,RN,110.0,AREIA BRANCA,Mal Súbito,Colisão traseira,Com Vítimas Feridas,Pleno dia,Céu Claro,Simples,Sim,Camioneta,Lesões Graves,72.0,Masculino
169148.0,2018-11-02,RN,405.0,RAFAEL FERNANDES,Desobediência às normas de trânsito pelo condutor,Colisão frontal,Com Vítimas Feridas,Pleno dia,Sol,Simples,Sim,Utilitário,Ileso,31.0,Masculino
169148.0,2018-11-02,RN,405.0,RAFAEL FERNANDES,Desobediência às normas de trânsito pelo condutor,Colisão frontal,Com Vítimas Feridas,Pleno dia,Sol,Simples,Sim,Motoneta,Lesões Leves,18.0,Feminino
169148.0,2018-11-02,RN,405.0,RAFAEL FERNANDES,Desobediência às normas de trânsito pelo condutor,Colisão frontal,Com Vítimas Feridas,Pleno dia,Sol,Simples,Sim,Motoneta,Lesões Graves,16.0,Masculino
169156.0,2018-11-02,RN,101.0,PARNAMIRIM,Falta de Atenção à Condução,Colisão transversal,Com Vítimas Feridas,Pleno dia,Céu Claro,Simples,Não,Motocicleta,Ileso,26.0,Masculino
169156.0,2018-11-02,RN,101.0,PARNAMIRIM,Falta de Atenção à Condução,Colisão transversal,Com Vítimas Feridas,Pleno dia,Céu Claro,Simples,Não,Motocicleta,Lesões Leves,14.0,Masculino
169171.0,2018-11-02,RN,405.0,RAFAEL FERNANDES,Ingestão de Álcool,Colisão lateral,Com Vítimas Feridas,Plena Noite,Céu Claro,Simples,Não,Motocicleta,Não Informado,,Não Informado
169171.0,2018-11-02,RN,405.0,RAFAEL FERNANDES,Ingestão de Álcool,Colisão lateral,Com Vítimas Feridas,Plena Noite,Céu Claro,Simples,Não,Motocicleta,Lesões Leves,24.0,Masculino
169242.0,2018-11-03,RN,304.0,PARNAMIRIM,Desobediência às normas de trânsito pelo condutor,Colisão frontal,Com Vítimas Feridas,Plena Noite,Céu Claro,Dupla,Sim,Motocicleta,Lesões Leves,33.0,Masculino
169242.0,2018-11-03,RN,304.0,PARNAMIRIM,Desobediência às normas de trânsito pelo condutor,Colisão frontal,Com Vítimas Feridas,Plena Noite,Céu Claro,Dupla,Sim,Automóvel,Ileso,50.0,Masculino
169242.0,2018-11-03,RN,304.0,PARNAMIRIM,Desobediência às normas de trânsito pelo condutor,Colisão frontal,Com Vítimas Feridas,Plena Noite,Céu Claro,Dupla,Sim,Automóvel,Ileso,27.0,Feminino
169242.0,2018-11-03,RN,304.0,PARNAMIRIM,Desobediência às normas de trânsito pelo condutor,Colisão frontal,Com Vítimas Feridas,Plena Noite,Céu Claro,Dupla,Sim,Automóvel,Ileso,27.0,Masculino
169242.0,2018-11-03,RN,304.0,PARNAMIRIM,Desobediência às normas de trânsito pelo condutor,Colisão frontal,Com Vítimas Feridas,Plena Noite,Céu Claro,Dupla,Sim,Motocicleta,Lesões Graves,35.0,Masculino
169275.0,2018-11-03,RN,405.0,APODI,Não guardar distância de segurança,Colisão traseira,Sem Vítimas,Pleno dia,Céu Claro,Simples,Sim,Caminhonete,Ileso,28.0,Masculino
169275.0,2018-11-03,RN,405.0,APODI,Não guardar distância de segurança,Colisão traseira,Sem Vítimas,Pleno dia,Céu Claro,Simples,Sim,Automóvel,Ileso,39.0,Masculino
169275.0,2018-11-03,RN,405.0,APODI,Não guardar distância de segurança,Colisão traseira,Sem Vítimas,Pleno dia,Céu Claro,Simples,Sim,Automóvel,Ileso,30.0,Masculino
169363.0,2018-11-03,RN,226.0,CAMPO REDONDO,Falta de Atenção à Condução,Colisão frontal,Com Vítimas Fatais,Plena Noite,Céu Claro,Simples,Não,Motocicleta,Lesões Graves,28.0,Masculino
169363.0,2018-11-03,RN,226.0,CAMPO REDONDO,Falta de Atenção à Condução,Colisão frontal,Com Vítimas Fatais,Plena Noite,Céu Claro,Simples,Não,Motocicleta,Óbito,56.0,Masculino
169363.0,2018-11-03,RN,226.0,CAMPO REDONDO,Falta de Atenção à Condução,Colisão frontal,Com Vítimas Fatais,Plena Noite,Céu Claro,Simples,Não,Motocicleta,Lesões Graves,45.0,Masculino
169390.0,2018-11-03,RN,304.0,ANGICOS,Ingestão de Álcool,Saída de leito carroçável,Com Vítimas Feridas,Anoitecer,Céu Claro,Simples,Não,Caminhonete,Lesões Leves,57.0,Masculino
169462.0,2018-11-04,RN,304.0,MOSSORO,Restrição de Visibilidade,Colisão transversal,Com Vítimas Feridas,Pleno dia,Céu Claro,Dupla,Sim,Automóvel,Ileso,40.0,Masculino
169462.0,2018-11-04,RN,304.0,MOSSORO,Restrição de Visibilidade,Colisão transversal,Com Vítimas Feridas,Pleno dia,Céu Claro,Dupla,Sim,Ciclomotor,Lesões Leves,55.0,Masculino
169462.0,2018-11-04,RN,304.0,MOSSORO,Restrição de Visibilidade,Colisão transversal,Com Vítimas Feridas,Pleno dia,Céu Claro,Dupla,Sim,Automóvel,Ileso,44.0,Masculino
169583.0,2018-11-04,RN,304.0,MOSSORO,Desobediência às normas de trânsito pelo condutor,Colisão lateral,Com Vítimas Feridas,Plena Noite,Céu Claro,Dupla,Não,Motocicleta,Lesões Leves,27.0,Masculino
169583.0,2018-11-04,RN,304.0,MOSSORO,Desobediência às normas de trânsito pelo condutor,Colisão lateral,Com Vítimas Feridas,Plena Noite,Céu Claro,Dupla,Não,Ciclomotor,Não Informado,,Não Informado
169688.0,2018-11-05,RN,226.0,BOM JESUS,Falta de Atenção à Condução,Colisão traseira,Sem Vítimas,Pleno dia,Céu Claro,Simples,Sim,Camioneta,Ileso,24.0,Feminino
169688.0,2018-11-05,RN,226.0,BOM JESUS,Falta de Atenção à Condução,Colisão traseira,Sem Vítimas,Pleno dia,Céu Claro,Simples,Sim,Caminhonete,Ileso,62.0,Masculino
169688.0,2018-11-05,RN,226.0,BOM JESUS,Falta de Atenção à Condução,Colisão traseira,Sem Vítimas,Pleno dia,Céu Claro,Simples,Sim,Automóvel,Ileso,37.0,Masculino
169816.0,2018-11-05,RN,101.0,PARNAMIRIM,Desobediência às normas de trânsito pelo condutor,Colisão lateral,Com Vítimas Feridas,Plena Noite,Céu Claro,Múltipla,Sim,Automóvel,Ileso,38.0,Masculino
169816.0,2018-11-05,RN,101.0,PARNAMIRIM,Desobediência às normas de trânsito pelo condutor,Colisão lateral,Com Vítimas Feridas,Plena Noite,Céu Claro,Múltipla,Sim,Motoneta,Lesões Leves,51.0,Feminino
169858.0,2018-11-06,RN,304.0,ITAJA,Condutor Dormindo,Colisão frontal,Com Vítimas Feridas,Amanhecer,Céu Claro,Simples,Não,Caminhão,Lesões Leves,69.0,Masculino
169858.0,2018-11-06,RN,304.0,ITAJA,Condutor Dormindo,Colisão frontal,Com Vítimas Feridas,Amanhecer,Céu Claro,Simples,Não,Caminhão,Lesões Leves,25.0,Masculino
169891.0,2018-11-06,RN,405.0,PAU DOS FERROS,Falta de Atenção à Condução,Colisão traseira,Com Vítimas Feridas,Pleno dia,Céu Claro,Simples,Sim,Motocicleta,Lesões Leves,28.0,Feminino
169891.0,2018-11-06,RN,405.0,PAU DOS FERROS,Falta de Atenção à Condução,Colisão traseira,Com Vítimas Feridas,Pleno dia,Céu Claro,Simples,Sim,Caminhão-trator,Ileso,27.0,Masculino
169925.0,2018-11-06,RN,405.0,SAO FRANCISCO DO OESTE,Falta de Atenção à Condução,Colisão com objeto estático,Com Vítimas Feridas,Pleno dia,Céu Claro,Simples,Não,Caminhão,Lesões Leves,30.0,Masculino
170082.0,2018-11-07,RN,101.0,PARNAMIRIM,Desobediência às normas de trânsito pelo condutor,Colisão lateral,Com Vítimas Feridas,Pleno dia,Céu Claro,Dupla,Sim,Automóvel,Ileso,38.0,Masculino
170082.0,2018-11-07,RN,101.0,PARNAMIRIM,Desobediência às normas de trânsito pelo condutor,Colisão lateral,Com Vítimas Feridas,Pleno dia,Céu Claro,Dupla,Sim,Motocicleta,Lesões Leves,41.0,Masculino
170165.0,2018-11-07,RN,406.0,CEARA-MIRIM,Animais na Pista,Atropelamento de Animal,Com Vítimas Feridas,Anoitecer,Vento,Simples,Não,Motocicleta,Lesões Leves,22.0,Masculino
170165.0,2018-11-07,RN,406.0,CEARA-MIRIM,Animais na Pista,Atropelamento de Animal,Com Vítimas Feridas,Anoitecer,Vento,Simples,Não,Motocicleta,Lesões Leves,23.0,Feminino
170191.0,2018-11-07,RN,101.0,NATAL,Desobediência às normas de trânsito pelo condutor,Colisão transversal,Com Vítimas Feridas,Plena Noite,Céu Claro,Dupla,Sim,Ônibus,Ileso,34.0,Masculino
170191.0,2018-11-07,RN,101.0,NATAL,Desobediência às normas de trânsito pelo condutor,Colisão transversal,Com Vítimas Feridas,Plena Noite,Céu Claro,Dupla,Sim,Motocicleta,Lesões Leves,29.0,Masculino
170391.0,2018-11-08,RN,101.0,NATAL,Falta de Atenção à Condução,Colisão traseira,Com Vítimas Feridas,Pleno dia,Céu Claro,Dupla,Sim,Motocicleta,Lesões Leves,44.0,Masculino
170391.0,2018-11-08,RN,101.0,NATAL,Falta de Atenção à Condução,Colisão traseira,Com Vítimas Feridas,Pleno dia,Céu Claro,Dupla,Sim,Motocicleta,Lesões Leves,17.0,Masculino
170424.0,2018-01-03,RN,110.0,MOSSORO,Falta de Atenção à Condução,Colisão transversal,Com Vítimas Feridas,Pleno dia,Céu Claro,Simples,Não,Caminhonete,Ileso,76.0,Masculino
170424.0,2018-01-03,RN,110.0,MOSSORO,Falta de Atenção à Condução,Colisão transversal,Com Vítimas Feridas,Pleno dia,Céu Claro,Simples,Não,Motocicleta,Lesões Leves,40.0,Masculino
170469.0,2018-11-09,RN,101.0,NATAL,Não guardar distância de segurança,Colisão traseira,Com Vítimas Feridas,Pleno dia,Céu Claro,Múltipla,Sim,Motocicleta,Lesões Graves,22.0,Masculino
170469.0,2018-11-09,RN,101.0,NATAL,Não guardar distância de segurança,Colisão traseira,Com Vítimas Feridas,Pleno dia,Céu Claro,Múltipla,Sim,Automóvel,Ileso,35.0,Masculino
170503.0,2018-11-09,RN,101.0,NATAL,Falta de Atenção à Condução,Colisão lateral,Sem Vítimas,Pleno dia,Céu Claro,Simples,Sim,Motocicleta,Ileso,,Masculino
170503.0,2018-11-09,RN,101.0,NATAL,Falta de Atenção à Condução,Colisão lateral,Sem Vítimas,Pleno dia,Céu Claro,Simples,Sim,Automóvel,Ileso,34.0,Feminino
170556.0,2018-11-09,RN,101.0,SAO GONCALO DO AMARANTE,Falta de Atenção à Condução,Colisão lateral,Com Vítimas Feridas,Pleno dia,Céu Claro,Dupla,Sim,Motocicleta,Lesões Leves,22.0,Feminino
170556.0,2018-11-09,RN,101.0,SAO GONCALO DO AMARANTE,Falta de Atenção à Condução,Colisão lateral,Com Vítimas Feridas,Pleno dia,Céu Claro,Dupla,Sim,Automóvel,Ileso,37.0,Masculino
170556.0,2018-11-09,RN,101.0,SAO GONCALO DO AMARANTE,Falta de Atenção à Condução,Colisão lateral,Com Vítimas Feridas,Pleno dia,Céu Claro,Dupla,Sim,Motocicleta,Lesões Leves,30.0,Masculino
170586.0,2018-11-09,RN,101.0,PARNAMIRIM,Falta de Atenção à Condução,Queda de ocupante de veículo,Com Vítimas Feridas,Pleno dia,Céu Claro,Múltipla,Sim,Motocicleta,Lesões Graves,25.0,Feminino