id,data_inversa,uf,br,municipio,causa_acidente,tipo_acidente,classificacao_acidente,fase_dia,condicao_metereologica,tipo_pista,uso_solo,tipo_veiculo,estado_fisico,idade,sexo
170586.0,2018-11-09,RN,101.0,PARNAMIRIM,Falta de Atenção à Condução,Queda de ocupante de veículo,Com Vítimas Feridas,Pleno dia,Céu Claro,Múltipla,Sim,Caminhonete,Ileso,57.0,Masculino
170605.0,2018-11-09,RN,304.0,ACU,Desobediência às normas de trânsito pelo condutor,Colisão transversal,Com Vítimas Feridas,Anoitecer,Céu Claro,Simples,Não,Motocicleta,Lesões Graves,17.0,Feminino
170605.0,2018-11-09,RN,304.0,ACU,Desobediência às normas de trânsito pelo condutor,Colisão transversal,Com Vítimas Feridas,Anoitecer,Céu Claro,Simples,Não,Automóvel,Não Informado,,Não Informado
170614.0,2018-11-09,RN,304.0,PARNAMIRIM,Desobediência às normas de trânsito pelo condutor,Engavetamento,Com Vítimas Feridas,Anoitecer,Céu Claro,Dupla,Não,Automóvel,Lesões Leves,34.0,Masculino
170614.0,2018-11-09,RN,304.0,PARNAMIRIM,Desobediência às normas de trânsito pelo condutor,Engavetamento,Com Vítimas Feridas,Anoitecer,Céu Claro,Dupla,Não,Automóvel,Lesões Leves,27.0,Masculino
170614.0,2018-11-09,RN,304.0,PARNAMIRIM,Desobediência às normas de trânsito pelo condutor,Engavetamento,Com Vítimas Feridas,Anoitecer,Céu Claro,Dupla,Não,Automóvel,Lesões Leves,29.0,Masculino
170614.0,2018-11-09,RN,304.0,PARNAMIRIM,Desobediência às normas de trânsito pelo condutor,Engavetamento,Com Vítimas Feridas,Anoitecer,Céu Claro,Dupla,Não,Automóvel,Ileso,48.0,Masculino
170614.0,2018-11-09,RN,304.0,PARNAMIRIM,Desobediência às normas de trânsito pelo condutor,Engavetamento,Com Vítimas Feridas,Anoitecer,Céu Claro,Dupla,Não,Caminhonete,Ileso,67.0,Masculino
170623.0,2018-11-09,RN,406.0,CEARA-MIRIM,Ultrapassagem Indevida,Colisão frontal,Com Vítimas Fatais,Plena Noite,Céu Claro,Simples,Não,Automóvel,Ileso,,Ignorado
170623.0,2018-11-09,RN,406.0,CEARA-MIRIM,Ultrapassagem Indevida,Colisão frontal,Com Vítimas Fatais,Plena Noite,Céu Claro,Simples,Não,Automóvel,Lesões Graves,37.0,Masculino
170623.0,2018-11-09,RN,406.0,CEARA-MIRIM,Ultrapassagem Indevida,Colisão frontal,Com Vítimas Fatais,Plena Noite,Céu Claro,Simples,Não,Caminhonete,Óbito,53.0,Masculino
170623.0,2018-11-09,RN,406.0,CEARA-MIRIM,Ultrapassagem Indevida,Colisão frontal,Com Vítimas Fatais,Plena Noite,Céu Claro,Simples,Não,Automóvel,Lesões Graves,45.0,Masculino
170630.0,2018-11-09,RN,304.0,PARNAMIRIM,Falta de Atenção à Condução,Colisão traseira,Com Vítimas Feridas,Pleno dia,Céu Claro,Dupla,Não,Automóvel,Lesões Leves,39.0,Masculino
170630.0,2018-11-09,RN,304.0,PARNAMIRIM,Falta de Atenção à Condução,Colisão traseira,Com Vítimas Feridas,Pleno dia,Céu Claro,Dupla,Não,Automóvel,Ileso,58.0,Masculino
170630.0,2018-11-09,RN,304.0,PARNAMIRIM,Falta de Atenção à Condução,Colisão traseira,Com Vítimas Feridas,Pleno dia,Céu Claro,Dupla,Não,Automóvel,Lesões Leves,35.0,Feminino
170634.0,2018-11-09,RN,304.0,MOSSORO,Falta de Atenção à Condução,Colisão transversal,Com Vítimas Feridas,Plena Noite,Céu Claro,Simples,Sim,Automóvel,Lesões Leves,22.0,Masculino
170634.0,2018-11-09,RN,304.0,MOSSORO,Falta de Atenção à Condução,Colisão transversal,Com Vítimas Feridas,Plena Noite,Céu Claro,Simples,Sim,Automóvel,Lesões Leves,43.0,Masculino
170634.0,2018-11-09,RN,304.0,MOSSORO,Falta de Atenção à Condução,Colisão transversal,Com Vítimas Feridas,Plena Noite,Céu Claro,Simples,Sim,Caminhão,Ileso,43.0,Masculino
170778.0,2018-11-10,RN,101.0,NATAL,Não guardar distância de segurança,Colisão traseira,Com Vítimas Feridas,Pleno dia,Sol,Múltipla,Sim,Motocicleta,Lesões Leves,43.0,Masculino
170778.0,2018-11-10,RN,101.0,NATAL,Não guardar distância de segurança,Colisão traseira,Com Vítimas Feridas,Pleno dia,Sol,Múltipla,Sim,Automóvel,Ileso,41.0,Masculino
170796.0,2018-11-10,RN,304.0,MACAIBA,Defeito Mecânico no Veículo,Queda de ocupante de veículo,Com Vítimas Feridas,Pleno dia,Nublado,Dupla,Sim,Motocicleta,Lesões Leves,33.0,Masculino
170796.0,2018-11-10,RN,304.0,MACAIBA,Defeito Mecânico no Veículo,Queda de ocupante de veículo,Com Vítimas Feridas,Pleno dia,Nublado,Dupla,Sim,Motocicleta,Lesões Leves,25.0,Masculino
170835.0,2018-11-10,RN,427.0,CURRAIS NOVOS,Ingestão de Álcool,Saída de leito carroçável,Com Vítimas Feridas,Pleno dia,Céu Claro,Simples,Não,Automóvel,Lesões Graves,41.0,Masculino
170856.0,2018-11-10,RN,101.0,SAO GONCALO DO AMARANTE,Desobediência às normas de trânsito pelo condutor,Colisão lateral,Com Vítimas Feridas,Plena Noite,Céu Claro,Dupla,Sim,Motocicleta,Lesões Graves,40.0,Masculino
170856.0,2018-11-10,RN,101.0,SAO GONCALO DO AMARANTE,Desobediência às normas de trânsito pelo condutor,Colisão lateral,Com Vítimas Feridas,Plena Noite,Céu Claro,Dupla,Sim,Motoneta,Ileso,25.0,Feminino
170909.0,2018-11-10,RN,101.0,NATAL,Falta de Atenção à Condução,Colisão traseira,Com Vítimas Feridas,Plena Noite,Céu Claro,Dupla,Sim,Motocicleta,Lesões Leves,43.0,Masculino
170909.0,2018-11-10,RN,101.0,NATAL,Falta de Atenção à Condução,Colisão traseira,Com Vítimas Feridas,Plena Noite,Céu Claro,Dupla,Sim,Ônibus,Ileso,31.0,Masculino
170958.0,2018-11-11,RN,104.0,MACAU,Condutor Dormindo,Capotamento,Com Vítimas Feridas,Amanhecer,Céu Claro,Dupla,Sim,Automóvel,Ileso,31.0,Masculino
170958.0,2018-11-11,RN,104.0,MACAU,Condutor Dormindo,Capotamento,Com Vítimas Feridas,Amanhecer,Céu Claro,Dupla,Sim,Automóvel,Lesões Leves,33.0,Feminino
170989.0,2018-11-11,RN,101.0,NATAL,Não guardar distância de segurança,Colisão traseira,Com Vítimas Feridas,Pleno dia,Céu Claro,Dupla,Sim,Automóvel,Ileso,39.0,Masculino
170989.0,2018-11-11,RN,101.0,NATAL,Não guardar distância de segurança,Colisão traseira,Com Vítimas Feridas,Pleno dia,Céu Claro,Dupla,Sim,Motocicleta,Ileso,22.0,Masculino
170989.0,2018-11-11,RN,101.0,NATAL,Não guardar distância de segurança,Colisão traseira,Com Vítimas Feridas,Pleno dia,Céu Claro,Dupla,Sim,Motoneta,Não Informado,,Não Informado
170989.0,2018-11-11,RN,101.0,NATAL,Não guardar distância de segurança,Colisão traseira,Com Vítimas Feridas,Pleno dia,Céu Claro,Dupla,Sim,Motoneta,Lesões Graves,23.0,Feminino
170995.0,2018-11-10,RN,101.0,PARNAMIRIM,Velocidade Incompatível,Capotamento,Sem Vítimas,Plena Noite,Céu Claro,Dupla,Sim,Automóvel,Ileso,,Ignorado
171012.0,2018-11-11,RN,101.0,NATAL,Falta de Atenção do Pedestre,Atropelamento de Pedestre,Com Vítimas Feridas,Pleno dia,Sol,Múltipla,Sim,Automóvel,Ileso,26.0,Feminino
171012.0,2018-11-11,RN,101.0,NATAL,Falta de Atenção do Pedestre,Atropelamento de Pedestre,Com Vítimas Feridas,Pleno dia,Sol,Múltipla,Sim,Automóvel,Lesões Leves,,Masculino
171014.0,2018-11-11,RN,101.0,GOIANINHA,Desobediência às normas de trânsito pelo condutor,Colisão frontal,Com Vítimas Feridas,Pleno dia,Céu Claro,Múltipla,Sim,Utilitário,Ileso,60.0,Masculino
171014.0,2018-11-11,RN,101.0,GOIANINHA,Desobediência às normas de trânsito pelo condutor,Colisão frontal,Com Vítimas Feridas,Pleno dia,Céu Claro,Múltipla,Sim,Motocicleta,Lesões Graves,44.0,Masculino
171032.0,2018-08-31,RN,406.0,SAO GONCALO DO AMARANTE,Defeito na Via,Tombamento,Com Vítimas Feridas,Plena Noite,Céu Claro,Simples,Não,Motocicleta,Lesões Leves,,Masculino
171086.0,2018-11-11,RN,406.0,CEARA-MIRIM,Animais na Pista,Atropelamento de Animal,Com Vítimas Feridas,Anoitecer,Céu Claro,Simples,Sim,Ciclomotor,Lesões Graves,52.0,Feminino
171086.0,2018-11-11,RN,406.0,CEARA-MIRIM,Animais na Pista,Atropelamento de Animal,Com Vítimas Feridas,Anoitecer,Céu Claro,Simples,Sim,Ciclomotor,Lesões Leves,40.0,Masculino
171091.0,2018-11-11,RN,406.0,TAIPU,Desobediência às normas de trânsito pelo condutor,Colisão frontal,Com Vítimas Fatais,Plena Noite,Céu Claro,Simples,Sim,Automóvel,Ileso,42.0,Masculino
171091.0,2018-11-11,RN,406.0,TAIPU,Desobediência às normas de trânsito pelo condutor,Colisão frontal,Com Vítimas Fatais,Plena Noite,Céu Claro,Simples,Sim,Ciclomotor,Óbito,39.0,Masculino
171142.0,2018-11-11,RN,405.0,MOSSORO,Velocidade Incompatível,Capotamento,Com Vítimas Feridas,Plena Noite,Céu Claro,Dupla,Sim,Automóvel,Lesões Leves,26.0,Masculino
171208.0,2018-11-12,RN,226.0,TRIUNFO POTIGUAR,Condutor Dormindo,Capotamento,Com Vítimas Feridas,Pleno dia,Céu Claro,Simples,Não,Automóvel,Lesões Leves,28.0,Feminino
171208.0,2018-11-12,RN,226.0,TRIUNFO POTIGUAR,Condutor Dormindo,Capotamento,Com Vítimas Feridas,Pleno dia,Céu Claro,Simples,Não,Automóvel,Lesões Graves,50.0,Feminino
171208.0,2018-11-12,RN,226.0,TRIUNFO POTIGUAR,Condutor Dormindo,Capotamento,Com Vítimas Feridas,Pleno dia,Céu Claro,Simples,Não,Automóvel,Lesões Leves,74.0,Feminino
171208.0,2018-11-12,RN,226.0,TRIUNFO POTIGUAR,Condutor Dormindo,Capotamento,Com Vítimas Feridas,Pleno dia,Céu Claro,Simples,Não,Automóvel,Lesões Graves,28.0,Feminino
171268.0,2018-11-12,RN,405.0,APODI,Falta de Atenção à Condução,Colisão traseira,Com Vítimas Fatais,Pleno dia,Céu Claro,Simples,Não,Automóvel,Não Informado,,Não Informado
171268.0,2018-11-12,RN,405.0,APODI,Falta de Atenção à Condução,Colisão traseira,Com Vítimas Fatais,Pleno dia,Céu Claro,Simples,Não,Motocicleta,Óbito,72.0,Masculino
171289.0,2018-11-12,RN,101.0,NATAL,Falta de Atenção à Condução,Queda de ocupante de veículo,Com Vítimas Feridas,Plena Noite,Céu Claro,Dupla,Não,Motocicleta,Lesões Leves,47.0,Masculino
171292.0,2018-11-12,RN,304.0,MACAIBA,Desobediência às normas de trânsito pelo condutor,Colisão transversal,Com Vítimas Feridas,Plena Noite,Céu Claro,Simples,Sim,Motocicleta,Lesões Leves,28.0,Masculino
171292.0,2018-11-12,RN,304.0,MACAIBA,Desobediência às normas de trânsito pelo condutor,Colisão transversal,Com Vítimas Feridas,Plena Noite,Céu Claro,Simples,Sim,Automóvel,Ileso,34.0,Masculino
171309.0,2018-11-13,RN,101.0,NATAL,Falta de Atenção à Condução,Colisão lateral,Com Vítimas Feridas,Pleno dia,Céu Claro,Múltipla,Sim,Utilitário,Ileso,39.0,Masculino
171309.0,2018-11-13,RN,101.0,NATAL,Falta de Atenção à Condução,Colisão lateral,Com Vítimas Feridas,Pleno dia,Céu Claro,Múltipla,Sim,Motocicleta,Lesões Leves,51.0,Masculino
171310.0,2018-11-13,RN,405.0,TABOLEIRO GRANDE,Velocidade Incompatível,Saída de leito carroçável,Com Vítimas Feridas,Pleno dia,Céu Claro,Simples,Não,Caminhão,Lesões Leves,44.0,Masculino
171386.0,2018-11-13,RN,406.0,SAO GONCALO DO AMARANTE,Falta de Atenção à Condução,Colisão lateral,Com Vítimas Feridas,Plena Noite,Céu Claro,Dupla,Sim,Motocicleta,Lesões Leves,32.0,Masculino
171386.0,2018-11-13,RN,406.0,SAO GONCALO DO AMARANTE,Falta de Atenção à Condução,Colisão lateral,Com Vítimas Feridas,Plena Noite,Céu Claro,Dupla,Sim,Motocicleta,Lesões Graves,34.0,Masculino
171386.0,2018-11-13,RN,406.0,SAO GONCALO DO AMARANTE,Falta de Atenção à Condução,Colisão lateral,Com Vítimas Feridas,Plena Noite,Céu Claro,Dupla,Sim,Automóvel,Ileso,44.0,Masculino
171445.0,2018-11-14,RN,304.0,PARNAMIRIM,Agressão Externa,Capotamento,Com Vítimas Fatais,Amanhecer,Sol,Simples,Sim,Caminhonete,Óbito,49.0,Masculino
171445.0,2018-11-14,RN,304.0,PARNAMIRIM,Agressão Externa,Capotamento,Com Vítimas Fatais,Amanhecer,Sol,Simples,Sim,Caminhonete,Lesões Leves,56.0,Masculino
171472.0,2018-11-14,RN,304.0,MOSSORO,Desobediência às normas de trânsito pelo condutor,Colisão traseira,Com Vítimas Feridas,Pleno dia,Céu Claro,Simples,Sim,Automóvel,Lesões Leves,68.0,Masculino
171472.0,2018-11-14,RN,304.0,MOSSORO,Desobediência às normas de trânsito pelo condutor,Colisão traseira,Com Vítimas Feridas,Pleno dia,Céu Claro,Simples,Sim,Utilitário,Ileso,33.0,Masculino
171472.0,2018-11-14,RN,304.0,MOSSORO,Desobediência às normas de trânsito pelo condutor,Colisão traseira,Com Vítimas Feridas,Pleno dia,Céu Claro,Simples,Sim,Automóvel,Ileso,27.0,Feminino
171472.0,2018-11-14,RN,304.0,MOSSORO,Desobediência às normas de trânsito pelo condutor,Colisão traseira,Com Vítimas Feridas,Pleno dia,Céu Claro,Simples,Sim,Automóvel,Ileso,26.0,Feminino
171472.0,2018-11-14,RN,304.0,MOSSORO,Desobediência às normas de trânsito pelo condutor,Colisão traseira,Com Vítimas Feridas,Pleno dia,Céu Claro,Simples,Sim,Utilitário,Ileso,41.0,Masculino
171472.0,2018-11-14,RN,304.0,MOSSORO,Desobediência às normas de trânsito pelo condutor,Colisão traseira,Com Vítimas Feridas,Pleno dia,Céu Claro,Simples,Sim,Utilitário,Ileso,30.0,Masculino
171482.0,2018-11-14,RN,101.0,NATAL,Desobediência às normas de trânsito pelo condutor,Colisão transversal,Com Vítimas Feridas,Pleno dia,Céu Claro,Dupla,Sim,Automóvel,Ileso,72.0,Masculino
171482.0,2018-11-14,RN,101.0,NATAL,Desobediência às normas de trânsito pelo condutor,Colisão transversal,Com Vítimas Feridas,Pleno dia,Céu Claro,Dupla,Sim,Motocicleta,Lesões Leves,41.0,Feminino
171482.0,2018-11-14,RN,101.0,NATAL,Desobediência às normas de trânsito pelo condutor,Colisão transversal,Com Vítimas Feridas,Pleno dia,Céu Claro,Dupla,Sim,Motocicleta,Lesões Leves,45.0,Masculino
171505.0,2018-11-14,RN,427.0,CAICO,Falta de Atenção à Condução,Colisão transversal,Com Vítimas Feridas,Pleno dia,Céu Claro,Simples,Sim,Motoneta,Lesões Leves,29.0,Masculino
171505.0,2018-11-14,RN,427.0,CAICO,Falta de Atenção à Condução,Colisão transversal,Com Vítimas Feridas,Pleno dia,Céu Claro,Simples,Sim,Camioneta,Ileso,51.0,Feminino
171505.0,2018-11-14,RN,427.0,CAICO,Falta de Atenção à Condução,Colisão transversal,Com Vítimas Feridas,Pleno dia,Céu Claro,Simples,Sim,Motoneta,Lesões Graves,76.0,Masculino
171514.0,2018-11-14,RN,101.0,NATAL,Defeito Mecânico no Veículo,Capotamento,Com Vítimas Feridas,Pleno dia,Céu Claro,Múltipla,Sim,Automóvel,Lesões Graves,20.0,Masculino
171514.0,2018-11-14,RN,101.0,NATAL,Defeito Mecânico no Veículo,Capotamento,Com Vítimas Feridas,Pleno dia,Céu Claro,Múltipla,Sim,Caminhonete,Ileso,52.0,Masculino
171605.0,2018-11-14,RN,101.0,PARNAMIRIM,Não guardar distância de segurança,Colisão traseira,Sem Vítimas,Plena Noite,Nublado,Dupla,Sim,Automóvel,Ileso,47.0,Feminino
171605.0,2018-11-14,RN,101.0,PARNAMIRIM,Não guardar distância de segurança,Colisão traseira,Sem Vítimas,Plena Noite,Nublado,Dupla,Sim,Caminhonete,Ileso,38.0,Masculino
171700.0,2018-11-15,RN,110.0,MOSSORO,Desobediência às normas de trânsito pelo condutor,Colisão transversal,Com Vítimas Feridas,Pleno dia,Céu Claro,Simples,Sim,Automóvel,Ileso,29.0,Masculino
171700.0,2018-11-15,RN,110.0,MOSSORO,Desobediência às normas de trânsito pelo condutor,Colisão transversal,Com Vítimas Feridas,Pleno dia,Céu Claro,Simples,Sim,Motoneta,Lesões Leves,41.0,Feminino
171714.0,2018-11-15,RN,427.0,SERRA NEGRA DO NORTE,Defeito na Via,Saída de leito carroçável,Com Vítimas Feridas,Pleno dia,Céu Claro,Simples,Não,Automóvel,Ileso,44.0,Feminino
171714.0,2018-11-15,RN,427.0,SERRA NEGRA DO NORTE,Defeito na Via,Saída de leito carroçável,Com Vítimas Feridas,Pleno dia,Céu Claro,Simples,Não,Automóvel,Lesões Graves,53.0,Feminino
171714.0,2018-11-15,RN,427.0,SERRA NEGRA DO NORTE,Defeito na Via,Saída de leito carroçável,Com Vítimas Feridas,Pleno dia,Céu Claro,Simples,Não,Automóvel,Lesões Leves,63.0,Feminino
171813.0,2018-11-15,RN,304.0,MOSSORO,Desobediência às normas de trânsito pelo condutor,Colisão transversal,Com Vítimas Feridas,Plena Noite,Céu Claro,Simples,Sim,Automóvel,Não Informado,,Não Informado
171813.0,2018-11-15,RN,304.0,MOSSORO,Desobediência às normas de trânsito pelo condutor,Colisão transversal,Com Vítimas Feridas,Plena Noite,Céu Claro,Simples,Sim,Motocicleta,Lesões Graves,18.0,Masculino
171848.0,2018-11-15,RN,101.0,PARNAMIRIM,Falta de Atenção à Condução,Colisão traseira,Com Vítimas Feridas,Plena Noite,Céu Claro,Dupla,Sim,Motocicleta,Lesões Graves,49.0,Masculino
171848.0,2018-11-15,RN,101.0,PARNAMIRIM,Falta de Atenção à Condução,Colisão traseira,Com Vítimas Feridas,Plena Noite,Céu Claro,Dupla,Sim,Automóvel,Ileso,33.0,Masculino
171857.0,2018-11-15,RN,405.0,MOSSORO,Deficiência ou não Acionamento do Sistema de Iluminação/Sinalização do Veículo,Colisão traseira,Com Vítimas Feridas,Plena Noite,Céu Claro,Simples,Sim,Carroça-charrete,Ileso,,Masculino
171857.0,2018-11-15,RN,405.0,MOSSORO,Deficiência ou não Acionamento do Sistema de Iluminação/Sinalização do Veículo,Colisão traseira,Com Vítimas Feridas,Plena Noite,Céu Claro,Simples,Sim,Ciclomotor,Lesões Leves,31.0,Masculino
171857.0,2018-11-15,RN,405.0,MOSSORO,Deficiência ou não Acionamento do Sistema de Iluminação/Sinalização do Veículo,Colisão traseira,Com Vítimas Feridas,Plena Noite,Céu Claro,Simples,Sim,Ciclomotor,Lesões Leves,54.0,Feminino
171963.0,2018-11-16,RN,304.0,MOSSORO,Falta de Atenção à Condução,Colisão traseira,Com Vítimas Feridas,Pleno dia,Céu Claro,Dupla,Sim,Automóvel,Ileso,38.0,Masculino
171963.0,2018-11-16,RN,304.0,MOSSORO,Falta de Atenção à Condução,Colisão traseira,Com Vítimas Feridas,Pleno dia,Céu Claro,Dupla,Sim,Automóvel,Lesões Leves,68.0,Feminino
172069.0,2018-11-16,RN,101.0,NATAL,Desobediência às normas de trânsito pelo condutor,Colisão transversal,Sem Vítimas,Plena Noite,Céu Claro,Dupla,Sim,Automóvel,Ileso,57.0,Masculino
172069.0,2018-11-16,RN,101.0,NATAL,Desobediência às normas de trânsito pelo condutor,Colisão transversal,Sem Vítimas,Plena Noite,Céu Claro,Dupla,Sim,Automóvel,Ileso,52.0,Masculino
172157.0,2018-11-17,RN,427.0,CAICO,Falta de Atenção à Condução,Colisão lateral,Com Vítimas Feridas,Pleno dia,Céu Claro,Simples,Sim,Micro-ônibus,Ileso,53.0,Masculino
172157.0,2018-11-17,RN,427.0,CAICO,Falta de Atenção à Condução,Colisão lateral,Com Vítimas Feridas,Pleno dia,Céu Claro,Simples,Sim,Motocicleta,Lesões Leves,27.0,Masculino
172169.0,2018-11-17,RN,101.0,SAO GONCALO DO AMARANTE,Falta de Atenção à Condução,Colisão traseira,Com Vítimas Feridas,Pleno dia,Céu Claro,Dupla,Sim,Motocicleta,Lesões Leves,40.0,Masculino
172169.0,2018-11-17,RN,101.0,SAO GONCALO DO AMARANTE,Falta de Atenção à Condução,Colisão traseira,Com Vítimas Feridas,Pleno dia,Céu Claro,Dupla,Sim,Ciclomotor,Lesões Graves,,Feminino
172169.0,2018-11-17,RN,101.0,SAO GONCALO DO AMARANTE,Falta de Atenção à Condução,Colisão traseira,Com Vítimas Feridas,Pleno dia,Céu Claro,Dupla,Sim,Ciclomotor,Lesões Leves,16.0,Masculino
172183.0,2018-11-17,RN,101.0,SAO GONCALO DO AMARANTE,Desobediência às normas de trânsito pelo condutor,Colisão traseira,Sem Vítimas,Pleno dia,Céu Claro,Dupla,Não,Utilitário,Ileso,26.0,Masculino
172183.0,2018-11-17,RN,101.0,SAO GONCALO DO AMARANTE,Desobediência às normas de trânsito pelo condutor,Colisão traseira,Sem Vítimas,Pleno dia,Céu Claro,Dupla,Não,Ônibus,Ileso,39.0,Masculino
172278.0,2018-11-17,RN,101.0,NATAL,Falta de Atenção do Pedestre,Atropelamento de Pedestre,Com Vítimas Feridas,Plena Noite,Céu Claro,Múltipla,Sim,Motocicleta,Lesões Leves,28.0,Masculino
172278.0,2018-11-17,RN,101.0,NATAL,Falta de Atenção do Pedestre,Atropelamento de Pedestre,Com Vítimas Feridas,Plena Noite,Céu Claro,Múltipla,Sim,Motocicleta,Lesões Leves,,Masculino
172299.0,2018-11-17,RN,406.0,POCO BRANCO,Animais na Pista,Atropelamento de Animal,Com Vítimas Feridas,Plena Noite,Céu Claro,Simples,Não,Motocicleta,Lesões Graves,,Masculino
172299.0,2018-11-17,RN,406.0,POCO BRANCO,Animais na Pista,Atropelamento de Animal,Com Vítimas Feridas,Plena Noite,Céu Claro,Simples,Não,Motocicleta,Lesões Leves,,Masculino
172337.0,2018-11-10,RN,101.0,GOIANINHA,Ingestão de Álcool,Colisão frontal,Com Vítimas Feridas,Plena Noite,Céu Claro,Dupla,Sim,Automóvel,Ileso,41.0,Masculino
172337.0,2018-11-10,RN,101.0,GOIANINHA,Ingestão de Álcool,Colisão frontal,Com Vítimas Feridas,Plena Noite,Céu Claro,Dupla,Sim,Automóvel,Lesões Leves,28.0,Feminino
172337.0,2018-11-10,RN,101.0,GOIANINHA,Ingestão de Álcool,Colisão frontal,Com Vítimas Feridas,Plena Noite,Céu Claro,Dupla,Sim,Automóvel,Ileso,32.0,Masculino
172372.0,2018-11-18,RN,101.0,NATAL,Desobediência às normas de trânsito pelo condutor,Colisão lateral,Com Vítimas Feridas,Pleno dia,Sol,Dupla,Sim,Ônibus,Ileso,30.0,Masculino
172372.0,2018-11-18,RN,101.0,NATAL,Desobediência às normas de trânsito pelo condutor,Colisão lateral,Com Vítimas Feridas,Pleno dia,Sol,Dupla,Sim,Motocicleta,Ileso,21.0,Masculino
172372.0,2018-11-18,RN,101.0,NATAL,Desobediência às normas de trânsito pelo condutor,Colisão lateral,Com Vítimas Feridas,Pleno dia,Sol,Dupla,Sim,Motocicleta,Lesões Leves,15.0,Masculino
172379.0,2018-11-18,RN,304.0,MACAIBA,Não guardar distância de segurança,Colisão traseira,Sem Vítimas,Pleno dia,Céu Claro,Simples,Não,Automóvel,Ileso,32.0,Masculino
172379.0,2018-11-18,RN,304.0,MACAIBA,Não guardar distância de segurança,Colisão traseira,Sem Vítimas,Pleno dia,Céu Claro,Simples,Não,Camioneta,Ileso,26.0,Masculino
172414.0,2018-11-18,RN,101.0,NATAL,Falta de Atenção à Condução,Colisão traseira,Com Vítimas Feridas,Pleno dia,Céu Claro,Dupla,Sim,Automóvel,Ileso,36.0,Feminino
172414.0,2018-11-18,RN,101.0,NATAL,Falta de Atenção à Condução,Colisão traseira,Com Vítimas Feridas,Pleno dia,Céu Claro,Dupla,Sim,Motocicleta,Lesões Leves,34.0,Masculino
172418.0,2018-11-18,RN,226.0,SANTA CRUZ,Ingestão de Álcool,Colisão transversal,Com Vítimas Feridas,Pleno dia,Céu Claro,Simples,Não,Automóvel,Ileso,35.0,Feminino
172418.0,2018-11-18,RN,226.0,SANTA CRUZ,Ingestão de Álcool,Colisão transversal,Com Vítimas Feridas,Pleno dia,Céu Claro,Simples,Não,Bicicleta,Lesões Leves,,Masculino
172455.0,2018-11-18,RN,427.0,SERRA NEGRA DO NORTE,Mal Súbito,Colisão com objeto estático,Com Vítimas Feridas,Pleno dia,Céu Claro,Simples,Não,Motocicleta,Não Informado,,Não Informado
172455.0,2018-11-18,RN,427.0,SERRA NEGRA DO NORTE,Mal Súbito,Colisão com objeto estático,Com Vítimas Feridas,Pleno dia,Céu Claro,Simples,Não,Motocicleta,Lesões Graves,51.0,Masculino
172471.0,2018-11-18,RN,304.0,PARNAMIRIM,Ingestão de álcool e/ou substâncias psicoativas pelo pedestre,Saída de leito carroçável,Com Vítimas Feridas,Plena Noite,Nublado,Dupla,Não,Automóvel,Lesões Leves,21.0,Masculino
172471.0,2018-11-18,RN,304.0,PARNAMIRIM,Ingestão de álcool e/ou substâncias psicoativas pelo pedestre,Saída de leito carroçável,Com Vítimas Feridas,Plena Noite,Nublado,Dupla,Não,Automóvel,Ileso,34.0,Masculino
172471.0,2018-11-18,RN,304.0,PARNAMIRIM,Ingestão de álcool e/ou substâncias psicoativas pelo pedestre,Saída de leito carroçável,Com Vítimas Feridas,Plena Noite,Nublado,Dupla,Não,Automóvel,Ileso,24.0,Feminino
172554.0,2018-11-19,RN,101.0,SAO JOSE DE MIPIBU,Não guardar distância de segurança,Colisão traseira,Com Vítimas Feridas,Plena Noite,Nublado,Dupla,Sim,Outros,Não Informado,,Não Informado
172554.0,2018-11-19,RN,101.0,SAO JOSE DE MIPIBU,Não guardar distância de segurança,Colisão traseira,Com Vítimas Feridas,Plena Noite,Nublado,Dupla,Sim,Motocicleta,Lesões Graves,31.0,Masculino
172626.0,2018-11-19,RN,101.0,PARNAMIRIM,Não guardar distância de segurança,Colisão traseira,Com Vítimas Feridas,Pleno dia,Céu Claro,Múltipla,Sim,Motocicleta,Lesões Leves,29.0,Masculino
172626.0,2018-11-19,RN,101.0,PARNAMIRIM,Não guardar distância de segurança,Colisão traseira,Com Vítimas Feridas,Pleno dia,Céu Claro,Múltipla,Sim,Micro-ônibus,Ileso,32.0,Masculino
172707.0,2018-11-19,RN,406.0,CEARA-MIRIM,Falta de Atenção à Condução,Colisão transversal,Com Vítimas Feridas,Anoitecer,Céu Claro,Simples,Sim,Carroça-charrete,Lesões Graves,35.0,Feminino
172707.0,2018-11-19,RN,406.0,CEARA-MIRIM,Falta de Atenção à Condução,Colisão transversal,Com Vítimas Feridas,Anoitecer,Céu Claro,Simples,Sim,Carroça-charrete,Lesões Leves,1.0,Feminino
172707.0,2018-11-19,RN,406.0,CEARA-MIRIM,Falta de Atenção à Condução,Colisão transversal,Com Vítimas Feridas,Anoitecer,Céu Claro,Simples,Sim,Carroça-charrete,Lesões Leves,2.0,Feminino