id,data_inversa,uf,br,municipio,causa_acidente,tipo_acidente,classificacao_acidente,fase_dia,condicao_metereologica,tipo_pista,uso_solo,tipo_veiculo,estado_fisico,idade,sexo
172707.0,2018-11-19,RN,406.0,CEARA-MIRIM,Falta de Atenção à Condução,Colisão transversal,Com Vítimas Feridas,Anoitecer,Céu Claro,Simples,Sim,Carroça-charrete,Ileso,26.0,Masculino
172707.0,2018-11-19,RN,406.0,CEARA-MIRIM,Falta de Atenção à Condução,Colisão transversal,Com Vítimas Feridas,Anoitecer,Céu Claro,Simples,Sim,Automóvel,Ileso,37.0,Masculino
172734.0,2018-11-19,RN,406.0,CEARA-MIRIM,Desobediência às normas de trânsito pelo condutor,Colisão frontal,Com Vítimas Feridas,Plena Noite,Céu Claro,Simples,Sim,Motocicleta,Lesões Leves,18.0,Masculino
172734.0,2018-11-19,RN,406.0,CEARA-MIRIM,Desobediência às normas de trânsito pelo condutor,Colisão frontal,Com Vítimas Feridas,Plena Noite,Céu Claro,Simples,Sim,Motocicleta,Lesões Leves,32.0,Masculino
172767.0,2018-11-20,RN,101.0,PARNAMIRIM,Não guardar distância de segurança,Colisão lateral,Com Vítimas Feridas,Pleno dia,Sol,Dupla,Sim,Caminhão,Ileso,23.0,Masculino
172767.0,2018-11-20,RN,101.0,PARNAMIRIM,Não guardar distância de segurança,Colisão lateral,Com Vítimas Feridas,Pleno dia,Sol,Dupla,Sim,Bicicleta,Lesões Leves,32.0,Masculino
172767.0,2018-11-20,RN,101.0,PARNAMIRIM,Não guardar distância de segurança,Colisão lateral,Com Vítimas Feridas,Pleno dia,Sol,Dupla,Sim,Caminhão,Ileso,40.0,Masculino
172837.0,2018-11-20,RN,110.0,MOSSORO,Falta de Atenção à Condução,Colisão transversal,Com Vítimas Feridas,Pleno dia,Céu Claro,Simples,Sim,Motocicleta,Lesões Leves,21.0,Feminino
172837.0,2018-11-20,RN,110.0,MOSSORO,Falta de Atenção à Condução,Colisão transversal,Com Vítimas Feridas,Pleno dia,Céu Claro,Simples,Sim,Automóvel,Não Informado,,Não Informado
172897.0,2018-11-20,RN,101.0,SAO JOSE DE MIPIBU,Falta de Atenção à Condução,Saída de leito carroçável,Com Vítimas Feridas,Plena Noite,Céu Claro,Dupla,Não,Motocicleta,Lesões Leves,63.0,Masculino
172897.0,2018-11-20,RN,101.0,SAO JOSE DE MIPIBU,Falta de Atenção à Condução,Saída de leito carroçável,Com Vítimas Feridas,Plena Noite,Céu Claro,Dupla,Não,Motocicleta,Ileso,42.0,Masculino
172909.0,2018-11-20,RN,405.0,MOSSORO,Deficiência ou não Acionamento do Sistema de Iluminação/Sinalização do Veículo,Colisão traseira,Com Vítimas Feridas,Plena Noite,Céu Claro,Simples,Não,Carroça-charrete,Não Informado,,Não Informado
172909.0,2018-11-20,RN,405.0,MOSSORO,Deficiência ou não Acionamento do Sistema de Iluminação/Sinalização do Veículo,Colisão traseira,Com Vítimas Feridas,Plena Noite,Céu Claro,Simples,Não,Motocicleta,Lesões Graves,35.0,Masculino
172909.0,2018-11-20,RN,405.0,MOSSORO,Deficiência ou não Acionamento do Sistema de Iluminação/Sinalização do Veículo,Colisão traseira,Com Vítimas Feridas,Plena Noite,Céu Claro,Simples,Não,Motocicleta,Lesões Leves,28.0,Feminino
172935.0,2018-11-20,RN,110.0,MOSSORO,Falta de Atenção à Condução,Colisão traseira,Com Vítimas Feridas,Plena Noite,Ignorado,Simples,Sim,Automóvel,Ileso,48.0,Masculino
172935.0,2018-11-20,RN,110.0,MOSSORO,Falta de Atenção à Condução,Colisão traseira,Com Vítimas Feridas,Plena Noite,Ignorado,Simples,Sim,Motocicleta,Lesões Leves,22.0,Masculino
173001.0,2018-10-24,RN,304.0,MOSSORO,Falta de Atenção à Condução,Colisão lateral,Sem Vítimas,Pleno dia,Céu Claro,Dupla,Sim,Automóvel,Ileso,37.0,Masculino
173001.0,2018-10-24,RN,304.0,MOSSORO,Falta de Atenção à Condução,Colisão lateral,Sem Vítimas,Pleno dia,Céu Claro,Dupla,Sim,Caminhão-trator,Ileso,,Ignorado
173012.0,2018-11-21,RN,101.0,PARNAMIRIM,Falta de Atenção à Condução,Colisão lateral,Com Vítimas Feridas,Pleno dia,Céu Claro,Dupla,Sim,Motocicleta,Lesões Leves,67.0,Masculino
173012.0,2018-11-21,RN,101.0,PARNAMIRIM,Falta de Atenção à Condução,Colisão lateral,Com Vítimas Feridas,Pleno dia,Céu Claro,Dupla,Sim,Automóvel,Ileso,,Masculino
173012.0,2018-11-21,RN,101.0,PARNAMIRIM,Falta de Atenção à Condução,Colisão lateral,Com Vítimas Feridas,Pleno dia,Céu Claro,Dupla,Sim,Motocicleta,Lesões Leves,46.0,Feminino
173060.0,2018-11-21,RN,101.0,NATAL,Falta de Atenção à Condução,Colisão transversal,Com Vítimas Feridas,Pleno dia,Céu Claro,Múltipla,Sim,Automóvel,Ileso,44.0,Masculino
173060.0,2018-11-21,RN,101.0,NATAL,Falta de Atenção à Condução,Colisão transversal,Com Vítimas Feridas,Pleno dia,Céu Claro,Múltipla,Sim,Motocicleta,Lesões Leves,24.0,Masculino
173297.0,2018-11-23,RN,304.0,MACAIBA,Condutor Dormindo,Colisão traseira,Com Vítimas Feridas,Plena Noite,Céu Claro,Simples,Sim,Automóvel,Ileso,28.0,Masculino
173297.0,2018-11-23,RN,304.0,MACAIBA,Condutor Dormindo,Colisão traseira,Com Vítimas Feridas,Plena Noite,Céu Claro,Simples,Sim,Automóvel,Lesões Leves,34.0,Masculino
173297.0,2018-11-23,RN,304.0,MACAIBA,Condutor Dormindo,Colisão traseira,Com Vítimas Feridas,Plena Noite,Céu Claro,Simples,Sim,Automóvel,Lesões Leves,45.0,Feminino
173317.0,2018-11-23,RN,406.0,GUAMARE,Velocidade Incompatível,Colisão frontal,Com Vítimas Fatais,Pleno dia,Céu Claro,Simples,Não,Ônibus,Ileso,36.0,Masculino
173317.0,2018-11-23,RN,406.0,GUAMARE,Velocidade Incompatível,Colisão frontal,Com Vítimas Fatais,Pleno dia,Céu Claro,Simples,Não,Automóvel,Óbito,27.0,Masculino
173340.0,2018-06-22,RN,304.0,MOSSORO,Desobediência às normas de trânsito pelo condutor,Colisão transversal,Com Vítimas Feridas,Plena Noite,Céu Claro,Dupla,Sim,Ciclomotor,Lesões Leves,24.0,Masculino
173340.0,2018-06-22,RN,304.0,MOSSORO,Desobediência às normas de trânsito pelo condutor,Colisão transversal,Com Vítimas Feridas,Plena Noite,Céu Claro,Dupla,Sim,Ciclomotor,Lesões Leves,27.0,Feminino
173385.0,2018-11-23,RN,101.0,PARNAMIRIM,Velocidade Incompatível,Colisão traseira,Sem Vítimas,Pleno dia,Céu Claro,Dupla,Sim,Caminhão,Ileso,36.0,Masculino
173385.0,2018-11-23,RN,101.0,PARNAMIRIM,Velocidade Incompatível,Colisão traseira,Sem Vítimas,Pleno dia,Céu Claro,Dupla,Sim,Automóvel,Ileso,50.0,Feminino
173385.0,2018-11-23,RN,101.0,PARNAMIRIM,Velocidade Incompatível,Colisão traseira,Sem Vítimas,Pleno dia,Céu Claro,Dupla,Sim,Automóvel,Ileso,37.0,Feminino
173385.0,2018-11-23,RN,101.0,PARNAMIRIM,Velocidade Incompatível,Colisão traseira,Sem Vítimas,Pleno dia,Céu Claro,Dupla,Sim,Automóvel,Ileso,45.0,Masculino
173394.0,2018-11-23,RN,110.0,MOSSORO,Desobediência às normas de trânsito pelo condutor,Colisão transversal,Com Vítimas Feridas,Pleno dia,Céu Claro,Simples,Sim,Automóvel,Ileso,22.0,Feminino
173394.0,2018-11-23,RN,110.0,MOSSORO,Desobediência às normas de trânsito pelo condutor,Colisão transversal,Com Vítimas Feridas,Pleno dia,Céu Claro,Simples,Sim,Ciclomotor,Lesões Graves,32.0,Masculino
173524.0,2018-11-23,RN,101.0,NATAL,Não guardar distância de segurança,Colisão traseira,Com Vítimas Feridas,Plena Noite,Céu Claro,Dupla,Sim,Motocicleta,Lesões Leves,25.0,Masculino
173524.0,2018-11-23,RN,101.0,NATAL,Não guardar distância de segurança,Colisão traseira,Com Vítimas Feridas,Plena Noite,Céu Claro,Dupla,Sim,Automóvel,Ileso,45.0,Masculino
173603.0,2018-11-24,RN,101.0,NATAL,Pista Escorregadia,Tombamento,Com Vítimas Feridas,Pleno dia,Céu Claro,Dupla,Sim,Motocicleta,Lesões Leves,27.0,Feminino
173603.0,2018-11-24,RN,101.0,NATAL,Pista Escorregadia,Tombamento,Com Vítimas Feridas,Pleno dia,Céu Claro,Dupla,Sim,Motocicleta,Lesões Leves,31.0,Masculino
173673.0,2018-11-24,RN,405.0,MOSSORO,Falta de Atenção à Condução,Saída de leito carroçável,Com Vítimas Fatais,Pleno dia,Céu Claro,Simples,Não,Motocicleta,Óbito,30.0,Masculino
173686.0,2018-11-24,RN,101.0,PARNAMIRIM,Ingestão de Álcool,Colisão traseira,Com Vítimas Feridas,Pleno dia,Céu Claro,Dupla,Não,Automóvel,Ileso,42.0,Masculino
173686.0,2018-11-24,RN,101.0,PARNAMIRIM,Ingestão de Álcool,Colisão traseira,Com Vítimas Feridas,Pleno dia,Céu Claro,Dupla,Não,Motocicleta,Lesões Leves,37.0,Masculino
173686.0,2018-11-24,RN,101.0,PARNAMIRIM,Ingestão de Álcool,Colisão traseira,Com Vítimas Feridas,Pleno dia,Céu Claro,Dupla,Não,Motocicleta,Lesões Leves,49.0,Masculino
173728.0,2018-11-24,RN,226.0,JUCURUTU,Restrição de Visibilidade,Colisão traseira,Com Vítimas Feridas,Plena Noite,Nublado,Simples,Sim,Caminhonete,Ileso,29.0,Masculino
173728.0,2018-11-24,RN,226.0,JUCURUTU,Restrição de Visibilidade,Colisão traseira,Com Vítimas Feridas,Plena Noite,Nublado,Simples,Sim,Ciclomotor,Lesões Leves,51.0,Masculino
173751.0,2018-11-24,RN,110.0,MOSSORO,Animais na Pista,Atropelamento de Animal,Com Vítimas Feridas,Plena Noite,Céu Claro,Dupla,Sim,Motocicleta,Lesões Leves,23.0,Masculino
173821.0,2018-11-25,RN,427.0,CAICO,Defeito Mecânico no Veículo,Queda de ocupante de veículo,Com Vítimas Feridas,Pleno dia,Céu Claro,Simples,Sim,Motocicleta,Lesões Leves,21.0,Masculino
173821.0,2018-11-25,RN,427.0,CAICO,Defeito Mecânico no Veículo,Queda de ocupante de veículo,Com Vítimas Feridas,Pleno dia,Céu Claro,Simples,Sim,Motocicleta,Lesões Leves,21.0,Feminino
173881.0,2018-11-25,RN,304.0,SANTA MARIA,Não guardar distância de segurança,Colisão traseira,Com Vítimas Feridas,Pleno dia,Sol,Simples,Não,Motocicleta,Lesões Graves,31.0,Feminino
173881.0,2018-11-25,RN,304.0,SANTA MARIA,Não guardar distância de segurança,Colisão traseira,Com Vítimas Feridas,Pleno dia,Sol,Simples,Não,Motocicleta,Lesões Leves,37.0,Masculino
173881.0,2018-11-25,RN,304.0,SANTA MARIA,Não guardar distância de segurança,Colisão traseira,Com Vítimas Feridas,Pleno dia,Sol,Simples,Não,Motocicleta,Ileso,25.0,Masculino
173967.0,2018-11-25,RN,101.0,NATAL,Ingestão de Álcool,Colisão traseira,Sem Vítimas,Pleno dia,Céu Claro,Simples,Sim,Automóvel,Ileso,30.0,Masculino
173967.0,2018-11-25,RN,101.0,NATAL,Ingestão de Álcool,Colisão traseira,Sem Vítimas,Pleno dia,Céu Claro,Simples,Sim,Motoneta,Ileso,46.0,Masculino
174067.0,2018-11-26,RN,226.0,MACAIBA,Avarias e/ou desgaste excessivo no pneu,Saída de leito carroçável,Com Vítimas Feridas,Pleno dia,Céu Claro,Simples,Não,Motocicleta,Lesões Leves,25.0,Feminino
174067.0,2018-11-26,RN,226.0,MACAIBA,Avarias e/ou desgaste excessivo no pneu,Saída de leito carroçável,Com Vítimas Feridas,Pleno dia,Céu Claro,Simples,Não,Motocicleta,Lesões Graves,27.0,Masculino
174162.0,2018-11-26,RN,226.0,AUGUSTO SEVERO,Falta de Atenção à Condução,Tombamento,Com Vítimas Feridas,Pleno dia,Céu Claro,Simples,Não,Automóvel,Lesões Leves,33.0,Masculino
174401.0,2018-07-14,RN,101.0,NATAL,Defeito Mecânico no Veículo,Queda de ocupante de veículo,Com Vítimas Feridas,Pleno dia,Ignorado,Múltipla,Sim,Motocicleta,Não Informado,,Não Informado
174401.0,2018-07-14,RN,101.0,NATAL,Defeito Mecânico no Veículo,Queda de ocupante de veículo,Com Vítimas Feridas,Pleno dia,Ignorado,Múltipla,Sim,Motocicleta,Lesões Graves,22.0,Masculino
174458.0,2018-11-27,RN,427.0,CURRAIS NOVOS,Desobediência às normas de trânsito pelo condutor,Colisão frontal,Com Vítimas Feridas,Plena Noite,Céu Claro,Simples,Sim,Motoneta,Lesões Graves,44.0,Masculino
174458.0,2018-11-27,RN,427.0,CURRAIS NOVOS,Desobediência às normas de trânsito pelo condutor,Colisão frontal,Com Vítimas Feridas,Plena Noite,Céu Claro,Simples,Sim,Automóvel,Ileso,21.0,Masculino
174458.0,2018-11-27,RN,427.0,CURRAIS NOVOS,Desobediência às normas de trânsito pelo condutor,Colisão frontal,Com Vítimas Feridas,Plena Noite,Céu Claro,Simples,Sim,Motoneta,Lesões Graves,30.0,Feminino
174627.0,2018-11-28,RN,101.0,PARNAMIRIM,Pista Escorregadia,Tombamento,Com Vítimas Feridas,Plena Noite,Céu Claro,Simples,Sim,Motocicleta,Lesões Leves,26.0,Masculino
174734.0,2018-10-18,RN,304.0,MOSSORO,Velocidade Incompatível,Colisão com objeto estático,Sem Vítimas,Pleno dia,Céu Claro,Dupla,Sim,Caminhão,Ileso,38.0,Masculino
174754.0,2018-11-29,RN,427.0,JARDIM DO SERIDO,Defeito Mecânico no Veículo,Tombamento,Sem Vítimas,Pleno dia,Céu Claro,Simples,Não,Caminhão,Ileso,26.0,Masculino
174921.0,2018-11-30,RN,427.0,CAICO,Falta de Atenção à Condução,Queda de ocupante de veículo,Com Vítimas Feridas,Pleno dia,Céu Claro,Simples,Sim,Motoneta,Lesões Graves,43.0,Feminino
174999.0,2018-11-30,RN,427.0,CAICO,Não guardar distância de segurança,Colisão lateral,Com Vítimas Feridas,Anoitecer,Céu Claro,Simples,Sim,Motocicleta,Não Informado,,Não Informado
174999.0,2018-11-30,RN,427.0,CAICO,Não guardar distância de segurança,Colisão lateral,Com Vítimas Feridas,Anoitecer,Céu Claro,Simples,Sim,Motocicleta,Lesões Graves,30.0,Masculino
174999.0,2018-11-30,RN,427.0,CAICO,Não guardar distância de segurança,Colisão lateral,Com Vítimas Feridas,Anoitecer,Céu Claro,Simples,Sim,Motocicleta,Não Informado,,Não Informado
175255.0,2018-12-01,RN,110.0,MOSSORO,Falta de Atenção à Condução,Colisão lateral,Com Vítimas Feridas,Plena Noite,Céu Claro,Dupla,Sim,Automóvel,Ileso,53.0,Masculino
175255.0,2018-12-01,RN,110.0,MOSSORO,Falta de Atenção à Condução,Colisão lateral,Com Vítimas Feridas,Plena Noite,Céu Claro,Dupla,Sim,Automóvel,Lesões Leves,54.0,Masculino
175255.0,2018-12-01,RN,110.0,MOSSORO,Falta de Atenção à Condução,Colisão lateral,Com Vítimas Feridas,Plena Noite,Céu Claro,Dupla,Sim,Automóvel,Ileso,26.0,Masculino
175503.0,2018-12-02,RN,304.0,MACAIBA,Animais na Pista,Atropelamento de Animal,Com Vítimas Feridas,Anoitecer,Céu Claro,Simples,Sim,Motocicleta,Lesões Leves,50.0,Masculino
175503.0,2018-12-02,RN,304.0,MACAIBA,Animais na Pista,Atropelamento de Animal,Com Vítimas Feridas,Anoitecer,Céu Claro,Simples,Sim,Motocicleta,Lesões Leves,40.0,Feminino
175512.0,2018-12-02,RN,110.0,MOSSORO,Não guardar distância de segurança,Colisão traseira,Com Vítimas Feridas,Plena Noite,Céu Claro,Dupla,Sim,Automóvel,Ileso,44.0,Masculino
175512.0,2018-12-02,RN,110.0,MOSSORO,Não guardar distância de segurança,Colisão traseira,Com Vítimas Feridas,Plena Noite,Céu Claro,Dupla,Sim,Ciclomotor,Lesões Graves,17.0,Masculino
175512.0,2018-12-02,RN,110.0,MOSSORO,Não guardar distância de segurança,Colisão traseira,Com Vítimas Feridas,Plena Noite,Céu Claro,Dupla,Sim,Ciclomotor,Lesões Leves,19.0,Masculino
175518.0,2018-12-02,RN,101.0,CANGUARETAMA,Ingestão de álcool e/ou substâncias psicoativas pelo pedestre,Capotamento,Com Vítimas Feridas,Plena Noite,Céu Claro,Dupla,Sim,Automóvel,Lesões Graves,58.0,Feminino
175518.0,2018-12-02,RN,101.0,CANGUARETAMA,Ingestão de álcool e/ou substâncias psicoativas pelo pedestre,Capotamento,Com Vítimas Feridas,Plena Noite,Céu Claro,Dupla,Sim,Automóvel,Lesões Leves,43.0,Feminino
175518.0,2018-12-02,RN,101.0,CANGUARETAMA,Ingestão de álcool e/ou substâncias psicoativas pelo pedestre,Capotamento,Com Vítimas Feridas,Plena Noite,Céu Claro,Dupla,Sim,Automóvel,Lesões Graves,23.0,Masculino
175518.0,2018-12-02,RN,101.0,CANGUARETAMA,Ingestão de álcool e/ou substâncias psicoativas pelo pedestre,Capotamento,Com Vítimas Feridas,Plena Noite,Céu Claro,Dupla,Sim,Automóvel,Lesões Leves,19.0,Masculino
175518.0,2018-12-02,RN,101.0,CANGUARETAMA,Ingestão de álcool e/ou substâncias psicoativas pelo pedestre,Capotamento,Com Vítimas Feridas,Plena Noite,Céu Claro,Dupla,Sim,Automóvel,Lesões Graves,,Masculino
175550.0,2018-12-02,RN,304.0,MOSSORO,Desobediência às normas de trânsito pelo condutor,Colisão frontal,Com Vítimas Feridas,Plena Noite,Céu Claro,Dupla,Sim,Motocicleta,Lesões Graves,23.0,Masculino
175550.0,2018-12-02,RN,304.0,MOSSORO,Desobediência às normas de trânsito pelo condutor,Colisão frontal,Com Vítimas Feridas,Plena Noite,Céu Claro,Dupla,Sim,Caminhonete,Ileso,52.0,Masculino
175656.0,2018-11-16,RN,101.0,PARNAMIRIM,Falta de Atenção à Condução,Colisão lateral,Com Vítimas Feridas,Pleno dia,Céu Claro,Múltipla,Sim,Automóvel,Ileso,,Masculino
175656.0,2018-11-16,RN,101.0,PARNAMIRIM,Falta de Atenção à Condução,Colisão lateral,Com Vítimas Feridas,Pleno dia,Céu Claro,Múltipla,Sim,Motocicleta,Lesões Leves,25.0,Feminino
175663.0,2018-12-03,RN,405.0,MOSSORO,Não guardar distância de segurança,Colisão lateral,Com Vítimas Feridas,Pleno dia,Sol,Simples,Sim,Motocicleta,Ileso,18.0,Masculino
175663.0,2018-12-03,RN,405.0,MOSSORO,Não guardar distância de segurança,Colisão lateral,Com Vítimas Feridas,Pleno dia,Sol,Simples,Sim,Motocicleta,Lesões Leves,48.0,Masculino
175706.0,2018-12-03,RN,226.0,NATAL,Desobediência às normas de trânsito pelo condutor,Colisão transversal,Com Vítimas Feridas,Pleno dia,Céu Claro,Simples,Sim,Automóvel,Ileso,38.0,Masculino
175706.0,2018-12-03,RN,226.0,NATAL,Desobediência às normas de trânsito pelo condutor,Colisão transversal,Com Vítimas Feridas,Pleno dia,Céu Claro,Simples,Sim,Motocicleta,Lesões Leves,31.0,Masculino
175706.0,2018-12-03,RN,226.0,NATAL,Desobediência às normas de trânsito pelo condutor,Colisão transversal,Com Vítimas Feridas,Pleno dia,Céu Claro,Simples,Sim,Motocicleta,Lesões Leves,26.0,Feminino
175769.0,2018-12-03,RN,406.0,JOAO CAMARA,Ultrapassagem Indevida,Colisão lateral,Com Vítimas Feridas,Plena Noite,Céu Claro,Simples,Não,Caminhonete,Ileso,31.0,Masculino
175769.0,2018-12-03,RN,406.0,JOAO CAMARA,Ultrapassagem Indevida,Colisão lateral,Com Vítimas Feridas,Plena Noite,Céu Claro,Simples,Não,Motocicleta,Lesões Graves,17.0,Masculino
175822.0,2018-12-04,RN,101.0,PARNAMIRIM,Não guardar distância de segurança,Colisão traseira,Com Vítimas Feridas,Pleno dia,Nublado,Dupla,Sim,Automóvel,Ileso,31.0,Masculino
175822.0,2018-12-04,RN,101.0,PARNAMIRIM,Não guardar distância de segurança,Colisão traseira,Com Vítimas Feridas,Pleno dia,Nublado,Dupla,Sim,Motocicleta,Ileso,23.0,Masculino
175822.0,2018-12-04,RN,101.0,PARNAMIRIM,Não guardar distância de segurança,Colisão traseira,Com Vítimas Feridas,Pleno dia,Nublado,Dupla,Sim,Motocicleta,Lesões Leves,17.0,Feminino
175857.0,2018-12-04,RN,101.0,PARNAMIRIM,Falta de Atenção à Condução,Colisão traseira,Com Vítimas Feridas,Pleno dia,Céu Claro,Dupla,Sim,Caminhonete,Ileso,37.0,Masculino
175857.0,2018-12-04,RN,101.0,PARNAMIRIM,Falta de Atenção à Condução,Colisão traseira,Com Vítimas Feridas,Pleno dia,Céu Claro,Dupla,Sim,Ciclomotor,Lesões Leves,17.0,Masculino
175869.0,2018-12-04,RN,101.0,NATAL,Falta de Atenção à Condução,Colisão lateral,Com Vítimas Feridas,Anoitecer,Céu Claro,Dupla,Sim,Motocicleta,Lesões Leves,19.0,Masculino
175869.0,2018-12-04,RN,101.0,NATAL,Falta de Atenção à Condução,Colisão lateral,Com Vítimas Feridas,Anoitecer,Céu Claro,Dupla,Sim,Motocicleta,Ileso,29.0,Masculino
175869.0,2018-12-04,RN,101.0,NATAL,Falta de Atenção à Condução,Colisão lateral,Com Vítimas Feridas,Anoitecer,Céu Claro,Dupla,Sim,Ônibus,Ileso,47.0,Masculino
175981.0,2018-12-05,RN,110.0,MOSSORO,Desobediência às normas de trânsito pelo condutor,Colisão transversal,Com Vítimas Feridas,Pleno dia,Nublado,Simples,Sim,Motocicleta,Não Informado,,Não Informado
175981.0,2018-12-05,RN,110.0,MOSSORO,Desobediência às normas de trânsito pelo condutor,Colisão transversal,Com Vítimas Feridas,Pleno dia,Nublado,Simples,Sim,Motocicleta,Lesões Leves,28.0,Masculino
175994.0,2018-12-05,RN,104.0,MACAU,Desobediência às normas de trânsito pelo condutor,Saída de leito carroçável,Com Vítimas Feridas,Pleno dia,Céu Claro,Simples,Não,Automóvel,Lesões Leves,31.0,Masculino
175994.0,2018-12-05,RN,104.0,MACAU,Desobediência às normas de trânsito pelo condutor,Saída de leito carroçável,Com Vítimas Feridas,Pleno dia,Céu Claro,Simples,Não,Automóvel,Ileso,42.0,Masculino
175995.0,2018-12-05,RN,110.0,MOSSORO,Falta de Atenção à Condução,Colisão transversal,Com Vítimas Feridas,Pleno dia,Céu Claro,Simples,Sim,Motocicleta,Lesões Leves,41.0,Masculino
175995.0,2018-12-05,RN,110.0,MOSSORO,Falta de Atenção à Condução,Colisão transversal,Com Vítimas Feridas,Pleno dia,Céu Claro,Simples,Sim,Motoneta,Ileso,35.0,Masculino
176226.0,2018-12-05,RN,101.0,NATAL,Falta de Atenção à Condução,Colisão lateral,Sem Vítimas,Pleno dia,Céu Claro,Simples,Sim,Automóvel,Ileso,50.0,Masculino
176226.0,2018-12-05,RN,101.0,NATAL,Falta de Atenção à Condução,Colisão lateral,Sem Vítimas,Pleno dia,Céu Claro,Simples,Sim,Automóvel,Ileso,30.0,Masculino
176230.0,2018-12-06,RN,101.0,CANGUARETAMA,Falta de Atenção do Pedestre,Atropelamento de Pedestre,Com Vítimas Fatais,Pleno dia,Céu Claro,Dupla,Sim,Automóvel,Ileso,22.0,Feminino
176230.0,2018-12-06,RN,101.0,CANGUARETAMA,Falta de Atenção do Pedestre,Atropelamento de Pedestre,Com Vítimas Fatais,Pleno dia,Céu Claro,Dupla,Sim,Automóvel,Óbito,53.0,Masculino
176249.0,2018-12-06,RN,101.0,NATAL,Não guardar distância de segurança,Colisão traseira,Com Vítimas Feridas,Pleno dia,Céu Claro,Dupla,Sim,Automóvel,Ileso,64.0,Feminino
176249.0,2018-12-06,RN,101.0,NATAL,Não guardar distância de segurança,Colisão traseira,Com Vítimas Feridas,Pleno dia,Céu Claro,Dupla,Sim,Motocicleta,Lesões Leves,28.0,Masculino
176252.0,2018-12-06,RN,405.0,APODI,Falta de Atenção à Condução,Colisão traseira,Com Vítimas Feridas,Pleno dia,Sol,Simples,Não,Automóvel,Ileso,35.0,Feminino
176252.0,2018-12-06,RN,405.0,APODI,Falta de Atenção à Condução,Colisão traseira,Com Vítimas Feridas,Pleno dia,Sol,Simples,Não,Automóvel,Ileso,64.0,Masculino
176252.0,2018-12-06,RN,405.0,APODI,Falta de Atenção à Condução,Colisão traseira,Com Vítimas Feridas,Pleno dia,Sol,Simples,Não,Automóvel,Ileso,15.0,Masculino
176252.0,2018-12-06,RN,405.0,APODI,Falta de Atenção à Condução,Colisão traseira,Com Vítimas Feridas,Pleno dia,Sol,Simples,Não,Automóvel,Lesões Graves,66.0,Feminino
176384.0,2018-12-07,RN,101.0,NATAL,Desobediência às normas de trânsito pelo condutor,Colisão lateral,Com Vítimas Feridas,Pleno dia,Céu Claro,Dupla,Sim,Automóvel,Ileso,52.0,Feminino
176384.0,2018-12-07,RN,101.0,NATAL,Desobediência às normas de trânsito pelo condutor,Colisão lateral,Com Vítimas Feridas,Pleno dia,Céu Claro,Dupla,Sim,Motocicleta,Lesões Leves,27.0,Masculino
176441.0,2018-12-07,RN,304.0,MOSSORO,Falta de Atenção à Condução,Colisão lateral,Com Vítimas Feridas,Pleno dia,Sol,Simples,Não,Caminhonete,Ileso,48.0,Masculino
176441.0,2018-12-07,RN,304.0,MOSSORO,Falta de Atenção à Condução,Colisão lateral,Com Vítimas Feridas,Pleno dia,Sol,Simples,Não,Motocicleta,Lesões Leves,58.0,Masculino
176483.0,2018-12-07,RN,427.0,CAICO,Falta de Atenção à Condução,Colisão transversal,Com Vítimas Feridas,Pleno dia,Céu Claro,Simples,Sim,Automóvel,Ileso,21.0,Feminino
176483.0,2018-12-07,RN,427.0,CAICO,Falta de Atenção à Condução,Colisão transversal,Com Vítimas Feridas,Pleno dia,Céu Claro,Simples,Sim,Motocicleta,Lesões Leves,29.0,Masculino
176487.0,2018-12-07,RN,406.0,SAO GONCALO DO AMARANTE,Desobediência às normas de trânsito pelo condutor,Colisão transversal,Com Vítimas Feridas,Plena Noite,Céu Claro,Dupla,Não,Automóvel,Ileso,22.0,Masculino
176487.0,2018-12-07,RN,406.0,SAO GONCALO DO AMARANTE,Desobediência às normas de trânsito pelo condutor,Colisão transversal,Com Vítimas Feridas,Plena Noite,Céu Claro,Dupla,Não,Caminhonete,Ileso,34.0,Masculino
176487.0,2018-12-07,RN,406.0,SAO GONCALO DO AMARANTE,Desobediência às normas de trânsito pelo condutor,Colisão transversal,Com Vítimas Feridas,Plena Noite,Céu Claro,Dupla,Não,Automóvel,Ileso,22.0,Feminino
176487.0,2018-12-07,RN,406.0,SAO GONCALO DO AMARANTE,Desobediência às normas de trânsito pelo condutor,Colisão transversal,Com Vítimas Feridas,Plena Noite,Céu Claro,Dupla,Não,Automóvel,Lesões Leves,6.0,Masculino
176487.0,2018-12-07,RN,406.0,SAO GONCALO DO AMARANTE,Desobediência às normas de trânsito pelo condutor,Colisão transversal,Com Vítimas Feridas,Plena Noite,Céu Claro,Dupla,Não,Automóvel,Ileso,2.0,Masculino
176535.0,2018-12-08,RN,101.0,NATAL,Ingestão de Álcool,Colisão traseira,Sem Vítimas,Plena Noite,Céu Claro,Dupla,Sim,Camioneta,Ileso,58.0,Masculino