id,data_inversa,uf,br,municipio,causa_acidente,tipo_acidente,classificacao_acidente,fase_dia,condicao_metereologica,tipo_pista,uso_solo,tipo_veiculo,estado_fisico,idade,sexo
176535.0,2018-12-08,RN,101.0,NATAL,Ingestão de Álcool,Colisão traseira,Sem Vítimas,Plena Noite,Céu Claro,Dupla,Sim,Motocicleta,Ileso,37.0,Masculino
176670.0,2018-12-08,RN,405.0,PAU DOS FERROS,Falta de Atenção à Condução,Colisão lateral,Com Vítimas Feridas,Pleno dia,Céu Claro,Simples,Sim,Automóvel,Lesões Leves,20.0,Masculino
176670.0,2018-12-08,RN,405.0,PAU DOS FERROS,Falta de Atenção à Condução,Colisão lateral,Com Vítimas Feridas,Pleno dia,Céu Claro,Simples,Sim,Motocicleta,Lesões Graves,35.0,Masculino
176699.0,2018-12-08,RN,405.0,APODI,Deficiência ou não Acionamento do Sistema de Iluminação/Sinalização do Veículo,Colisão frontal,Com Vítimas Feridas,Plena Noite,Céu Claro,Simples,Não,Caminhão,Ileso,31.0,Masculino
176699.0,2018-12-08,RN,405.0,APODI,Deficiência ou não Acionamento do Sistema de Iluminação/Sinalização do Veículo,Colisão frontal,Com Vítimas Feridas,Plena Noite,Céu Claro,Simples,Não,Motocicleta,Lesões Graves,58.0,Masculino
176707.0,2018-12-08,RN,226.0,SENADOR ELOI DE SOUZA,Falta de Atenção à Condução,Colisão transversal,Com Vítimas Feridas,Anoitecer,Céu Claro,Simples,Sim,Automóvel,Lesões Graves,56.0,Masculino
176707.0,2018-12-08,RN,226.0,SENADOR ELOI DE SOUZA,Falta de Atenção à Condução,Colisão transversal,Com Vítimas Feridas,Anoitecer,Céu Claro,Simples,Sim,Automóvel,Lesões Graves,,Feminino
176707.0,2018-12-08,RN,226.0,SENADOR ELOI DE SOUZA,Falta de Atenção à Condução,Colisão transversal,Com Vítimas Feridas,Anoitecer,Céu Claro,Simples,Sim,Automóvel,Lesões Graves,,Feminino
176707.0,2018-12-08,RN,226.0,SENADOR ELOI DE SOUZA,Falta de Atenção à Condução,Colisão transversal,Com Vítimas Feridas,Anoitecer,Céu Claro,Simples,Sim,Utilitário,Lesões Leves,21.0,Masculino
176707.0,2018-12-08,RN,226.0,SENADOR ELOI DE SOUZA,Falta de Atenção à Condução,Colisão transversal,Com Vítimas Feridas,Anoitecer,Céu Claro,Simples,Sim,Utilitário,Lesões Leves,50.0,Masculino
176707.0,2018-12-08,RN,226.0,SENADOR ELOI DE SOUZA,Falta de Atenção à Condução,Colisão transversal,Com Vítimas Feridas,Anoitecer,Céu Claro,Simples,Sim,Utilitário,Lesões Graves,33.0,Feminino
176707.0,2018-12-08,RN,226.0,SENADOR ELOI DE SOUZA,Falta de Atenção à Condução,Colisão transversal,Com Vítimas Feridas,Anoitecer,Céu Claro,Simples,Sim,Utilitário,Lesões Leves,34.0,Masculino
176707.0,2018-12-08,RN,226.0,SENADOR ELOI DE SOUZA,Falta de Atenção à Condução,Colisão transversal,Com Vítimas Feridas,Anoitecer,Céu Claro,Simples,Sim,Utilitário,Lesões Graves,22.0,Feminino
176722.0,2018-12-08,RN,110.0,MOSSORO,Falta de Atenção à Condução,Atropelamento de Pedestre,Com Vítimas Feridas,Plena Noite,Céu Claro,Dupla,Sim,Automóvel,Ileso,57.0,Masculino
176722.0,2018-12-08,RN,110.0,MOSSORO,Falta de Atenção à Condução,Atropelamento de Pedestre,Com Vítimas Feridas,Plena Noite,Céu Claro,Dupla,Sim,Automóvel,Não Informado,,Não Informado
176722.0,2018-12-08,RN,110.0,MOSSORO,Falta de Atenção à Condução,Atropelamento de Pedestre,Com Vítimas Feridas,Plena Noite,Céu Claro,Dupla,Sim,Automóvel,Lesões Leves,40.0,Masculino
176767.0,2018-12-08,RN,304.0,MACAIBA,Falta de Atenção à Condução,Saída de leito carroçável,Com Vítimas Feridas,Plena Noite,Céu Claro,Dupla,Não,Caminhonete,Lesões Leves,,Ignorado
176778.0,2018-12-08,RN,101.0,PARNAMIRIM,Ingestão de Álcool,Colisão traseira,Com Vítimas Feridas,Plena Noite,Céu Claro,Dupla,Sim,Motoneta,Lesões Leves,40.0,Feminino
176778.0,2018-12-08,RN,101.0,PARNAMIRIM,Ingestão de Álcool,Colisão traseira,Com Vítimas Feridas,Plena Noite,Céu Claro,Dupla,Sim,Automóvel,Ileso,24.0,Masculino
176971.0,2018-12-09,RN,304.0,MOSSORO,Falta de Atenção do Pedestre,Colisão transversal,Com Vítimas Fatais,Plena Noite,Ignorado,Dupla,Sim,Automóvel,Ileso,30.0,Masculino
176971.0,2018-12-09,RN,304.0,MOSSORO,Falta de Atenção do Pedestre,Colisão transversal,Com Vítimas Fatais,Plena Noite,Ignorado,Dupla,Sim,Automóvel,Óbito,56.0,Masculino
176981.0,2018-12-09,RN,101.0,SAO JOSE DE MIPIBU,Ingestão de Álcool,Colisão traseira,Sem Vítimas,Plena Noite,Céu Claro,Dupla,Não,Automóvel,Ileso,28.0,Masculino
176981.0,2018-12-09,RN,101.0,SAO JOSE DE MIPIBU,Ingestão de Álcool,Colisão traseira,Sem Vítimas,Plena Noite,Céu Claro,Dupla,Não,Automóvel,Ileso,35.0,Masculino
177034.0,2018-12-09,RN,406.0,JOAO CAMARA,Desobediência às normas de trânsito pelo condutor,Colisão lateral,Com Vítimas Feridas,Plena Noite,Vento,Simples,Sim,Automóvel,Ileso,26.0,Masculino
177034.0,2018-12-09,RN,406.0,JOAO CAMARA,Desobediência às normas de trânsito pelo condutor,Colisão lateral,Com Vítimas Feridas,Plena Noite,Vento,Simples,Sim,Automóvel,Lesões Leves,32.0,Masculino
177034.0,2018-12-09,RN,406.0,JOAO CAMARA,Desobediência às normas de trânsito pelo condutor,Colisão lateral,Com Vítimas Feridas,Plena Noite,Vento,Simples,Sim,Automóvel,Ileso,19.0,Masculino
177101.0,2018-12-10,RN,406.0,JOAO CAMARA,Falta de Atenção à Condução,Colisão transversal,Com Vítimas Feridas,Pleno dia,Garoa/Chuvisco,Simples,Não,Caminhonete,Ileso,,Masculino
177101.0,2018-12-10,RN,406.0,JOAO CAMARA,Falta de Atenção à Condução,Colisão transversal,Com Vítimas Feridas,Pleno dia,Garoa/Chuvisco,Simples,Não,Motocicleta,Lesões Leves,28.0,Masculino
177185.0,2018-12-10,RN,304.0,MOSSORO,Defeito Mecânico no Veículo,Capotamento,Com Vítimas Feridas,Pleno dia,Nublado,Simples,Não,Caminhonete,Lesões Leves,67.0,Masculino
177202.0,2018-12-10,RN,405.0,APODI,Desobediência às normas de trânsito pelo condutor,Colisão lateral,Com Vítimas Feridas,Pleno dia,Nublado,Simples,Sim,Caminhonete,Ileso,84.0,Masculino
177202.0,2018-12-10,RN,405.0,APODI,Desobediência às normas de trânsito pelo condutor,Colisão lateral,Com Vítimas Feridas,Pleno dia,Nublado,Simples,Sim,Motocicleta,Lesões Graves,32.0,Masculino
177261.0,2018-12-10,RN,101.0,PARNAMIRIM,Falta de Atenção do Pedestre,Atropelamento de Pedestre,Com Vítimas Feridas,Plena Noite,Garoa/Chuvisco,Dupla,Sim,Motocicleta,Ileso,33.0,Masculino
177261.0,2018-12-10,RN,101.0,PARNAMIRIM,Falta de Atenção do Pedestre,Atropelamento de Pedestre,Com Vítimas Feridas,Plena Noite,Garoa/Chuvisco,Dupla,Sim,Motocicleta,Lesões Leves,44.0,Feminino
177320.0,2018-12-11,RN,304.0,PARNAMIRIM,Falta de Atenção à Condução,Colisão transversal,Com Vítimas Feridas,Pleno dia,Nublado,Dupla,Não,Bicicleta,Lesões Leves,51.0,Masculino
177320.0,2018-12-11,RN,304.0,PARNAMIRIM,Falta de Atenção à Condução,Colisão transversal,Com Vítimas Feridas,Pleno dia,Nublado,Dupla,Não,Automóvel,Ileso,43.0,Masculino
177334.0,2018-12-11,RN,304.0,MOSSORO,Falta de Atenção à Condução,Queda de ocupante de veículo,Com Vítimas Feridas,Pleno dia,Céu Claro,Dupla,Sim,Motocicleta,Lesões Leves,35.0,Feminino
177471.0,2018-12-11,RN,226.0,TANGARA,Animais na Pista,Atropelamento de Animal,Sem Vítimas,Plena Noite,Céu Claro,Simples,Não,Automóvel,Ileso,35.0,Masculino
177471.0,2018-12-11,RN,226.0,TANGARA,Animais na Pista,Atropelamento de Animal,Sem Vítimas,Plena Noite,Céu Claro,Simples,Não,Automóvel,Ileso,54.0,Masculino
177471.0,2018-12-11,RN,226.0,TANGARA,Animais na Pista,Atropelamento de Animal,Sem Vítimas,Plena Noite,Céu Claro,Simples,Não,Automóvel,Ileso,39.0,Masculino
177485.0,2018-12-11,RN,304.0,MACAIBA,Animais na Pista,Atropelamento de Animal,Com Vítimas Feridas,Plena Noite,Garoa/Chuvisco,Dupla,Não,Automóvel,Lesões Leves,25.0,Masculino
177485.0,2018-12-11,RN,304.0,MACAIBA,Animais na Pista,Atropelamento de Animal,Com Vítimas Feridas,Plena Noite,Garoa/Chuvisco,Dupla,Não,Automóvel,Lesões Leves,33.0,Masculino
177518.0,2018-12-12,RN,226.0,BOM JESUS,Falta de Atenção à Condução,Capotamento,Com Vítimas Feridas,Pleno dia,Sol,Simples,Não,Automóvel,Ileso,44.0,Masculino
177518.0,2018-12-12,RN,226.0,BOM JESUS,Falta de Atenção à Condução,Capotamento,Com Vítimas Feridas,Pleno dia,Sol,Simples,Não,Motocicleta,Lesões Leves,27.0,Masculino
177569.0,2018-12-12,RN,110.0,MOSSORO,Ingestão de Álcool,Colisão traseira,Com Vítimas Feridas,Pleno dia,Céu Claro,Dupla,Sim,Automóvel,Lesões Leves,22.0,Feminino
177569.0,2018-12-12,RN,110.0,MOSSORO,Ingestão de Álcool,Colisão traseira,Com Vítimas Feridas,Pleno dia,Céu Claro,Dupla,Sim,Automóvel,Ileso,31.0,Masculino
177569.0,2018-12-12,RN,110.0,MOSSORO,Ingestão de Álcool,Colisão traseira,Com Vítimas Feridas,Pleno dia,Céu Claro,Dupla,Sim,Automóvel,Lesões Leves,34.0,Feminino
177674.0,2018-12-12,RN,406.0,JOAO CAMARA,Animais na Pista,Atropelamento de Animal,Com Vítimas Feridas,Plena Noite,Céu Claro,Simples,Não,Caminhonete,Lesões Leves,50.0,Masculino
177674.0,2018-12-12,RN,406.0,JOAO CAMARA,Animais na Pista,Atropelamento de Animal,Com Vítimas Feridas,Plena Noite,Céu Claro,Simples,Não,Caminhonete,Lesões Leves,41.0,Feminino
177882.0,2018-12-13,RN,304.0,MOSSORO,Ultrapassagem Indevida,Colisão frontal,Com Vítimas Feridas,Pleno dia,Céu Claro,Simples,Sim,Automóvel,Ileso,33.0,Masculino
177882.0,2018-12-13,RN,304.0,MOSSORO,Ultrapassagem Indevida,Colisão frontal,Com Vítimas Feridas,Pleno dia,Céu Claro,Simples,Sim,Ciclomotor,Lesões Graves,19.0,Masculino
177882.0,2018-12-13,RN,304.0,MOSSORO,Ultrapassagem Indevida,Colisão frontal,Com Vítimas Feridas,Pleno dia,Céu Claro,Simples,Sim,Ciclomotor,Lesões Graves,18.0,Feminino
177904.0,2018-12-13,RN,405.0,RAFAEL FERNANDES,Defeito Mecânico no Veículo,Capotamento,Com Vítimas Feridas,Plena Noite,Céu Claro,Simples,Não,Automóvel,Lesões Leves,15.0,Feminino
177904.0,2018-12-13,RN,405.0,RAFAEL FERNANDES,Defeito Mecânico no Veículo,Capotamento,Com Vítimas Feridas,Plena Noite,Céu Claro,Simples,Não,Automóvel,Lesões Graves,41.0,Feminino
177904.0,2018-12-13,RN,405.0,RAFAEL FERNANDES,Defeito Mecânico no Veículo,Capotamento,Com Vítimas Feridas,Plena Noite,Céu Claro,Simples,Não,Automóvel,Ileso,,Masculino
177904.0,2018-12-13,RN,405.0,RAFAEL FERNANDES,Defeito Mecânico no Veículo,Capotamento,Com Vítimas Feridas,Plena Noite,Céu Claro,Simples,Não,Automóvel,Lesões Leves,23.0,Feminino
177908.0,2018-11-10,RN,226.0,NATAL,Ultrapassagem Indevida,Colisão transversal,Com Vítimas Feridas,Pleno dia,Garoa/Chuvisco,Simples,Não,Caminhão,Ileso,40.0,Masculino
177908.0,2018-11-10,RN,226.0,NATAL,Ultrapassagem Indevida,Colisão transversal,Com Vítimas Feridas,Pleno dia,Garoa/Chuvisco,Simples,Não,Motocicleta,Lesões Graves,37.0,Masculino
177908.0,2018-11-10,RN,226.0,NATAL,Ultrapassagem Indevida,Colisão transversal,Com Vítimas Feridas,Pleno dia,Garoa/Chuvisco,Simples,Não,Motocicleta,Lesões Graves,60.0,Feminino
177942.0,2018-12-13,RN,101.0,PARNAMIRIM,Desobediência às normas de trânsito pelo condutor,Colisão lateral,Com Vítimas Feridas,Plena Noite,Céu Claro,Dupla,Sim,Caminhão-trator,Ileso,33.0,Masculino
177942.0,2018-12-13,RN,101.0,PARNAMIRIM,Desobediência às normas de trânsito pelo condutor,Colisão lateral,Com Vítimas Feridas,Plena Noite,Céu Claro,Dupla,Sim,Motocicleta,Lesões Leves,25.0,Masculino
177989.0,2018-12-14,RN,304.0,MOSSORO,Não guardar distância de segurança,Colisão transversal,Com Vítimas Feridas,Pleno dia,Céu Claro,Dupla,Sim,Motocicleta,Ileso,49.0,Masculino
177989.0,2018-12-14,RN,304.0,MOSSORO,Não guardar distância de segurança,Colisão transversal,Com Vítimas Feridas,Pleno dia,Céu Claro,Dupla,Sim,Motocicleta,Lesões Leves,27.0,Feminino
178005.0,2018-12-14,RN,101.0,NATAL,Falta de Atenção à Condução,Engavetamento,Com Vítimas Feridas,Pleno dia,Sol,Dupla,Sim,Utilitário,Ileso,38.0,Masculino
178005.0,2018-12-14,RN,101.0,NATAL,Falta de Atenção à Condução,Engavetamento,Com Vítimas Feridas,Pleno dia,Sol,Dupla,Sim,Utilitário,Ileso,40.0,Masculino
178005.0,2018-12-14,RN,101.0,NATAL,Falta de Atenção à Condução,Engavetamento,Com Vítimas Feridas,Pleno dia,Sol,Dupla,Sim,Automóvel,Ileso,60.0,Masculino
178005.0,2018-12-14,RN,101.0,NATAL,Falta de Atenção à Condução,Engavetamento,Com Vítimas Feridas,Pleno dia,Sol,Dupla,Sim,Automóvel,Lesões Leves,41.0,Feminino
178005.0,2018-12-14,RN,101.0,NATAL,Falta de Atenção à Condução,Engavetamento,Com Vítimas Feridas,Pleno dia,Sol,Dupla,Sim,Automóvel,Lesões Leves,0.0,Feminino
178005.0,2018-12-14,RN,101.0,NATAL,Falta de Atenção à Condução,Engavetamento,Com Vítimas Feridas,Pleno dia,Sol,Dupla,Sim,Caminhonete,Ileso,51.0,Masculino
178005.0,2018-12-14,RN,101.0,NATAL,Falta de Atenção à Condução,Engavetamento,Com Vítimas Feridas,Pleno dia,Sol,Dupla,Sim,Caminhonete,Ileso,62.0,Masculino
178015.0,2018-12-14,RN,304.0,MOSSORO,Ultrapassagem Indevida,Colisão lateral,Com Vítimas Feridas,Pleno dia,Céu Claro,Simples,Não,Motocicleta,Lesões Leves,38.0,Masculino
178015.0,2018-12-14,RN,304.0,MOSSORO,Ultrapassagem Indevida,Colisão lateral,Com Vítimas Feridas,Pleno dia,Céu Claro,Simples,Não,Motocicleta,Lesões Leves,39.0,Feminino
178015.0,2018-12-14,RN,304.0,MOSSORO,Ultrapassagem Indevida,Colisão lateral,Com Vítimas Feridas,Pleno dia,Céu Claro,Simples,Não,Caminhão,Não Informado,,Não Informado
178100.0,2018-12-14,RN,101.0,NATAL,Falta de Atenção do Pedestre,Atropelamento de Pedestre,Com Vítimas Feridas,Plena Noite,Céu Claro,Dupla,Sim,Motocicleta,Lesões Graves,38.0,Feminino
178100.0,2018-12-14,RN,101.0,NATAL,Falta de Atenção do Pedestre,Atropelamento de Pedestre,Com Vítimas Feridas,Plena Noite,Céu Claro,Dupla,Sim,Motocicleta,Ileso,,Masculino
178134.0,2018-12-14,RN,226.0,JUCURUTU,Pista Escorregadia,Saída de leito carroçável,Com Vítimas Feridas,Plena Noite,Céu Claro,Simples,Não,Automóvel,Lesões Leves,31.0,Feminino
178152.0,2018-12-14,RN,226.0,JUCURUTU,Pista Escorregadia,Saída de leito carroçável,Com Vítimas Feridas,Plena Noite,Céu Claro,Simples,Não,Automóvel,Lesões Leves,19.0,Masculino
178152.0,2018-12-14,RN,226.0,JUCURUTU,Pista Escorregadia,Saída de leito carroçável,Com Vítimas Feridas,Plena Noite,Céu Claro,Simples,Não,Automóvel,Lesões Leves,39.0,Masculino
178157.0,2018-12-14,RN,101.0,NATAL,Falta de Atenção do Pedestre,Atropelamento de Pedestre,Sem Vítimas,Plena Noite,Céu Claro,Dupla,Não,Automóvel,Ileso,77.0,Masculino
178157.0,2018-12-14,RN,101.0,NATAL,Falta de Atenção do Pedestre,Atropelamento de Pedestre,Sem Vítimas,Plena Noite,Céu Claro,Dupla,Não,Automóvel,Ileso,46.0,Masculino
178157.0,2018-12-14,RN,101.0,NATAL,Falta de Atenção do Pedestre,Atropelamento de Pedestre,Sem Vítimas,Plena Noite,Céu Claro,Dupla,Não,Automóvel,Não Informado,,Não Informado
178180.0,2018-12-14,RN,101.0,NATAL,Falta de Atenção à Condução,Colisão lateral,Com Vítimas Feridas,Plena Noite,Céu Claro,Dupla,Sim,Motocicleta,Lesões Leves,21.0,Masculino
178406.0,2018-12-15,RN,406.0,CEARA-MIRIM,Falta de Atenção à Condução,Colisão traseira,Com Vítimas Feridas,Plena Noite,Céu Claro,Simples,Não,Automóvel,Ileso,70.0,Masculino
178406.0,2018-12-15,RN,406.0,CEARA-MIRIM,Falta de Atenção à Condução,Colisão traseira,Com Vítimas Feridas,Plena Noite,Céu Claro,Simples,Não,Ciclomotor,Lesões Graves,,Masculino
178406.0,2018-12-15,RN,406.0,CEARA-MIRIM,Falta de Atenção à Condução,Colisão traseira,Com Vítimas Feridas,Plena Noite,Céu Claro,Simples,Não,Ciclomotor,Lesões Graves,,Masculino
178421.0,2018-12-15,RN,304.0,MOSSORO,Ingestão de Álcool,Colisão lateral,Sem Vítimas,Plena Noite,Céu Claro,Dupla,Sim,Automóvel,Ileso,33.0,Masculino
178421.0,2018-12-15,RN,304.0,MOSSORO,Ingestão de Álcool,Colisão lateral,Sem Vítimas,Plena Noite,Céu Claro,Dupla,Sim,Automóvel,Ileso,38.0,Feminino
178432.0,2018-12-15,RN,226.0,MACAIBA,Falta de Atenção à Condução,Colisão com objeto estático,Com Vítimas Feridas,Plena Noite,Céu Claro,Simples,Sim,Motocicleta,Lesões Graves,31.0,Masculino
178432.0,2018-12-15,RN,226.0,MACAIBA,Falta de Atenção à Condução,Colisão com objeto estático,Com Vítimas Feridas,Plena Noite,Céu Claro,Simples,Sim,Semireboque,Ileso,41.0,Masculino
178445.0,2018-12-15,RN,304.0,ACU,Falta de Atenção à Condução,Colisão lateral,Com Vítimas Feridas,Plena Noite,Céu Claro,Simples,Não,Automóvel,Lesões Leves,44.0,Masculino
178445.0,2018-12-15,RN,304.0,ACU,Falta de Atenção à Condução,Colisão lateral,Com Vítimas Feridas,Plena Noite,Céu Claro,Simples,Não,Utilitário,Ileso,38.0,Masculino
178583.0,2018-12-16,RN,101.0,SAO JOSE DE MIPIBU,Ingestão de Álcool,Colisão traseira,Sem Vítimas,Pleno dia,Céu Claro,Dupla,Sim,Automóvel,Ileso,33.0,Masculino
178583.0,2018-12-16,RN,101.0,SAO JOSE DE MIPIBU,Ingestão de Álcool,Colisão traseira,Sem Vítimas,Pleno dia,Céu Claro,Dupla,Sim,Camioneta,Ileso,63.0,Masculino
178663.0,2018-12-16,RN,101.0,NATAL,Ingestão de Álcool,Colisão traseira,Com Vítimas Feridas,Plena Noite,Chuva,Dupla,Sim,Automóvel,Ileso,25.0,Masculino
178663.0,2018-12-16,RN,101.0,NATAL,Ingestão de Álcool,Colisão traseira,Com Vítimas Feridas,Plena Noite,Chuva,Dupla,Sim,Automóvel,Lesões Leves,32.0,Feminino
178663.0,2018-12-16,RN,101.0,NATAL,Ingestão de Álcool,Colisão traseira,Com Vítimas Feridas,Plena Noite,Chuva,Dupla,Sim,Automóvel,Ileso,30.0,Feminino
178695.0,2018-12-16,RN,226.0,CAMPO REDONDO,Defeito Mecânico no Veículo,Colisão com objeto estático,Sem Vítimas,Pleno dia,Sol,Simples,Não,Caminhonete,Não Informado,,Não Informado
178710.0,2018-12-16,RN,406.0,CEARA-MIRIM,Desobediência às normas de trânsito pelo condutor,Colisão transversal,Com Vítimas Feridas,Plena Noite,Garoa/Chuvisco,Simples,Sim,Motocicleta,Lesões Leves,22.0,Masculino
178710.0,2018-12-16,RN,406.0,CEARA-MIRIM,Desobediência às normas de trânsito pelo condutor,Colisão transversal,Com Vítimas Feridas,Plena Noite,Garoa/Chuvisco,Simples,Sim,Automóvel,Ileso,,Ignorado
178711.0,2018-12-16,RN,405.0,APODI,Animais na Pista,Saída de leito carroçável,Com Vítimas Fatais,Plena Noite,Céu Claro,Simples,Não,Automóvel,Óbito,21.0,Masculino
178788.0,2018-12-17,RN,405.0,ITAU,Falta de Atenção à Condução,Saída de leito carroçável,Com Vítimas Fatais,Plena Noite,Céu Claro,Simples,Não,Motocicleta,Óbito,36.0,Masculino
178791.0,2018-12-17,RN,304.0,MOSSORO,Ultrapassagem Indevida,Colisão lateral,Com Vítimas Feridas,Pleno dia,Céu Claro,Simples,Não,Motoneta,Lesões Graves,52.0,Masculino
178930.0,2018-12-17,RN,406.0,POCO BRANCO,Desobediência às normas de trânsito pelo condutor,Colisão traseira,Com Vítimas Fatais,Plena Noite,Céu Claro,Simples,Não,Automóvel,Lesões Leves,64.0,Masculino
178930.0,2018-12-17,RN,406.0,POCO BRANCO,Desobediência às normas de trânsito pelo condutor,Colisão traseira,Com Vítimas Fatais,Plena Noite,Céu Claro,Simples,Não,Motocicleta,Lesões Graves,20.0,Feminino
178930.0,2018-12-17,RN,406.0,POCO BRANCO,Desobediência às normas de trânsito pelo condutor,Colisão traseira,Com Vítimas Fatais,Plena Noite,Céu Claro,Simples,Não,Motocicleta,Óbito,18.0,Feminino
179190.0,2018-12-19,RN,405.0,ITAU,Não guardar distância de segurança,Colisão traseira,Sem Vítimas,Pleno dia,Céu Claro,Simples,Não,Caminhão,Ileso,53.0,Masculino
179190.0,2018-12-19,RN,405.0,ITAU,Não guardar distância de segurança,Colisão traseira,Sem Vítimas,Pleno dia,Céu Claro,Simples,Não,Caminhão,Ileso,38.0,Masculino
179190.0,2018-12-19,RN,405.0,ITAU,Não guardar distância de segurança,Colisão traseira,Sem Vítimas,Pleno dia,Céu Claro,Simples,Não,Caminhonete,Ileso,40.0,Masculino
179190.0,2018-12-19,RN,405.0,ITAU,Não guardar distância de segurança,Colisão traseira,Sem Vítimas,Pleno dia,Céu Claro,Simples,Não,Caminhão,Ileso,30.0,Masculino
179224.0,2018-12-06,RN,406.0,CEARA-MIRIM,Ultrapassagem Indevida,Colisão transversal,Com Vítimas Fatais,Pleno dia,Céu Claro,Simples,Sim,Motocicleta,Óbito,17.0,Feminino
179224.0,2018-12-06,RN,406.0,CEARA-MIRIM,Ultrapassagem Indevida,Colisão transversal,Com Vítimas Fatais,Pleno dia,Céu Claro,Simples,Sim,Motocicleta,Lesões Leves,35.0,Masculino
179224.0,2018-12-06,RN,406.0,CEARA-MIRIM,Ultrapassagem Indevida,Colisão transversal,Com Vítimas Fatais,Pleno dia,Céu Claro,Simples,Sim,Caminhão,Ileso,46.0,Masculino
179224.0,2018-12-06,RN,406.0,CEARA-MIRIM,Ultrapassagem Indevida,Colisão transversal,Com Vítimas Fatais,Pleno dia,Céu Claro,Simples,Sim,Motocicleta,Lesões Graves,1.0,Masculino
179290.0,2018-12-19,RN,406.0,CEARA-MIRIM,Falta de Atenção à Condução,Colisão traseira,Com Vítimas Feridas,Pleno dia,Céu Claro,Simples,Não,Motocicleta,Lesões Graves,22.0,Masculino
179290.0,2018-12-19,RN,406.0,CEARA-MIRIM,Falta de Atenção à Condução,Colisão traseira,Com Vítimas Feridas,Pleno dia,Céu Claro,Simples,Não,Motocicleta,Lesões Leves,28.0,Feminino
179290.0,2018-12-19,RN,406.0,CEARA-MIRIM,Falta de Atenção à Condução,Colisão traseira,Com Vítimas Feridas,Pleno dia,Céu Claro,Simples,Não,Automóvel,Ileso,64.0,Masculino
179314.0,2018-12-19,RN,101.0,PARNAMIRIM,Falta de Atenção à Condução,Colisão lateral,Com Vítimas Feridas,Anoitecer,Céu Claro,Dupla,Sim,Automóvel,Ileso,,Masculino
179314.0,2018-12-19,RN,101.0,PARNAMIRIM,Falta de Atenção à Condução,Colisão lateral,Com Vítimas Feridas,Anoitecer,Céu Claro,Dupla,Sim,Motocicleta,Lesões Graves,45.0,Masculino
179314.0,2018-12-19,RN,101.0,PARNAMIRIM,Falta de Atenção à Condução,Colisão lateral,Com Vítimas Feridas,Anoitecer,Céu Claro,Dupla,Sim,Motocicleta,Lesões Leves,44.0,Feminino
179336.0,2018-12-19,RN,101.0,NATAL,Desobediência às normas de trânsito pelo condutor,Colisão lateral,Com Vítimas Feridas,Plena Noite,Céu Claro,Dupla,Sim,Motocicleta,Lesões Leves,29.0,Masculino
179336.0,2018-12-19,RN,101.0,NATAL,Desobediência às normas de trânsito pelo condutor,Colisão lateral,Com Vítimas Feridas,Plena Noite,Céu Claro,Dupla,Sim,Motocicleta,Lesões Leves,27.0,Feminino
179336.0,2018-12-19,RN,101.0,NATAL,Desobediência às normas de trânsito pelo condutor,Colisão lateral,Com Vítimas Feridas,Plena Noite,Céu Claro,Dupla,Sim,Automóvel,Não Informado,,Não Informado
179336.0,2018-12-19,RN,101.0,NATAL,Desobediência às normas de trânsito pelo condutor,Colisão lateral,Com Vítimas Feridas,Plena Noite,Céu Claro,Dupla,Sim,Automóvel,Ileso,,Masculino
179365.0,2018-12-19,RN,101.0,NATAL,Desobediência às normas de trânsito pelo condutor,Colisão frontal,Com Vítimas Feridas,Plena Noite,Céu Claro,Dupla,Não,Motocicleta,Lesões Graves,25.0,Masculino
179365.0,2018-12-19,RN,101.0,NATAL,Desobediência às normas de trânsito pelo condutor,Colisão frontal,Com Vítimas Feridas,Plena Noite,Céu Claro,Dupla,Não,Motocicleta,Lesões Graves,29.0,Masculino
179520.0,2018-12-20,RN,101.0,NATAL,Não guardar distância de segurança,Colisão traseira,Com Vítimas Feridas,Pleno dia,Céu Claro,Dupla,Sim,Automóvel,Ileso,51.0,Masculino
179520.0,2018-12-20,RN,101.0,NATAL,Não guardar distância de segurança,Colisão traseira,Com Vítimas Feridas,Pleno dia,Céu Claro,Dupla,Sim,Motocicleta,Lesões Graves,34.0,Masculino
179613.0,2018-12-20,RN,101.0,NATAL,Desobediência às normas de trânsito pelo condutor,Atropelamento de Pedestre,Com Vítimas Feridas,Plena Noite,Céu Claro,Dupla,Sim,Motocicleta,Ileso,,Masculino
179613.0,2018-12-20,RN,101.0,NATAL,Desobediência às normas de trânsito pelo condutor,Atropelamento de Pedestre,Com Vítimas Feridas,Plena Noite,Céu Claro,Dupla,Sim,Motocicleta,Lesões Leves,28.0,Feminino
179646.0,2018-12-21,RN,101.0,PARNAMIRIM,Desobediência às normas de trânsito pelo condutor,Colisão transversal,Com Vítimas Feridas,Plena Noite,Céu Claro,Dupla,Sim,Automóvel,Ileso,65.0,Masculino
179646.0,2018-12-21,RN,101.0,PARNAMIRIM,Desobediência às normas de trânsito pelo condutor,Colisão transversal,Com Vítimas Feridas,Plena Noite,Céu Claro,Dupla,Sim,Automóvel,Lesões Leves,22.0,Feminino
179709.0,2018-12-21,RN,101.0,CANGUARETAMA,Condutor Dormindo,Saída de leito carroçável,Com Vítimas Feridas,Pleno dia,Céu Claro,Dupla,Não,Automóvel,Lesões Leves,25.0,Masculino